date,attributedSalesSameSku1d,campaignBiddingStrategy,unitsSoldClicks1d,attributedSalesSameSku7d,topOfSearchImpressionShare,attributedSalesSameSku14d,royaltyQualifiedBorrows,sales1d,sales7d,addToList,campaignRuleBasedBudgetAmount,attributedSalesSameSku30d,kindleEditionNormalizedPagesRoyalties14d,purchasesSameSku14d,spend,purchasesSameSku1d,campaignBudgetType,unitsSoldSameSku1d,campaignStatus,purchases1d,purchasesSameSku7d,unitsSoldSameSku7d,campaignBudgetAmount,purchases7d,unitsSoldSameSku30d,cost,costPerClick,unitsSoldClicks14d,campaignId,sales14d,clickThroughRate,sales30d,impressions,kindleEditionNormalizedPagesRead14d,campaignApplicableBudgetRuleName,purchasesSameSku30d,purchases14d,unitsSoldClicks30d,qualifiedBorrows,campaignBudgetCurrencyCode,purchases30d,campaignApplicableBudgetRuleId,clicks,campaignName,unitsSoldSameSku14d,unitsSoldClicks7d
2026-03-21,0.0,legacy,0,0.0,,0.0,0,0.0,0.0,0,,0.0,0,0,0.0,0,DAILY_BUDGET,0,ENABLED,0,0,0,100.0,0,0,0.0,0.0,0,146987511663185,0.0,,0.0,0,0,,0,0,0,0,EUR,0,,0,22_12_04_00_iphone xr_ezfit ver.a_sypark_1030,0,0
2026-03-19,0.0,optimizeForSales,0,0.0,,0.0,0,0.0,0.0,0,,0.0,0,0,0.0,0,DAILY_BUDGET,0,ENABLED,0,0,0,5.0,0,0,0.0,0.0,0,213938171769365,0.0,,0.0,0,0,,0,0,0,0,EUR,0,,0,12_20_08_01_SP_wireless charger 15w_PF2004_juseo_2201109,0,0
2026-03-25,0.0,legacy,0,0.0,,0.0,0,0.0,0.0,0,,0.0,0,0,0.0,0,DAILY_BUDGET,0,ENABLED,0,0,0,50.0,0,0,0.0,0.0,0,51970618941123,0.0,,0.0,0,0,,0,0,0,0,EUR,0,,0,ads2_a700_keyword_impr_stella_v2_0821,0,0
2026-03-01,0.0,legacy,0,0.0,,0.0,0,0.0,0.0,0,,0.0,0,0,0.0,0,DAILY_BUDGET,0,ENABLED,0,0,0,50.0,0,0,0.0,0.0,0,199429215367695,0.0,,0.0,0,0,,0,0,0,0,EUR,0,,0,12_11_01_03_iP12/12Pro_CrystalSlot_0223,0,0
2026-03-04,23.52,legacy,2,23.52,28.33,23.52,0,23.52,37.8,0,,23.52,0,1,6.62,1,DAILY_BUDGET,2,PAUSED,1,1,2,20.0,2,2,6.62,0.44,3,301919277283048,37.8,5.263157894736842,37.8,285,0,,1,2,3,0,EUR,2,,15,12_11_01_23_A_Galaxy S25_Brand Keyword_250122,2,3
2026-03-12,0.0,legacy,0,0.0,,0.0,0,0.0,0.0,0,,0.0,0,0,0.0,0,DAILY_BUDGET,0,ENABLED,0,0,0,20.0,0,0,0.0,0.0,0,225834979174564,0.0,,0.0,0,0,,0,0,0,0,EUR,0,,0,nbs1_iphone7_thinfitblack_davidkim_0724_test,0,0
2026-03-10,0.0,optimizeForSales,0,0.0,0.08,0.0,0,0.0,0.0,0,,0.0,0,0,3.64,0,DAILY_BUDGET,0,ENABLED,0,0,0,40.0,0,0,3.64,1.82,0,408939085717034,0.0,0.5681818181818182,0.0,352,0,,0,0,0,0,EUR,0,,2,"12_15_04_03_DE_iPhone 17 Pro Max EZ Fit (B2B, Auto)_Keyword SPN_260202_yeseo",0,0
2026-03-14,0.0,legacy,0,0.0,,0.0,0,0.0,0.0,0,,0.0,0,0,0.0,0,DAILY_BUDGET,0,ENABLED,0,0,0,50.0,0,0,0.0,0.0,0,117818529948368,0.0,,0.0,0,0,,0,0,0,0,EUR,0,,0,22_31_04_00_glass_galtaba10.1_sypark_0812,0,0
2026-03-05,0.0,legacy,0,0.0,,0.0,0,0.0,0.0,0,,0.0,0,0,0.0,0,DAILY_BUDGET,0,ENABLED,0,0,0,15.0,0,0,0.0,0.0,0,234988725316200,0.0,,0.0,0,0,,0,0,0,0,EUR,0,,0,12_20_08_01_PE2015__broad_45w_usb_c_ladegerat_yhjung_2021_11,0,0
2026-03-22,0.0,legacy,0,0.0,,0.0,0,0.0,0.0,0,,0.0,0,0,0.0,0,DAILY_BUDGET,0,ENABLED,0,0,0,60.0,0,0,0.0,0.0,0,120289970648068,0.0,,0.0,0,0,,0,0,0,0,EUR,0,,0,ads2_iP6S_LA_jinny_0725,0,0
2026-03-31,0.0,optimizeForSales,0,0.0,,0.0,0,0.0,0.0,0,,0.0,0,0,0.0,0,DAILY_BUDGET,0,ENABLED,0,0,0,30.0,0,0,0.0,0.0,0,66754994646959,0.0,,0.0,0,0,,0,0,0,0,EUR,0,,0,12_30_04_23_galaxy s23 ultra optik pro_0130_jesung,0,0
2026-03-19,33.6,optimizeForSales,5,50.4,5.21,50.4,0,80.64,112.56,0,,50.4,0,3,42.69,2,DAILY_BUDGET,2,ENABLED,5,3,3,40.0,7,3,42.69,0.97,7,331405569017147,112.56,2.0570359981299675,112.56,2139,0,,3,7,7,0,EUR,7,,44,12_13_20_03_AW Athlex Air 2_SP Auto_subin_260107,3,7
2026-03-11,0.0,optimizeForSales,8,0.0,11.97,0.0,0,130.31,204.47,0,,0.0,0,0,49.89,0,DAILY_BUDGET,0,ENABLED,8,0,0,60.0,12,0,49.89,0.6,12,322571914548297,204.47,0.9622072803153258,204.47,8626,0,,0,12,12,0,EUR,12,,83,12_26_21_01_S314 Series_SP_Jihye_0114,0,12
2026-03-12,0.0,optimizeForSales,0,0.0,0.08,0.0,0,0.0,0.0,0,,0.0,0,0,1.0,0,DAILY_BUDGET,0,ENABLED,0,0,0,50.0,0,0,1.0,1.0,0,482598280924076,0.0,1.5625,0.0,64,0,,0,0,0,0,EUR,0,,1,12_13_26_18_Nintendo Switch 2_Dual Grip_B0DQ67JGXW_Chaeeun_260225,0,0
2026-03-03,0.0,legacy,0,0.0,,0.0,0,0.0,0.0,0,,0.0,0,0,0.0,0,DAILY_BUDGET,0,ENABLED,0,0,0,35.0,0,0,0.0,0.0,0,135558043731117,0.0,,0.0,0,0,,0,0,0,0,EUR,0,,0,22006578_iPhone XS_sunny_1201-123118,0,0
2026-03-06,0.0,legacy,0,0.0,,0.0,0,0.0,0.0,0,,0.0,0,0,0.0,0,DAILY_BUDGET,0,ENABLED,0,0,0,10.0,0,0,0.0,0.0,0,76063339654228,0.0,,0.0,0,0,,0,0,0,0,EUR,0,,0,12_20_08_01_pe2103_yhjung_202201,0,0
2026-03-09,0.0,optimizeForSales,0,0.0,,0.0,0,0.0,0.0,0,,0.0,0,0,0.0,0,DAILY_BUDGET,0,ENABLED,0,0,0,15.0,0,0,0.0,0.0,0,277255173210651,0.0,,0.0,0,0,,0,0,0,0,EUR,0,,0,12_20_08_01_SP_auto_C2000_yhjung_0914,0,0
2026-03-11,0.0,optimizeForSales,0,0.0,0.84,0.0,0,0.0,0.0,0,,0.0,0,0,11.4,0,DAILY_BUDGET,0,ENABLED,0,0,0,30.0,0,0,11.4,1.43,0,320872631938041,0.0,0.3504161191414805,0.0,2283,0,,0,0,0,0,EUR,0,,8,12_11_08_01_EE451EU_SP(Manual Exact)_Subin_260223,0,0
2026-03-01,0.0,legacy,0,0.0,,0.0,0,0.0,0.0,0,,0.0,0,0,0.0,0,DAILY_BUDGET,0,ENABLED,0,0,0,20.0,0,0,0.0,0.0,0,232542485521683,0.0,,0.0,0,0,,0,0,0,0,EUR,0,,0,12_11_01_26_redmi note 10 4g_RA_Manual_Kate_0627,0,0
2026-03-31,0.0,legacy,0,0.0,,0.0,0,0.0,0.0,0,,0.0,0,0,0.0,0,DAILY_BUDGET,0,ENABLED,0,0,0,20.0,0,0,0.0,0.0,0,110332988183436,0.0,,0.0,0,0,,0,0,0,0,EUR,0,,0,12_20_08_01_SP_F316W_wireless charger_exact_jsmun_0622,0,0
2026-03-15,0.0,legacy,0,0.0,,0.0,0,0.0,0.0,0,,0.0,0,0,0.0,0,DAILY_BUDGET,0,ENABLED,0,0,0,50.0,0,0,0.0,0.0,0,194641908039253,0.0,,0.0,0,0,,0,0,0,0,EUR,0,,0,22_15_06_00_A1100(DE)1016_lcho,0,0
2026-03-05,0.0,optimizeForSales,0,0.0,,0.0,0,0.0,0.0,0,,0.0,0,0,0.0,0,DAILY_BUDGET,0,PAUSED,0,0,0,60.0,0,0,0.0,0.0,0,507826746500063,0.0,,0.0,0,0,,0,0,0,0,EUR,0,,0,13_14_00_00_LD201-S4_SP_Jihye_0114,0,0
2026-03-18,0.0,legacy,0,0.0,,0.0,0,0.0,0.0,0,,0.0,0,0,0.0,0,DAILY_BUDGET,0,ENABLED,0,0,0,15.0,0,0,0.0,0.0,0,126409995185885,0.0,,0.0,0,0,,0,0,0,0,EUR,0,,0,22_20_06_01_SP_F316W_wireless charger_exact_jsmun_0525,0,0
2026-03-03,0.0,legacy,0,0.0,,0.0,0,0.0,0.0,0,,0.0,0,0,0.0,0,DAILY_BUDGET,0,ENABLED,0,0,0,15.0,0,0,0.0,0.0,0,274955503221738,0.0,,0.0,0,0,,0,0,0,0,EUR,0,,0,12_20_08_01_SP_Exact_F31QC_yhjung-1005,0,0
2026-03-28,0.0,legacy,0,0.0,,0.0,0,0.0,0.0,0,,0.0,0,0,0.0,0,DAILY_BUDGET,0,ENABLED,0,0,0,15.0,0,0,0.0,0.0,0,208725669537873,0.0,,0.0,0,0,,0,0,0,0,EUR,0,,0,12_20_08_01_SP_F309W_qi ladestation_phrase_jsmun_0706,0,0
2026-03-24,0.0,legacy,0,0.0,,0.0,0,0.0,0.0,0,,0.0,0,0,0.0,0,DAILY_BUDGET,0,ENABLED,0,0,0,15.0,0,0,0.0,0.0,0,158897344774467,0.0,,0.0,0,0,,0,0,0,0,EUR,0,,0,22_20_06_01_SP_F31QC_zigarettenanzünder usb_exact_jsmun_0525,0,0
2026-03-09,0.0,legacy,0,0.0,,0.0,0,0.0,0.0,0,,0.0,0,0,0.0,0,DAILY_BUDGET,0,ENABLED,0,0,0,200.0,0,0,0.0,0.0,0,219186965497997,0.0,,0.0,0,0,,0,0,0,0,EUR,0,,0,12_11_01_03_iP12/12Pro_LA_Jinny_210708,0,0
2026-03-07,0.0,legacy,0,0.0,,0.0,0,0.0,0.0,0,,0.0,0,0,0.0,0,DAILY_BUDGET,0,ENABLED,0,0,0,50.0,0,0,0.0,0.0,0,129976190682886,0.0,,0.0,0,0,,0,0,0,0,EUR,0,,0,22_31_04_00_galaxy s10e nf_sypark_0217,0,0
2026-03-25,0.0,legacy,0,0.0,,0.0,0,0.0,0.0,0,,0.0,0,0,0.0,0,DAILY_BUDGET,0,ENABLED,0,0,0,30.0,0,0,0.0,0.0,0,150686268854803,0.0,,0.0,0,0,,0,0,0,0,EUR,0,,0,12_11_01_26_xiaomi poco m4 pro 5g_auto_Kate_0411,0,0
2026-03-25,0.0,legacy,0,0.0,,0.0,0,0.0,0.0,0,,0.0,0,0,0.0,0,DAILY_BUDGET,0,ENABLED,0,0,0,50.0,0,0,0.0,0.0,0,28063162859002,0.0,,0.0,0,0,,0,0,0,0,EUR,0,,0,22_12_06_00_kuel_qs11_hooni_190304,0,0
2026-03-24,0.0,legacy,0,0.0,,0.0,0,0.0,0.0,0,,0.0,0,0,0.0,0,DAILY_BUDGET,0,PAUSED,0,0,0,80.0,0,0,0.0,0.0,0,346356916540870,0.0,,0.0,0,0,,0,0,0,0,EUR,0,,0,12_11_01_03_A_iPhone 17 Pro_SP_AMC,0,0
2026-03-30,0.0,legacy,0,0.0,,0.0,0,0.0,0.0,0,,0.0,0,0,0.0,0,DAILY_BUDGET,0,ENABLED,0,0,0,70.0,0,0,0.0,0.0,0,223779773745976,0.0,,0.0,0,0,,0,0,0,0,EUR,0,,0,22_12_03_00_galaxya9_LA_jinny_1126,0,0
2026-03-30,0.0,legacy,0,0.0,,0.0,0,0.0,0.0,0,,0.0,0,0,0.0,0,DAILY_BUDGET,0,ENABLED,0,0,0,35.0,0,0,0.0,0.0,0,135558043731117,0.0,,0.0,0,0,,0,0,0,0,EUR,0,,0,22006578_iPhone XS_sunny_1201-123118,0,0
2026-03-16,0.0,legacy,0,0.0,,0.0,0,0.0,0.0,0,,0.0,0,0,0.0,0,DAILY_BUDGET,0,ENABLED,0,0,0,50.0,0,0,0.0,0.0,0,176234522596510,0.0,,0.0,0,0,,0,0,0,0,EUR,0,,0,NBS1_iph7_glitterrose_Davidkim_0710,0,0
2026-03-28,0.0,optimizeForSales,0,0.0,38.89,0.0,0,0.0,0.0,0,,0.0,0,0,0.0,0,DAILY_BUDGET,0,ENABLED,0,0,0,50.0,0,0,0.0,0.0,0,555977933995001,0.0,0.0,0.0,124,0,,0,0,0,0,EUR,0,,0,12_15_04_23_DE_Galaxy S26 Plus EZ Fit Optik Pro Black_Keyword SPN_260225_yeseo,0,0
2026-03-05,0.0,legacy,0,0.0,,0.0,0,0.0,0.0,0,,0.0,0,0,0.0,0,DAILY_BUDGET,0,ENABLED,0,0,0,20.0,0,0,0.0,0.0,0,266237290074733,0.0,,0.0,0,0,,0,0,0,0,EUR,0,,0,12_30_06_32_Garmin Vivoactive 3 EZ Fit_0406_grace,0,0
2026-03-06,0.0,legacy,0,0.0,,0.0,0,0.0,0.0,0,,0.0,0,0,0.0,0,DAILY_BUDGET,0,ENABLED,0,0,0,15.0,0,0,0.0,0.0,0,251643066593239,0.0,,0.0,0,0,,0,0,0,0,EUR,0,,0,12_20_10_00_SP_C10CL1P_usb c lightning/iphone 11 ladekabel_exact_jsmun_0615,0,0
2026-03-18,0.0,legacy,0,0.0,,0.0,0,0.0,0.0,0,,0.0,0,0,0.0,0,DAILY_BUDGET,0,ENABLED,0,0,0,50.0,0,0,0.0,0.0,0,66678147842022,0.0,,0.0,0,0,,0,0,0,0,EUR,0,,0,22_31_04_00_glass_galtaba10.1_sypark_0716,0,0
2026-03-11,0.0,legacy,0,0.0,,0.0,0,0.0,0.0,0,,0.0,0,0,0.0,0,DAILY_BUDGET,0,ENABLED,0,0,0,10.0,0,0,0.0,0.0,0,91459828632974,0.0,,0.0,0,0,,0,0,0,0,EUR,0,,0,22006579_galaxy note 9_sunny_1002_1013,0,0
2026-03-29,0.0,legacy,0,0.0,,0.0,0,0.0,0.0,0,,0.0,0,0,0.0,0,DAILY_BUDGET,0,ENABLED,0,0,0,50.0,0,0,0.0,0.0,0,154975964591543,0.0,,0.0,0,0,,0,0,0,0,EUR,0,,0,22_12_02_00_GalaxyS10_LCCC_Jinny,0,0
2026-03-05,0.0,legacy,0,0.0,,0.0,0,0.0,0.0,0,,0.0,0,0,0.0,0,DAILY_BUDGET,0,ENABLED,0,0,0,10.0,0,0,0.0,0.0,0,149233298161280,0.0,,0.0,0,0,,0,0,0,0,EUR,0,,0,22_20_09_01_SP_F31QC_automatic_jsmun_0606,0,0
2026-03-27,0.0,legacy,0,0.0,,0.0,0,0.0,0.0,0,,0.0,0,0,0.0,0,DAILY_BUDGET,0,ENABLED,0,0,0,30.0,0,0,0.0,0.0,0,255688041842966,0.0,,0.0,0,0,,0,0,0,0,EUR,0,,0,ads2_y6prime_imprtest_0705,0,0
2026-03-14,0.0,legacy,0,0.0,,0.0,0,0.0,0.0,0,,0.0,0,0,0.0,0,DAILY_BUDGET,0,ENABLED,0,0,0,70.0,0,0,0.0,0.0,0,119430885224207,0.0,,0.0,0,0,,0,0,0,0,EUR,0,,0,12_30_04_03_iphone 13/ 13 pro prv ezfit_1007_grace,0,0
2026-03-03,21.84,manual,3,21.84,16.14,21.84,0,32.76,32.76,0,,21.84,0,2,50.56,2,DAILY_BUDGET,2,ENABLED,3,2,2,50.0,3,2,50.56,1.37,3,536158734140008,32.76,2.393272962483829,32.76,1546,0,,2,3,3,0,EUR,3,,37,12_11_01_03_A_iPhone 17 Pro_SP_Competitor,2,3
2026-03-12,0.0,legacy,0,0.0,,0.0,0,0.0,0.0,0,,0.0,0,0,0.0,0,DAILY_BUDGET,0,ENABLED,0,0,0,15.0,0,0,0.0,0.0,0,80485904218925,0.0,,0.0,0,0,,0,0,0,0,EUR,0,,0,22_20_06_01_SP_C10HS_huawei p30 ladekabel_phrase_jsmun_0525,0,0
2026-03-16,0.0,legacy,0,0.0,,0.0,0,0.0,0.0,0,,0.0,0,0,0.0,0,DAILY_BUDGET,0,ENABLED,0,0,0,30.0,0,0,0.0,0.0,0,263641164456079,0.0,,0.0,0,0,,0,0,0,0,EUR,0,,0,ads2_galaxyj5_LC_jinny_0806,0,0
2026-03-02,0.0,legacy,0,0.0,,0.0,0,0.0,0.0,0,,0.0,0,0,0.0,0,DAILY_BUDGET,0,ENABLED,0,0,0,10.0,0,0,0.0,0.0,0,229112763372717,0.0,,0.0,0,0,,0,0,0,0,EUR,0,,0,12_20_12_00_SP_F31QC_kfz ladegerät pd_exact_jsmun_0615,0,0
2026-03-29,40.32,legacy,4,40.32,0.26,40.32,0,78.96,78.96,0,,40.32,0,2,46.51,2,DAILY_BUDGET,2,PAUSED,4,2,2,50.0,4,2,46.51,1.19,4,484105892523489,78.96,0.6678082191780822,78.96,5840,0,,2,4,4,0,EUR,4,,39,12_11_13_01_A_Common_SelfieStick_SP_PriceTest,2,4
2026-03-03,0.0,legacy,0,0.0,,0.0,0,0.0,0.0,0,,0.0,0,0,0.0,0,DAILY_BUDGET,0,ENABLED,0,0,0,30.0,0,0,0.0,0.0,0,130129998743423,0.0,,0.0,0,0,,0,0,0,0,EUR,0,,0,12_30_07_03_airtag airskin shield_blk_0629_grace,0,0
2026-03-09,0.0,legacy,0,0.0,,0.0,0,0.0,0.0,0,,0.0,0,0,0.0,0,DAILY_BUDGET,0,ENABLED,0,0,0,60.0,0,0,0.0,0.0,0,106539882104760,0.0,,0.0,0,0,,0,0,0,0,EUR,0,,0,12_30_04_03_iphone 13 pro max prv ezfit_1007_grace,0,0
2026-03-20,0.0,legacy,0,0.0,,0.0,0,0.0,0.0,0,,0.0,0,0,0.0,0,DAILY_BUDGET,0,ENABLED,0,0,0,30.0,0,0,0.0,0.0,0,215716299605857,0.0,,0.0,0,0,,0,0,0,0,EUR,0,,0,12_30_04_23_Galaxy A72 Optik_0413_grace,0,0
2026-03-15,0.0,legacy,0,0.0,,0.0,0,0.0,0.0,0,,0.0,0,0,0.0,0,DAILY_BUDGET,0,ENABLED,0,0,0,50.0,0,0,0.0,0.0,0,167333144512202,0.0,,0.0,0,0,,0,0,0,0,EUR,0,,0,22_15_06_00_lcho_A100_1107,0,0
2026-03-30,0.0,optimizeForSales,0,0.0,,0.0,0,0.0,0.0,0,,0.0,0,0,0.0,0,DAILY_BUDGET,0,ENABLED,0,0,0,15.0,0,0,0.0,0.0,0,174769650097498,0.0,,0.0,0,0,,0,0,0,0,EUR,0,,0,12_20_08_01_SP_PE2007_auto_yhjung_0901,0,0
2026-03-26,0.0,legacy,0,0.0,,0.0,0,0.0,0.0,0,,0.0,0,0,0.0,0,DAILY_BUDGET,0,PAUSED,0,0,0,45.0,0,0,0.0,0.0,0,515037424518091,0.0,,0.0,0,0,,0,0,0,0,EUR,0,,0,12_11_01_23_A_Galaxy S25 Ultra_Broad Keyword_250121,0,0
2026-03-10,0.0,legacy,0,0.0,,0.0,0,0.0,0.0,0,,0.0,0,0,0.0,0,DAILY_BUDGET,0,ENABLED,0,0,0,30.0,0,0,0.0,0.0,0,223386215168977,0.0,,0.0,0,0,,0,0,0,0,EUR,0,,0,12_11_01_26_xiaomi 12/12X_RA_Product_Kate_0421,0,0
2026-03-07,0.0,legacy,0,0.0,,0.0,0,0.0,0.0,0,,0.0,0,0,0.0,0,DAILY_BUDGET,0,ENABLED,0,0,0,20.0,0,0,0.0,0.0,0,184137392147849,0.0,,0.0,0,0,,0,0,0,0,EUR,0,,0,nbs1_iphone8_thinfitblack_davidkim_0723_test,0,0
2026-03-20,0.0,legacy,0,0.0,,0.0,0,0.0,0.0,0,,0.0,0,0,0.0,0,DAILY_BUDGET,0,ENABLED,0,0,0,15.0,0,0,0.0,0.0,0,251643066593239,0.0,,0.0,0,0,,0,0,0,0,EUR,0,,0,12_20_10_00_SP_C10CL1P_usb c lightning/iphone 11 ladekabel_exact_jsmun_0615,0,0
2026-03-26,0.0,optimizeForSales,0,0.0,,0.0,0,0.0,0.0,0,,0.0,0,0,0.0,0,DAILY_BUDGET,0,ENABLED,0,0,0,40.0,0,0,0.0,0.0,0,125877011920608,0.0,,0.0,0,0,,0,0,0,0,EUR,0,,0,12_11_01_26_xiaomi 11t/11t pro_UA_Auto_Kate_0314,0,0
2026-03-17,0.0,legacy,0,0.0,,0.0,0,0.0,0.0,0,,0.0,0,0,0.0,0,DAILY_BUDGET,0,ENABLED,0,0,0,150.0,0,0,0.0,0.0,0,112135063255280,0.0,,0.0,0,0,,0,0,0,0,EUR,0,,0,22_31_04_00_Galaxy A50_20190614_jesung,0,0
2026-03-27,16.8,optimizeForSales,1,16.8,0.49,16.8,0,16.8,16.8,0,,16.8,0,1,4.05,1,DAILY_BUDGET,1,ENABLED,1,1,1,30.0,1,1,4.05,1.35,1,531342943584076,16.8,3.296703296703297,16.8,91,0,,1,1,1,0,EUR,1,,3,12_15_04_09_DE_Pixel 10a EZ Fit Pro_Product Target SPN_260218_yeseo,1,1
2026-03-13,0.0,optimizeForSales,0,0.0,,0.0,0,0.0,0.0,0,,0.0,0,0,0.0,0,DAILY_BUDGET,0,ARCHIVED,0,0,0,30.0,0,0,0.0,0.0,0,428475306777393,0.0,,0.0,0,0,,0,0,0,0,EUR,0,,0,12_13_26_18_Nintendo Switch 2_Snap Switch_B0DP3JF93C_chaeeun_260113,0,0
2026-03-03,0.0,optimizeForSales,0,0.0,,0.0,0,0.0,0.0,0,,0.0,0,0,0.0,0,DAILY_BUDGET,0,ENABLED,0,0,0,15.0,0,0,0.0,0.0,0,277255173210651,0.0,,0.0,0,0,,0,0,0,0,EUR,0,,0,12_20_08_01_SP_auto_C2000_yhjung_0914,0,0
2026-03-14,0.0,legacy,0,0.0,,0.0,0,0.0,0.0,0,,0.0,0,0,0.0,0,DAILY_BUDGET,0,ENABLED,0,0,0,15.0,0,0,0.0,0.0,0,261637418377525,0.0,,0.0,0,0,,0,0,0,0,EUR,0,,0,12_20_08_01_SP_F316W_wireless charger_exact_jsmun_0706,0,0
2026-03-04,15.96,optimizeForSales,7,31.92,1.39,31.92,0,111.72,160.44,0,,31.92,0,2,9.55,1,DAILY_BUDGET,1,ENABLED,7,2,2,30.0,10,2,9.55,0.73,10,460391315118814,160.44,2.5742574257425743,160.44,505,0,,2,10,10,0,EUR,10,,13,12_15_04_03_DE_iPhone 17/17 Pro EZ Fit _Product Target SPN_250909_yeseo,2,10
2026-03-14,0.0,optimizeForSales,0,0.0,,0.0,0,0.0,0.0,0,,0.0,0,0,0.0,0,DAILY_BUDGET,0,ENABLED,0,0,0,30.0,0,0,0.0,0.0,0,485184874099455,0.0,,0.0,0,0,,0,0,0,0,EUR,0,,0,12_12_25_35_TO220H_SP_subin_0220,0,0
2026-03-19,0.0,legacy,0,0.0,,0.0,0,0.0,0.0,0,,0.0,0,0,0.0,0,DAILY_BUDGET,0,ENABLED,0,0,0,150.0,0,0,0.0,0.0,0,163934682564420,0.0,,0.0,0,0,,0,0,0,0,EUR,0,,0,22_12_01_00_iPhoneX_UHBK_Jinny_0211,0,0
2026-03-13,0.0,legacy,0,0.0,,0.0,0,0.0,0.0,0,,0.0,0,0,0.0,0,DAILY_BUDGET,0,ENABLED,0,0,0,15.0,0,0,0.0,0.0,0,256428530134843,0.0,,0.0,0,0,,0,0,0,0,EUR,0,,0,22_20_06_01_SP_F309W_iphone ladestation_exact_jsmun_0525,0,0
2026-03-22,0.0,legacy,0,0.0,,0.0,0,0.0,0.0,0,,0.0,0,0,0.0,0,DAILY_BUDGET,0,ENABLED,0,0,0,15.0,0,0,0.0,0.0,0,242389414239871,0.0,,0.0,0,0,,0,0,0,0,EUR,0,,0,12_20_12_00_SP_F25QC_auto ladegerät_exact_jsmun_0615,0,0
2026-03-01,0.0,legacy,0,0.0,,0.0,0,0.0,0.0,0,,0.0,0,0,0.0,0,DAILY_BUDGET,0,ENABLED,0,0,0,20.0,0,0,0.0,0.0,0,23816901502348,0.0,,0.0,0,0,,0,0,0,0,EUR,0,,0,NBS1_galaxya52017_glittercrystal_davidkim_0711,0,0
2026-03-15,0.0,legacy,0,0.0,,0.0,0,0.0,0.0,0,,0.0,0,0,0.0,0,DAILY_BUDGET,0,ENABLED,0,0,0,60.0,0,0,0.0,0.0,0,107646273565483,0.0,,0.0,0,0,,0,0,0,0,EUR,0,,0,22_15_06_00_lcho_F706L_1102,0,0
2026-03-12,0.0,legacy,0,0.0,,0.0,0,0.0,0.0,0,,0.0,0,0,0.0,0,DAILY_BUDGET,0,ENABLED,0,0,0,30.0,0,0,0.0,0.0,0,226503475967665,0.0,,0.0,0,0,,0,0,0,0,EUR,0,,0,12_11_01_21_Oppo reno 6 5g_RA_Auto_Kate_0310,0,0
2026-03-04,0.0,optimizeForSales,0,0.0,0.17,0.0,0,0.0,0.0,0,,0.0,0,0,0.0,0,DAILY_BUDGET,0,ARCHIVED,0,0,0,40.0,0,0,0.0,0.0,0,301572689611388,0.0,0.0,0.0,80,0,,0,0,0,0,EUR,0,,0,12_13_26_18_Nintendo Switch 2_Snap Switch_B0DP3JF93C_chaeeun_260225,0,0
2026-03-26,0.0,legacy,0,0.0,,0.0,0,0.0,0.0,0,,0.0,0,0,0.0,0,DAILY_BUDGET,0,ENABLED,0,0,0,20.0,0,0,0.0,0.0,0,7159392751993,0.0,,0.0,0,0,,0,0,0,0,EUR,0,,0,ads2_spv2_gm_stella_0816_impr,0,0
2026-03-24,0.0,legacy,0,0.0,,0.0,0,0.0,0.0,0,,0.0,0,0,0.0,0,DAILY_BUDGET,0,ENABLED,0,0,0,30.0,0,0,0.0,0.0,0,16282187743108,0.0,,0.0,0,0,,0,0,0,0,EUR,0,,0,12_30_07_18_nintendo switch oled ezfit_1124_grace,0,0
2026-03-01,0.0,legacy,0,0.0,,0.0,0,0.0,0.0,0,,0.0,0,0,0.0,0,DAILY_BUDGET,0,ENABLED,0,0,0,20.0,0,0,0.0,0.0,0,243969448804008,0.0,,0.0,0,0,,0,0,0,0,EUR,0,,0,12_30_07_18_nintendo switch oled ag ezfit_1210_grace,0,0
2026-03-07,0.0,legacy,0,0.0,,0.0,0,0.0,0.0,0,,0.0,0,0,0.0,0,DAILY_BUDGET,0,ENABLED,0,0,0,15.0,0,0,0.0,0.0,0,179130937374055,0.0,,0.0,0,0,,0,0,0,0,EUR,0,,0,22_20_09_01_SP_F30QC_automatic_jsmun_0606,0,0
2026-03-19,0.0,legacy,0,0.0,,0.0,0,0.0,0.0,0,,0.0,0,0,0.0,0,DAILY_BUDGET,0,ENABLED,0,0,0,80.0,0,0,0.0,0.0,0,1167546825541,0.0,,0.0,0,0,,0,0,0,0,EUR,0,,0,12_30_04_23_galaxy s22 plus ezfit_0203_grace,0,0
2026-03-29,0.0,legacy,0,0.0,,0.0,0,0.0,0.0,0,,0.0,0,0,0.0,0,DAILY_BUDGET,0,ENABLED,0,0,0,15.0,0,0,0.0,0.0,0,79053103327263,0.0,,0.0,0,0,,0,0,0,0,EUR,0,,0,12_20_12_01_SP_F31QC_zigarettenanzünder usb_phrase_jsmun_0706,0,0
2026-03-18,0.0,legacy,0,0.0,,0.0,0,0.0,0.0,0,,0.0,0,0,0.0,0,DAILY_BUDGET,0,ENABLED,0,0,0,50.0,0,0,0.0,0.0,0,176234522596510,0.0,,0.0,0,0,,0,0,0,0,EUR,0,,0,NBS1_iph7_glitterrose_Davidkim_0710,0,0
2026-03-20,0.0,legacy,0,0.0,,0.0,0,0.0,0.0,0,,0.0,0,0,0.0,0,DAILY_BUDGET,0,ENABLED,0,0,0,15.0,0,0,0.0,0.0,0,44067775281802,0.0,,0.0,0,0,,0,0,0,0,EUR,0,,0,22_20_09_01_SP_F30QC_auto ladegerät pd_exact_jsmun_0609,0,0
2026-03-01,0.0,legacy,0,0.0,,0.0,0,0.0,0.0,0,,0.0,0,0,0.0,0,DAILY_BUDGET,0,ENABLED,0,0,0,15.0,0,0,0.0,0.0,0,72172531180830,0.0,,0.0,0,0,,0,0,0,0,EUR,0,,0,12_20_08_01_F316W_yhjung_0809,0,0
2026-03-05,0.0,legacy,0,0.0,,0.0,0,0.0,0.0,0,,0.0,0,0,0.0,0,DAILY_BUDGET,0,ENABLED,0,0,0,30.0,0,0,0.0,0.0,0,90793688768831,0.0,,0.0,0,0,,0,0,0,0,EUR,0,,0,22_31_04_00_Redmi Note 7_20190626_jesung,0,0
2026-03-05,0.0,legacy,0,0.0,,0.0,0,0.0,0.0,0,,0.0,0,0,0.0,0,DAILY_BUDGET,0,ENABLED,0,0,0,200.0,0,0,0.0,0.0,0,110285077616812,0.0,,0.0,0,0,,0,0,0,0,EUR,0,,0,22_12_01_00_iPXS Max_Premium_jinny_1008,0,0
2026-03-02,0.0,legacy,0,0.0,,0.0,0,0.0,0.0,0,,0.0,0,0,0.0,0,DAILY_BUDGET,0,ENABLED,0,0,0,20.0,0,0,0.0,0.0,0,117892956221056,0.0,,0.0,0,0,,0,0,0,0,EUR,0,,0,"12_30_05_03_2021 iPad Pro 12.9"" AG EZ Fit_0419_grace",0,0
2026-03-08,0.0,legacy,0,0.0,,0.0,0,0.0,0.0,0,,0.0,0,0,0.0,0,DAILY_BUDGET,0,ENABLED,0,0,0,50.0,0,0,0.0,0.0,0,101760144479054,0.0,,0.0,0,0,,0,0,0,0,EUR,0,,0,bsd1_f303w_sean_0716,0,0
2026-03-08,0.0,optimizeForSales,0,0.0,0.23,0.0,0,0.0,0.0,0,,0.0,0,0,2.12,0,DAILY_BUDGET,0,ENABLED,0,0,0,30.0,0,0,2.12,1.06,0,408116070237787,0.0,1.0362694300518136,0.0,193,0,,0,0,0,0,EUR,0,,2,"12_15_04_09_DE_Pixel 10 Pro XL EZ Fit (B2B, Auto)_Keyword SPN_260306_yeseo",0,0
2026-03-18,89.02,legacy,12,89.02,0.25,89.02,0,167.75,186.23,0,,89.02,0,7,26.67,7,DAILY_BUDGET,7,ENABLED,12,7,7,40.0,13,7,26.67,1.57,13,291185843804720,186.23,0.37769384581204174,186.23,4501,0,,7,13,13,0,EUR,13,,17,12_11_01_03_A_iPhone 16_SP_B2B,7,13
2026-03-06,23.52,optimizeForSales,1,23.52,0.93,23.52,0,23.52,23.52,0,,23.52,0,1,8.55,1,DAILY_BUDGET,1,ENABLED,1,1,1,30.0,1,1,8.55,0.78,1,409750057240017,23.52,1.2731481481481481,23.52,864,0,,1,1,1,0,EUR,1,,11,12_13_02_03_iPad Air 11_RAP_B08HGZW3PJ_chaeeun_260303,1,1
2026-03-24,85.66,optimizeForSales,12,85.66,37.28,85.66,0,164.62,179.74,0,,85.66,0,6,10.49,6,DAILY_BUDGET,6,ENABLED,12,6,6,20.0,13,6,10.49,0.87,13,547203473639437,179.74,2.1621621621621623,179.74,555,0,,6,13,13,0,EUR,13,,12,12_15_04_03_DE_iPhone 17e EZ Fit (S.O)_Product Target SPN_260303_yeseo,6,13
2026-03-27,0.0,legacy,0,0.0,,0.0,0,0.0,0.0,0,,0.0,0,0,0.0,0,DAILY_BUDGET,0,ENABLED,0,0,0,200.0,0,0,0.0,0.0,0,270199391127668,0.0,,0.0,0,0,,0,0,0,0,EUR,0,,0,22_12_01_00_iPXS_TF_Jinny_1121,0,0
2026-03-11,0.0,legacy,0,0.0,,0.0,0,0.0,0.0,0,,0.0,0,0,0.0,0,DAILY_BUDGET,0,ENABLED,0,0,0,50.0,0,0,0.0,0.0,0,253267840962534,0.0,,0.0,0,0,,0,0,0,0,EUR,0,,0,NBS1_galaxynote8_glittercrystal_davidkim_0710,0,0
2026-03-03,0.0,legacy,0,0.0,,0.0,0,0.0,0.0,0,,0.0,0,0,0.0,0,DAILY_BUDGET,0,ENABLED,0,0,0,40.0,0,0,0.0,0.0,0,82258179160312,0.0,,0.0,0,0,,0,0,0,0,EUR,0,,0,12_11_01_26_xiaomi 11t/11t pro_RA_Auto_Kate_0328,0,0
2026-03-15,0.0,legacy,0,0.0,,0.0,0,0.0,0.0,0,,0.0,0,0,0.0,0,DAILY_BUDGET,0,ENABLED,0,0,0,15.0,0,0,0.0,0.0,0,126409995185885,0.0,,0.0,0,0,,0,0,0,0,EUR,0,,0,22_20_06_01_SP_F316W_wireless charger_exact_jsmun_0525,0,0
2026-03-08,0.0,legacy,0,0.0,,0.0,0,0.0,0.0,0,,0.0,0,0,0.0,0,DAILY_BUDGET,0,ENABLED,0,0,0,10.0,0,0,0.0,0.0,0,229892647725684,0.0,,0.0,0,0,,0,0,0,0,EUR,0,,0,22_20_06_01_SP_X35W_qi ladestation auto_exact_jsmun_0525,0,0
2026-03-21,0.0,optimizeForSales,0,0.0,58.82,0.0,0,0.0,0.0,0,,0.0,0,0,3.7,0,DAILY_BUDGET,0,ENABLED,0,0,0,50.0,0,0,3.7,1.85,0,555977933995001,0.0,5.405405405405405,0.0,37,0,,0,0,0,0,EUR,0,,2,12_15_04_23_DE_Galaxy S26 Plus EZ Fit Optik Pro Black_Keyword SPN_260225_yeseo,0,0
2026-03-11,0.0,legacy,0,0.0,,0.0,0,0.0,0.0,0,,0.0,0,0,0.0,0,DAILY_BUDGET,0,ENABLED,0,0,0,20.0,0,0,0.0,0.0,0,53847132955544,0.0,,0.0,0,0,,0,0,0,0,EUR,0,,0,22006579_galaxy s9 plus_sunny_1002-1013,0,0
2026-03-15,0.0,legacy,0,0.0,,0.0,0,0.0,0.0,0,,0.0,0,0,0.0,0,DAILY_BUDGET,0,ENABLED,0,0,0,15.0,0,0,0.0,0.0,0,23907984077979,0.0,,0.0,0,0,,0,0,0,0,EUR,0,,0,22_20_09_01_SP_C10CL1P_usb c lightning/iphone 11 ladekabel_exact_jsmun_0606,0,0
2026-03-17,0.0,legacy,0,0.0,,0.0,0,0.0,0.0,0,,0.0,0,0,0.0,0,DAILY_BUDGET,0,ENABLED,0,0,0,15.0,0,0,0.0,0.0,0,68104890254726,0.0,,0.0,0,0,,0,0,0,0,EUR,0,,0,12_20_08_01_SP_PE2007_auto_yhjung_1005,0,0
2026-03-31,48.72,legacy,6,48.72,1.38,48.72,0,72.24,95.76,0,,48.72,0,4,10.9,4,DAILY_BUDGET,4,PAUSED,6,4,4,40.0,7,4,10.9,0.57,7,527536259501368,95.76,1.8645731108930326,95.76,1019,0,,4,7,7,0,EUR,7,,19,12_11_01_03_A_iPhone 17e_SP_AMC_Clear,4,7
2026-03-24,0.0,legacy,0,0.0,,0.0,0,0.0,0.0,0,,0.0,0,0,0.0,0,DAILY_BUDGET,0,ENABLED,0,0,0,40.0,0,0,0.0,0.0,0,49853639140629,0.0,,0.0,0,0,,0,0,0,0,EUR,0,,0,12_11_01_26_xiaomi 11t/11t pro_UH_exact_kate_0225,0,0
2026-03-25,0.0,legacy,0,0.0,0.41,0.0,0,0.0,0.0,0,,0.0,0,0,11.4,0,DAILY_BUDGET,0,PAUSED,0,0,0,20.0,0,0,11.4,0.48,0,546545257557282,0.0,1.2339331619537275,0.0,1945,0,,0,0,0,0,EUR,0,,24,12_11_13_01_A_Common_A721_SP_Auto_260310,0,0
2026-03-10,0.0,legacy,0,0.0,,0.0,0,0.0,0.0,0,,0.0,0,0,0.0,0,DAILY_BUDGET,0,ENABLED,0,0,0,30.0,0,0,0.0,0.0,0,140266054720783,0.0,,0.0,0,0,,0,0,0,0,EUR,0,,0,12_11_01_26_redmi note 10 4g_RA_Manual_Kate_0624,0,0
2026-03-28,0.0,legacy,0,0.0,,0.0,0,0.0,0.0,0,,0.0,0,0,0.0,0,DAILY_BUDGET,0,ENABLED,0,0,0,20.0,0,0,0.0,0.0,0,242230135553339,0.0,,0.0,0,0,,0,0,0,0,EUR,0,,0,12_20_08_01_SP_F316W_wireless charger_exact_jsmun_0629,0,0
2026-03-21,28.56,optimizeForSales,4,28.56,15.14,28.56,0,64.61,74.69,0,,28.56,0,2,9.92,2,DAILY_BUDGET,2,ENABLED,4,2,2,20.0,5,2,9.92,0.9,5,547203473639437,74.69,1.6566265060240966,74.69,664,0,,2,5,5,0,EUR,5,,11,12_15_04_03_DE_iPhone 17e EZ Fit (S.O)_Product Target SPN_260303_yeseo,2,5
2026-03-16,0.0,legacy,0,0.0,,0.0,0,0.0,0.0,0,,0.0,0,0,0.0,0,DAILY_BUDGET,0,ENABLED,0,0,0,25.0,0,0,0.0,0.0,0,252387453143342,0.0,,0.0,0,0,,0,0,0,0,EUR,0,,0,22006578_iphone 8_sunny_1015-1113,0,0
2026-03-19,0.0,legacy,0,0.0,,0.0,0,0.0,0.0,0,,0.0,0,0,0.0,0,DAILY_BUDGET,0,ENABLED,0,0,0,30.0,0,0,0.0,0.0,0,170458826841353,0.0,,0.0,0,0,,0,0,0,0,EUR,0,,0,12_30_06_23_galaxy watch 4 classic 46mm_ezfit_210820_grace,0,0
2026-03-04,0.0,legacy,0,0.0,,0.0,0,0.0,0.0,0,,0.0,0,0,0.0,0,DAILY_BUDGET,0,ENABLED,0,0,0,15.0,0,0,0.0,0.0,0,55099394791074,0.0,,0.0,0,0,,0,0,0,0,EUR,0,,0,12_20_08_01_SP_kfz_F31QC_yhjung-1005,0,0
2026-03-22,0.0,legacy,0,0.0,,0.0,0,0.0,0.0,0,,0.0,0,0,0.0,0,DAILY_BUDGET,0,ENABLED,0,0,0,15.0,0,0,0.0,0.0,0,198266211395174,0.0,,0.0,0,0,,0,0,0,0,EUR,0,,0,12_20_08_01_SP_F210BL_usb ladegerät pd_exact_jsmun_0622,0,0
2026-03-31,0.0,legacy,0,0.0,,0.0,0,0.0,0.0,0,,0.0,0,0,0.0,0,DAILY_BUDGET,0,ENABLED,0,0,0,70.0,0,0,0.0,0.0,0,150324825736136,0.0,,0.0,0,0,,0,0,0,0,EUR,0,,0,ads2_honor10_0605,0,0
2026-03-20,0.0,legacy,0,0.0,,0.0,0,0.0,0.0,0,,0.0,0,0,0.0,0,DAILY_BUDGET,0,ENABLED,0,0,0,200.0,0,0,0.0,0.0,0,110285077616812,0.0,,0.0,0,0,,0,0,0,0,EUR,0,,0,22_12_01_00_iPXS Max_Premium_jinny_1008,0,0
2026-03-13,0.0,legacy,0,0.0,,0.0,0,0.0,0.0,0,,0.0,0,0,0.0,0,DAILY_BUDGET,0,ENABLED,0,0,0,20.0,0,0,0.0,0.0,0,107213442607623,0.0,,0.0,0,0,,0,0,0,0,EUR,0,,0,ads2_galaxya6plus_LA_jinny_0807,0,0
2026-03-14,55.22,optimizeForSales,5,76.64,49.22,76.64,0,91.84,123.34,0,,76.64,0,4,28.77,3,DAILY_BUDGET,3,ENABLED,5,4,4,40.0,7,4,28.77,0.85,7,426580014954231,123.34,1.756198347107438,123.34,1936,0,,4,7,7,0,EUR,7,,34,"12_15_05_03_DE_Macbook Air 13/15"" [FC Black, Safeview] Series_Product Target SPN (Category)_260310_yeseo",4,7
2026-03-16,0.0,legacy,0,0.0,,0.0,0,0.0,0.0,0,,0.0,0,0,0.0,0,DAILY_BUDGET,0,ENABLED,0,0,0,20.0,0,0,0.0,0.0,0,107150850107394,0.0,,0.0,0,0,,0,0,0,0,EUR,0,,0,22_20_09_01_SP_X35W_qi ladestation auto_exact_jsmun_0606,0,0
2026-03-31,0.0,legacy,0,0.0,,0.0,0,0.0,0.0,0,,0.0,0,0,0.0,0,DAILY_BUDGET,0,ENABLED,0,0,0,30.0,0,0,0.0,0.0,0,150686268854803,0.0,,0.0,0,0,,0,0,0,0,EUR,0,,0,12_11_01_26_xiaomi poco m4 pro 5g_auto_Kate_0411,0,0
2026-03-11,0.0,legacy,0,0.0,,0.0,0,0.0,0.0,0,,0.0,0,0,0.0,0,DAILY_BUDGET,0,ENABLED,0,0,0,80.0,0,0,0.0,0.0,0,140515286832093,0.0,,0.0,0,0,,0,0,0,0,EUR,0,,0,12_30_05_03_ipad air 5 ezfit_0307_grace,0,0
2026-03-26,29.32,optimizeForSales,2,29.32,0.05,29.32,0,29.32,29.32,0,,29.32,0,1,1.38,1,DAILY_BUDGET,2,ENABLED,1,1,2,40.0,1,2,1.38,0.69,2,408939085717034,29.32,1.1299435028248588,29.32,177,0,,1,1,2,0,EUR,1,,2,"12_15_04_03_DE_iPhone 17 Pro Max EZ Fit (B2B, Auto)_Keyword SPN_260202_yeseo",2,2
2026-03-21,0.0,legacy,0,0.0,,0.0,0,0.0,0.0,0,,0.0,0,0,0.0,0,DAILY_BUDGET,0,ENABLED,0,0,0,40.0,0,0,0.0,0.0,0,125854229378726,0.0,,0.0,0,0,,0,0,0,0,EUR,0,,0,22_31_04_00_Gopro Hero 7_20190801_jesung,0,0
2026-03-31,0.0,legacy,0,0.0,,0.0,0,0.0,0.0,0,,0.0,0,0,0.0,0,DAILY_BUDGET,0,ENABLED,0,0,0,15.0,0,0,0.0,0.0,0,170591796294277,0.0,,0.0,0,0,,0,0,0,0,EUR,0,,0,12_20_08_01_PE2007_exact_60w_65w_usb_c_ladegerat_yhjung_2021_11,0,0
2026-03-10,0.0,legacy,0,0.0,,0.0,0,0.0,0.0,0,,0.0,0,0,0.0,0,DAILY_BUDGET,0,ENABLED,0,0,0,40.0,0,0,0.0,0.0,0,138487547874117,0.0,,0.0,0,0,,0,0,0,0,EUR,0,,0,12_11_01_26_xiaomi 11t/11t pro UH_Auto_Kate_0404,0,0
2026-03-07,0.0,legacy,0,0.0,,0.0,0,0.0,0.0,0,,0.0,0,0,0.0,0,DAILY_BUDGET,0,ENABLED,0,0,0,15.0,0,0,0.0,0.0,0,126409995185885,0.0,,0.0,0,0,,0,0,0,0,EUR,0,,0,22_20_06_01_SP_F316W_wireless charger_exact_jsmun_0525,0,0
2026-03-14,30.9,manual,4,30.9,30.15,30.9,0,58.57,105.02,0,,30.9,0,2,23.55,2,DAILY_BUDGET,2,PAUSED,4,2,2,30.0,7,2,23.55,1.24,7,443359504057706,105.02,0.8520179372197308,105.02,2230,0,,2,7,7,0,EUR,7,,19,12_15_04_09_DE_Pixel 10 Pro XL EZ Fit _Keyword SPN_250820_yeseo,2,7
2026-03-23,0.0,legacy,0,0.0,,0.0,0,0.0,0.0,0,,0.0,0,0,0.0,0,DAILY_BUDGET,0,ENABLED,0,0,0,25.0,0,0,0.0,0.0,0,254491061658909,0.0,,0.0,0,0,,0,0,0,0,EUR,0,,0,12_20_12_01_SP_F25QC_auto ladegerät/kfz ladegerät_jsmun_0714,0,0
2026-03-29,0.0,legacy,0,0.0,,0.0,0,0.0,0.0,0,,0.0,0,0,0.0,0,DAILY_BUDGET,0,ENABLED,0,0,0,15.0,0,0,0.0,0.0,0,172827297350580,0.0,,0.0,0,0,,0,0,0,0,EUR,0,,0,12_20_08_01_SP_PE2007_phrase_yhjung_1005,0,0
2026-03-08,0.0,optimizeForSales,0,0.0,,0.0,0,0.0,0.0,0,,0.0,0,0,0.0,0,DAILY_BUDGET,0,ENABLED,0,0,0,50.0,0,0,0.0,0.0,0,21332131589302,0.0,,0.0,0,0,,0,0,0,0,EUR,0,,0,12_30_04_23_galaxy s23/s23+ optik pro_0130_jesung,0,0
2026-03-19,0.0,legacy,0,0.0,,0.0,0,0.0,0.0,0,,0.0,0,0,0.0,0,DAILY_BUDGET,0,ENABLED,0,0,0,80.0,0,0,0.0,0.0,0,265417823103553,0.0,,0.0,0,0,,0,0,0,0,EUR,0,,0,22_12_01_00_iP6S_UH_Jinny_1121,0,0
2026-03-30,0.0,legacy,0,0.0,,0.0,0,0.0,0.0,0,,0.0,0,0,0.0,0,DAILY_BUDGET,0,ENABLED,0,0,0,50.0,0,0,0.0,0.0,0,101760144479054,0.0,,0.0,0,0,,0,0,0,0,EUR,0,,0,bsd1_f303w_sean_0716,0,0
2026-03-04,0.0,legacy,0,0.0,,0.0,0,0.0,0.0,0,,0.0,0,0,0.0,0,DAILY_BUDGET,0,ENABLED,0,0,0,20.0,0,0,0.0,0.0,0,167038995311412,0.0,,0.0,0,0,,0,0,0,0,EUR,0,,0,22_12_02_00_galaxynote9_LA_Jinny_190618,0,0
2026-03-09,0.0,legacy,0,0.0,,0.0,0,0.0,0.0,0,,0.0,0,0,0.0,0,DAILY_BUDGET,0,ENABLED,0,0,0,200.0,0,0,0.0,0.0,0,267839497920781,0.0,,0.0,0,0,,0,0,0,0,EUR,0,,0,12_30_04_03_iphone 13 pro/ pro max optik_210906_grace,0,0
2026-03-06,130.2,legacy,14,141.12,4.93,141.12,0,178.08,214.2,0,,141.12,0,12,99.45,11,DAILY_BUDGET,11,ENABLED,14,12,12,200.0,17,12,99.45,1.38,17,533288008035238,214.2,1.0688836104513064,214.2,6736,0,,12,17,17,0,EUR,17,,72,12_11_01_03_A_iPhone 17 Pro Max_SP_TOS_Main,12,17
2026-03-24,0.0,legacy,0,0.0,,0.0,0,0.0,0.0,0,,0.0,0,0,0.0,0,DAILY_BUDGET,0,PAUSED,0,0,0,20.0,0,0,0.0,0.0,0,514534117735081,0.0,,0.0,0,0,,0,0,0,0,EUR,0,,0,12_11_01_23_A_Galaxy S25 Ultra_Brand Keyword_250121,0,0
2026-03-17,0.0,legacy,0,0.0,,0.0,0,0.0,0.0,0,,0.0,0,0,0.0,0,DAILY_BUDGET,0,ENABLED,0,0,0,20.0,0,0,0.0,0.0,0,266237290074733,0.0,,0.0,0,0,,0,0,0,0,EUR,0,,0,12_30_06_32_Garmin Vivoactive 3 EZ Fit_0406_grace,0,0
2026-03-02,0.0,legacy,0,0.0,,0.0,0,0.0,0.0,0,,0.0,0,0,0.0,0,DAILY_BUDGET,0,ENABLED,0,0,0,150.0,0,0,0.0,0.0,0,115953348614669,0.0,,0.0,0,0,,0,0,0,0,EUR,0,,0,22_12_01_00_iPXS_LA_Jinny_1010,0,0
2026-03-16,0.0,legacy,0,0.0,,0.0,0,0.0,0.0,0,,0.0,0,0,0.0,0,DAILY_BUDGET,0,ENABLED,0,0,0,50.0,0,0,0.0,0.0,0,11924986392540,0.0,,0.0,0,0,,0,0,0,0,EUR,0,,0,22_31_04_00_Galaxy Note 10 neoflex_20190808_jesung_2,0,0
2026-03-23,0.0,legacy,0,0.0,,0.0,0,0.0,0.0,0,,0.0,0,0,0.0,0,DAILY_BUDGET,0,ENABLED,0,0,0,200.0,0,0,0.0,0.0,0,125762209225609,0.0,,0.0,0,0,,0,0,0,0,EUR,0,,0,22_12_04_00_iphone xr_ezfit ver.a_sypark_1122,0,0
2026-03-21,0.0,optimizeForSales,0,0.0,,0.0,0,0.0,0.0,0,,0.0,0,0,0.0,0,DAILY_BUDGET,0,ENABLED,0,0,0,40.0,0,0,0.0,0.0,0,282448928140674,0.0,,0.0,0,0,,0,0,0,0,EUR,0,,0,12_15_05_03_ipad air 13/11 2024 ezfit optik pro_0731_grace,0,0
2026-03-16,0.0,legacy,0,0.0,,0.0,0,0.0,0.0,0,,0.0,0,0,0.0,0,DAILY_BUDGET,0,ENABLED,0,0,0,20.0,0,0,0.0,0.0,0,167038995311412,0.0,,0.0,0,0,,0,0,0,0,EUR,0,,0,22_12_02_00_galaxynote9_LA_Jinny_190618,0,0
2026-03-12,0.0,legacy,0,0.0,,0.0,0,0.0,0.0,0,,0.0,0,0,0.0,0,DAILY_BUDGET,0,ENABLED,0,0,0,50.0,0,0,0.0,0.0,0,194641908039253,0.0,,0.0,0,0,,0,0,0,0,EUR,0,,0,22_15_06_00_A1100(DE)1016_lcho,0,0
2026-03-04,0.0,legacy,0,0.0,,0.0,0,0.0,0.0,0,,0.0,0,0,0.0,0,DAILY_BUDGET,0,ENABLED,0,0,0,300.0,0,0,0.0,0.0,0,211694518291697,0.0,,0.0,0,0,,0,0,0,0,EUR,0,,0,"22_12_01_00_iPXS, XS Max_NH_Gunmetal_Jinny_1018",0,0
2026-03-28,0.0,legacy,0,0.0,,0.0,0,0.0,0.0,0,,0.0,0,0,0.0,0,DAILY_BUDGET,0,ENABLED,0,0,0,20.0,0,0,0.0,0.0,0,200964768063739,0.0,,0.0,0,0,,0,0,0,0,EUR,0,,0,12_20_08_01_SP_F309W_qi ladestation_phrase_jsmun_0629,0,0
2026-03-21,0.0,legacy,0,0.0,,0.0,0,0.0,0.0,0,,0.0,0,0,0.0,0,DAILY_BUDGET,0,ENABLED,0,0,0,30.0,0,0,0.0,0.0,0,170123841754721,0.0,,0.0,0,0,,0,0,0,0,EUR,0,,0,12_30_04_23_galaxy a22 5g alm_0621_grace,0,0
2026-03-01,0.0,legacy,0,0.0,,0.0,0,0.0,0.0,0,,0.0,0,0,0.0,0,DAILY_BUDGET,0,ENABLED,0,0,0,70.0,0,0,0.0,0.0,0,194280872891805,0.0,,0.0,0,0,,0,0,0,0,EUR,0,,0,BSD_lcho_f308w_(Exact Test)_0821,0,0
2026-03-18,0.0,legacy,0,0.0,,0.0,0,0.0,0.0,0,,0.0,0,0,0.0,0,DAILY_BUDGET,0,ENABLED,0,0,0,150.0,0,0,0.0,0.0,0,258896916352266,0.0,,0.0,0,0,,0,0,0,0,EUR,0,,0,22_12_01_00_iPXS_TA_BK_Jinny_1217,0,0
2026-03-13,0.0,legacy,0,0.0,,0.0,0,0.0,0.0,0,,0.0,0,0,0.0,0,DAILY_BUDGET,0,ENABLED,0,0,0,100.0,0,0,0.0,0.0,0,101519396105849,0.0,,0.0,0,0,,0,0,0,0,EUR,0,,0,22_12_01_00_iP11Pro_LCCC_PT_Jinny_0928,0,0
2026-03-20,0.0,legacy,0,0.0,,0.0,0,0.0,0.0,0,,0.0,0,0,0.0,0,DAILY_BUDGET,0,ENABLED,0,0,0,30.0,0,0,0.0,0.0,0,245737363208110,0.0,,0.0,0,0,,0,0,0,0,EUR,0,,0,22_31_04_00_Galaxy A50 FC ALM_20200106_jesung,0,0
2026-03-24,0.0,legacy,0,0.0,,0.0,0,0.0,0.0,0,,0.0,0,0,0.0,0,DAILY_BUDGET,0,ENABLED,0,0,0,15.0,0,0,0.0,0.0,0,143406159208009,0.0,,0.0,0,0,,0,0,0,0,EUR,0,,0,22006578_galaxy s9 plus_sunny_1015-1113,0,0
2026-03-31,0.0,legacy,0,0.0,,0.0,0,0.0,0.0,0,,0.0,0,0,0.0,0,DAILY_BUDGET,0,ENABLED,0,0,0,200.0,0,0,0.0,0.0,0,219186965497997,0.0,,0.0,0,0,,0,0,0,0,EUR,0,,0,12_11_01_03_iP12/12Pro_LA_Jinny_210708,0,0
2026-03-08,0.0,legacy,0,0.0,,0.0,0,0.0,0.0,0,,0.0,0,0,0.0,0,DAILY_BUDGET,0,ENABLED,0,0,0,30.0,0,0,0.0,0.0,0,213967040830624,0.0,,0.0,0,0,,0,0,0,0,EUR,0,,0,12_11_22_03_Airpods Pro_Urban Fit_hynho_0427,0,0
2026-03-07,0.0,legacy,0,0.0,,0.0,0,0.0,0.0,0,,0.0,0,0,0.0,0,DAILY_BUDGET,0,ENABLED,0,0,0,100.0,0,0,0.0,0.0,0,282086504461821,0.0,,0.0,0,0,,0,0,0,0,EUR,0,,0,12_14_00_00_A_iPhone 16 Pro_SP_Chronos,0,0
2026-03-28,0.0,legacy,0,0.0,,0.0,0,0.0,0.0,0,,0.0,0,0,0.0,0,DAILY_BUDGET,0,ENABLED,0,0,0,50.0,0,0,0.0,0.0,0,252121820519725,0.0,,0.0,0,0,,0,0,0,0,EUR,0,,0,22_12_01_00_iPX_TF_PT_Jinny_0214,0,0
2026-03-28,0.0,legacy,0,0.0,,0.0,0,0.0,0.0,0,,0.0,0,0,0.0,0,DAILY_BUDGET,0,ENABLED,0,0,0,30.0,0,0,0.0,0.0,0,34681337830232,0.0,,0.0,0,0,,0,0,0,0,EUR,0,,0,12_11_01_20_oneplus 10 pro_TA_Manual_Kate_0401,0,0
2026-03-13,0.0,legacy,0,0.0,,0.0,0,0.0,0.0,0,,0.0,0,0,0.0,0,DAILY_BUDGET,0,ENABLED,0,0,0,30.0,0,0,0.0,0.0,0,263641164456079,0.0,,0.0,0,0,,0,0,0,0,EUR,0,,0,ads2_galaxyj5_LC_jinny_0806,0,0
2026-03-06,0.0,legacy,0,0.0,,0.0,0,0.0,0.0,0,,0.0,0,0,0.0,0,DAILY_BUDGET,0,ENABLED,0,0,0,30.0,0,0,0.0,0.0,0,255688041842966,0.0,,0.0,0,0,,0,0,0,0,EUR,0,,0,ads2_y6prime_imprtest_0705,0,0
2026-03-14,0.0,legacy,0,0.0,,0.0,0,0.0,0.0,0,,0.0,0,0,0.0,0,DAILY_BUDGET,0,ENABLED,0,0,0,30.0,0,0,0.0,0.0,0,13528883624164,0.0,,0.0,0,0,,0,0,0,0,EUR,0,,0,ads2_galaxyj5_LC_Jinny_0801,0,0
2026-03-10,0.0,legacy,0,0.0,,0.0,0,0.0,0.0,0,,0.0,0,0,0.0,0,DAILY_BUDGET,0,ENABLED,0,0,0,20.0,0,0,0.0,0.0,0,140340227829423,0.0,,0.0,0,0,,0,0,0,0,EUR,0,,0,22006579_galaxy S9_sunny_1002_1013,0,0
2026-03-30,0.0,legacy,0,0.0,,0.0,0,0.0,0.0,0,,0.0,0,0,0.0,0,DAILY_BUDGET,0,ENABLED,0,0,0,50.0,0,0,0.0,0.0,0,224596970562302,0.0,,0.0,0,0,,0,0,0,0,EUR,0,,0,BSD2_Lcho_A100(mauspad - Bid test)_0615,0,0
2026-03-29,0.0,legacy,0,0.0,,0.0,0,0.0,0.0,0,,0.0,0,0,0.0,0,DAILY_BUDGET,0,ENABLED,0,0,0,20.0,0,0,0.0,0.0,0,242230135553339,0.0,,0.0,0,0,,0,0,0,0,EUR,0,,0,12_20_08_01_SP_F316W_wireless charger_exact_jsmun_0629,0,0
2026-03-09,0.0,legacy,0,0.0,,0.0,0,0.0,0.0,0,,0.0,0,0,0.0,0,DAILY_BUDGET,0,ENABLED,0,0,0,40.0,0,0,0.0,0.0,0,67431987499598,0.0,,0.0,0,0,,0,0,0,0,EUR,0,,0,22_12_01_00_iPXS_TF_Jinny_1217,0,0
2026-03-27,0.0,legacy,0,0.0,,0.0,0,0.0,0.0,0,,0.0,0,0,0.0,0,DAILY_BUDGET,0,ENABLED,0,0,0,20.0,0,0,0.0,0.0,0,22597579833585,0.0,,0.0,0,0,,0,0,0,0,EUR,0,,0,22006579_iPhone 8 plus_Sunny_1015-1113,0,0
2026-03-26,0.0,optimizeForSales,0,0.0,,0.0,0,0.0,0.0,0,,0.0,0,0,0.0,0,DAILY_BUDGET,0,ENABLED,0,0,0,95.0,0,0,0.0,0.0,0,449239612876837,0.0,,0.0,0,0,,0,0,0,0,EUR,0,,0,12_15_04_23_Galaxy S25 Ultra EZ Fit PT_0214_unseo,0,0
2026-03-19,0.0,optimizeForSales,0,0.0,,0.0,0,0.0,0.0,0,,0.0,0,0,0.0,0,DAILY_BUDGET,0,ENABLED,0,0,0,10.0,0,0,0.0,0.0,0,212862116325959,0.0,,0.0,0,0,,0,0,0,0,EUR,0,,0,12_20_08_01_pe2008_yhjung_12,0,0
2026-03-02,0.0,legacy,0,0.0,,0.0,0,0.0,0.0,0,,0.0,0,0,0.0,0,DAILY_BUDGET,0,ENABLED,0,0,0,50.0,0,0,0.0,0.0,0,41453722404781,0.0,,0.0,0,0,,0,0,0,0,EUR,0,,0,22_12_04_00_s10_neo2_sypark_0117,0,0
2026-03-25,0.0,legacy,0,0.0,,0.0,0,0.0,0.0,0,,0.0,0,0,0.0,0,DAILY_BUDGET,0,ENABLED,0,0,0,30.0,0,0,0.0,0.0,0,140939697813571,0.0,,0.0,0,0,,0,0,0,0,EUR,0,,0,ads2_galaxya6plus_LA_jinny_0731,0,0
2026-03-02,0.0,legacy,0,0.0,,0.0,0,0.0,0.0,0,,0.0,0,0,0.0,0,DAILY_BUDGET,0,ENABLED,0,0,0,20.0,0,0,0.0,0.0,0,192951854174636,0.0,,0.0,0,0,,0,0,0,0,EUR,0,,0,22006579_iPhone 8 plus_sunny_1002_1013,0,0
2026-03-27,0.0,legacy,0,0.0,,0.0,0,0.0,0.0,0,,0.0,0,0,0.0,0,DAILY_BUDGET,0,ENABLED,0,0,0,100.0,0,0,0.0,0.0,0,100935429580750,0.0,,0.0,0,0,,0,0,0,0,EUR,0,,0,22_12_01_00_iPX_LA_Jinny_0204,0,0
2026-03-22,0.0,legacy,0,0.0,,0.0,0,0.0,0.0,0,,0.0,0,0,0.0,0,DAILY_BUDGET,0,ENABLED,0,0,0,300.0,0,0,0.0,0.0,0,52028502766373,0.0,,0.0,0,0,,0,0,0,0,EUR,0,,0,ads2_iPXS Max_main_jinny_0912,0,0
2026-03-08,0.0,legacy,0,0.0,0.0,0.0,0,0.0,0.0,0,,0.0,0,0,0.0,0,DAILY_BUDGET,0,ENABLED,0,0,0,50.0,0,0,0.0,0.0,0,484105892523489,0.0,0.0,0.0,31,0,,0,0,0,0,EUR,0,,0,12_11_13_01_A_Common_SelfieStick_SP_PriceTest,0,0
2026-03-18,0.0,legacy,0,0.0,,0.0,0,0.0,0.0,0,,0.0,0,0,0.0,0,DAILY_BUDGET,0,ENABLED,0,0,0,20.0,0,0,0.0,0.0,0,22731806001894,0.0,,0.0,0,0,,0,0,0,0,EUR,0,,0,ads2_iPX_TF_test_jinny_0727,0,0
2026-03-23,0.0,optimizeForSales,0,0.0,,0.0,0,0.0,0.0,0,,0.0,0,0,0.0,0,DAILY_BUDGET,0,ENABLED,0,0,0,10.0,0,0,0.0,0.0,0,212862116325959,0.0,,0.0,0,0,,0,0,0,0,EUR,0,,0,12_20_08_01_pe2008_yhjung_12,0,0
2026-03-05,0.0,optimizeForSales,0,0.0,,0.0,0,0.0,0.0,0,,0.0,0,0,0.0,0,DAILY_BUDGET,0,ARCHIVED,0,0,0,50.0,0,0,0.0,0.0,0,305838483918636,0.0,,0.0,0,0,,0,0,0,0,EUR,0,,0,12_13_26_18_Nintendo Switch 2_Dual Grip_B0DQ67JGXW_Chaeeun_260128,0,0
2026-03-20,0.0,legacy,0,0.0,,0.0,0,0.0,0.0,0,,0.0,0,0,0.0,0,DAILY_BUDGET,0,ENABLED,0,0,0,100.0,0,0,0.0,0.0,0,146987511663185,0.0,,0.0,0,0,,0,0,0,0,EUR,0,,0,22_12_04_00_iphone xr_ezfit ver.a_sypark_1030,0,0
2026-03-15,0.0,legacy,0,0.0,,0.0,0,0.0,0.0,0,,0.0,0,0,0.0,0,DAILY_BUDGET,0,ENABLED,0,0,0,70.0,0,0,0.0,0.0,0,159734482179254,0.0,,0.0,0,0,,0,0,0,0,EUR,0,,0,22_31_04_00_glass_maxfc_sypark_0716,0,0
2026-03-30,0.0,legacy,0,0.0,,0.0,0,0.0,0.0,0,,0.0,0,0,0.0,0,DAILY_BUDGET,0,ENABLED,0,0,0,50.0,0,0,0.0,0.0,0,86109531301614,0.0,,0.0,0,0,,0,0,0,0,EUR,0,,0,odm_bsd2_uk_f306w_jay.kim_0530,0,0
2026-03-23,0.0,legacy,0,0.0,,0.0,0,0.0,0.0,0,,0.0,0,0,0.0,0,DAILY_BUDGET,0,ENABLED,0,0,0,15.0,0,0,0.0,0.0,0,55099394791074,0.0,,0.0,0,0,,0,0,0,0,EUR,0,,0,12_20_08_01_SP_kfz_F31QC_yhjung-1005,0,0
2026-03-23,0.0,legacy,0,0.0,,0.0,0,0.0,0.0,0,,0.0,0,0,0.0,0,DAILY_BUDGET,0,ENABLED,0,0,0,15.0,0,0,0.0,0.0,0,70876645352084,0.0,,0.0,0,0,,0,0,0,0,EUR,0,,0,22_20_09_01_SP_F31QC_zigarettenanzünder usb c_exact_jsmun_0609,0,0
2026-03-01,0.0,legacy,0,0.0,,0.0,0,0.0,0.0,0,,0.0,0,0,0.0,0,DAILY_BUDGET,0,ENABLED,0,0,0,50.0,0,0,0.0,0.0,0,154975964591543,0.0,,0.0,0,0,,0,0,0,0,EUR,0,,0,22_12_02_00_GalaxyS10_LCCC_Jinny,0,0
2026-03-29,0.0,legacy,0,0.0,,0.0,0,0.0,0.0,0,,0.0,0,0,0.0,0,DAILY_BUDGET,0,ENABLED,0,0,0,30.0,0,0,0.0,0.0,0,90793688768831,0.0,,0.0,0,0,,0,0,0,0,EUR,0,,0,22_31_04_00_Redmi Note 7_20190626_jesung,0,0
2026-03-27,0.0,legacy,0,0.0,,0.0,0,0.0,0.0,0,,0.0,0,0,0.0,0,DAILY_BUDGET,0,ENABLED,0,0,0,20.0,0,0,0.0,0.0,0,22731806001894,0.0,,0.0,0,0,,0,0,0,0,EUR,0,,0,ads2_iPX_TF_test_jinny_0727,0,0
2026-03-09,0.0,legacy,0,0.0,,0.0,0,0.0,0.0,0,,0.0,0,0,0.0,0,DAILY_BUDGET,0,ENABLED,0,0,0,30.0,0,0,0.0,0.0,0,68958130581865,0.0,,0.0,0,0,,0,0,0,0,EUR,0,,0,22006578_iPhone XS_sunny_1015-1113,0,0
2026-03-23,0.0,legacy,0,0.0,,0.0,0,0.0,0.0,0,,0.0,0,0,0.0,0,DAILY_BUDGET,0,ENABLED,0,0,0,65.0,0,0,0.0,0.0,0,200830065129580,0.0,,0.0,0,0,,0,0,0,0,EUR,0,,0,22_12_01_00_iPXS_LC_Jinny_1120,0,0
2026-03-25,0.0,legacy,0,0.0,,0.0,0,0.0,0.0,0,,0.0,0,0,0.0,0,DAILY_BUDGET,0,ENABLED,0,0,0,100.0,0,0,0.0,0.0,0,38993744179876,0.0,,0.0,0,0,,0,0,0,0,EUR,0,,0,22_12_01_00_iPX_UHBK_Jinny_0410,0,0
2026-03-01,0.0,legacy,0,0.0,,0.0,0,0.0,0.0,0,,0.0,0,0,0.0,0,DAILY_BUDGET,0,ENABLED,0,0,0,150.0,0,0,0.0,0.0,0,258896916352266,0.0,,0.0,0,0,,0,0,0,0,EUR,0,,0,22_12_01_00_iPXS_TA_BK_Jinny_1217,0,0
2026-03-07,15.94,optimizeForSales,2,15.94,0.06,15.94,0,39.88,39.88,0,,15.94,0,1,2.03,1,DAILY_BUDGET,1,ENABLED,2,1,1,30.0,2,1,2.03,2.03,2,402737069272671,39.88,2.631578947368421,39.88,38,0,,1,2,2,0,EUR,2,,1,"12_15_04_03_DE_iPhone 16/15 EZ Fit (B2B, Auto)_Keyword SPN_251222_yeseo",1,2
2026-03-22,0.0,optimizeForSales,0,0.0,,0.0,0,0.0,0.0,0,,0.0,0,0,0.0,0,DAILY_BUDGET,0,ENABLED,0,0,0,100.0,0,0,0.0,0.0,0,174760876656366,0.0,,0.0,0,0,,0,0,0,0,EUR,0,,0,12_11_01_03_iPSE/8_LA_Jinny_0518,0,0
2026-03-06,0.0,legacy,0,0.0,,0.0,0,0.0,0.0,0,,0.0,0,0,0.0,0,DAILY_BUDGET,0,ENABLED,0,0,0,150.0,0,0,0.0,0.0,0,163934682564420,0.0,,0.0,0,0,,0,0,0,0,EUR,0,,0,22_12_01_00_iPhoneX_UHBK_Jinny_0211,0,0
2026-03-03,0.0,optimizeForSales,0,0.0,0.05,0.0,0,0.0,0.0,0,,0.0,0,0,0.0,0,DAILY_BUDGET,0,ARCHIVED,0,0,0,40.0,0,0,0.0,0.0,0,383138245218343,0.0,0.0,0.0,109,0,,0,0,0,0,EUR,0,,0,12_13_26_18_Nintendo Switch 2_NS100_B0FCZLWVMQ_chaeeun_260225,0,0
2026-03-10,0.0,legacy,0,0.0,,0.0,0,0.0,0.0,0,,0.0,0,0,0.0,0,DAILY_BUDGET,0,ENABLED,0,0,0,20.0,0,0,0.0,0.0,0,26689721816346,0.0,,0.0,0,0,,0,0,0,0,EUR,0,,0,12_30_04_20_oneplus nord ce_glas.tr slim_210802_grace,0,0
2026-03-17,0.0,legacy,0,0.0,,0.0,0,0.0,0.0,0,,0.0,0,0,0.0,0,DAILY_BUDGET,0,ENABLED,0,0,0,20.0,0,0,0.0,0.0,0,187346250960625,0.0,,0.0,0,0,,0,0,0,0,EUR,0,,0,12_30_04_20_oneplus8pro neoflex_200623_sypark,0,0
2026-03-05,0.0,legacy,0,0.0,,0.0,0,0.0,0.0,0,,0.0,0,0,0.0,0,DAILY_BUDGET,0,ENABLED,0,0,0,15.0,0,0,0.0,0.0,0,256428530134843,0.0,,0.0,0,0,,0,0,0,0,EUR,0,,0,22_20_06_01_SP_F309W_iphone ladestation_exact_jsmun_0525,0,0
2026-03-26,0.0,legacy,0,0.0,,0.0,0,0.0,0.0,0,,0.0,0,0,0.0,0,DAILY_BUDGET,0,ENABLED,0,0,0,50.0,0,0,0.0,0.0,0,228608718180344,0.0,,0.0,0,0,,0,0,0,0,EUR,0,,0,22_12_06_00_aws_s350_bk_stella_v2,0,0
2026-03-11,0.0,legacy,0,0.0,,0.0,0,0.0,0.0,0,,0.0,0,0,0.0,0,DAILY_BUDGET,0,ENABLED,0,0,0,20.0,0,0,0.0,0.0,0,216603491982702,0.0,,0.0,0,0,,0,0,0,0,EUR,0,,0,12_20_10_01_SP_C10CL1P_usb c lightning/iphone 11 ladekabel_exact_jsmun_0622,0,0
2026-03-21,0.0,legacy,0,0.0,,0.0,0,0.0,0.0,0,,0.0,0,0,0.0,0,DAILY_BUDGET,0,ENABLED,0,0,0,30.0,0,0,0.0,0.0,0,172410889481802,0.0,,0.0,0,0,,0,0,0,0,EUR,0,,0,12_11_01_26_xiaomi poco M4 pro 5g_RA_auto_kate_0223,0,0
2026-03-17,0.0,legacy,0,0.0,,0.0,0,0.0,0.0,0,,0.0,0,0,0.0,0,DAILY_BUDGET,0,ENABLED,0,0,0,30.0,0,0,0.0,0.0,0,67224561799521,0.0,,0.0,0,0,,0,0,0,0,EUR,0,,0,12_30_06_23_new_galaxy watch 4 classic 46mm_ezfit_0106_grace,0,0
2026-03-02,0.0,legacy,0,0.0,,0.0,0,0.0,0.0,0,,0.0,0,0,0.0,0,DAILY_BUDGET,0,ENABLED,0,0,0,50.0,0,0,0.0,0.0,0,194387676914695,0.0,,0.0,0,0,,0,0,0,0,EUR,0,,0,12_30_06_23_galaxy watch 5 40mm ezfit_0809_grace,0,0
2026-03-12,0.0,legacy,0,0.0,,0.0,0,0.0,0.0,0,,0.0,0,0,0.0,0,DAILY_BUDGET,0,ENABLED,0,0,0,10.0,0,0,0.0,0.0,0,76063339654228,0.0,,0.0,0,0,,0,0,0,0,EUR,0,,0,12_20_08_01_pe2103_yhjung_202201,0,0
2026-03-17,0.0,legacy,0,0.0,,0.0,0,0.0,0.0,0,,0.0,0,0,0.0,0,DAILY_BUDGET,0,ENABLED,0,0,0,20.0,0,0,0.0,0.0,0,135007577813335,0.0,,0.0,0,0,,0,0,0,0,EUR,0,,0,12_30_04_03_iphone 8+/7+ alm_0621_grace,0,0
2026-03-03,0.0,optimizeForSales,0,0.0,1.2,0.0,0,0.0,0.0,0,,0.0,0,0,2.1,0,DAILY_BUDGET,0,ENABLED,0,0,0,30.0,0,0,2.1,0.7,0,321178541371073,0.0,0.23166023166023164,0.0,1295,0,,0,0,0,0,EUR,0,,3,12_13_20_03_AW11 42mm WBM4_SP Auto_subin_260224,0,0
2026-03-22,26.88,optimizeForSales,3,26.88,7.02,26.88,0,47.88,47.88,0,,26.88,0,2,11.79,2,DAILY_BUDGET,2,ENABLED,3,2,2,40.0,3,2,11.79,1.07,3,373018083414224,47.88,0.425531914893617,47.88,2585,0,,2,3,3,0,EUR,3,,11,12_11_01_09_A_Pixel 10a_SP_Main_Exact,2,3
2026-03-13,0.0,optimizeForSales,0,0.0,,0.0,0,0.0,0.0,0,,0.0,0,0,0.0,0,DAILY_BUDGET,0,ENABLED,0,0,0,20.0,0,0,0.0,0.0,0,142075091185081,0.0,,0.0,0,0,,0,0,0,0,EUR,0,,0,22_12_01_00_IPX_UHBK_PT_Jinny_0304,0,0
2026-03-04,0.0,legacy,0,0.0,,0.0,0,0.0,0.0,0,,0.0,0,0,0.0,0,DAILY_BUDGET,0,ENABLED,0,0,0,200.0,0,0,0.0,0.0,0,219186965497997,0.0,,0.0,0,0,,0,0,0,0,EUR,0,,0,12_11_01_03_iP12/12Pro_LA_Jinny_210708,0,0
2026-03-02,0.0,legacy,0,0.0,,0.0,0,0.0,0.0,0,,0.0,0,0,0.0,0,DAILY_BUDGET,0,ENABLED,0,0,0,250.0,0,0,0.0,0.0,0,270438246176388,0.0,,0.0,0,0,,0,0,0,0,EUR,0,,0,22_31_04_00_iphone xs_ezfit ver.a_sypark_1226,0,0
