(Parent) ASIN,(Child) ASIN,Title,Sessions - Mobile App,Sessions – Mobile APP – B2B,Sessions - Browser,Sessions – Browser – B2B,Sessions - Total,Sessions – Total – B2B,Session Percentage - Mobile App,Session Percentage – Mobile APP – B2B,Session Percentage - Browser,Session Percentage – Browser – B2B,Session Percentage - Total,Session Percentage – Total – B2B,Page Views - Mobile App,Page Views – Mobile APP – B2B,Page Views - Browser,Page Views – Browser – B2B,Page Views - Total,Page Views – Total – B2B,Page Views Percentage - Mobile App,Page Views Percentage – Mobile App – B2B,Page Views Percentage - Browser,Page Views Percentage – Browser – B2B,Page Views Percentage - Total,Page Views Percentage – Total – B2B,Featured Offer (Buy Box) Percentage,Featured Offer (Buy Box) Percentage – B2B,Units ordered,Units ordered - B2B,Unit session percentage,Unit session percentage - B2B,Ordered product sales,Ordered product sales - B2B,Total order items,Total order items - B2B,report_date
B0FDQP46Z2,B0FBDQ73HY,"Spigen Glas.tR EZ Fit Optik Kameraschutz kompatibel mit Google Pixel 10 Pro, 2 Stück, Kristallklar, Rundumschutz, Anti-Kratzer, 9H Härte Schutzfolie",18,0,13,2,31,2,0.07%,0.0%,0.08%,0.21%,0.07%,0.16%,21,0,14,2,35,2,0.06%,0.0%,0.07%,0.14%,0.06%,0.11%,97.06%,100.0%,5,0,16.13%,0.0%,99.97,0.0,5,0,20260330
B0FWT8ND63,B0FWT8ND63,Spigen Rugged Armor Pro Hülle mit Armband Kompatibel mit Google Pixel Watch 4 45mm (2025) mit Ladeständer - Matt Schwarz,22,0,16,0,38,0,0.05%,0.0%,0.08%,0.0%,0.06%,0.0%,31,0,23,0,54,0,0.05%,0.0%,0.09%,0.0%,0.06%,0.0%,100.0%,0.0%,2,0,5.26%,0.0%,51.82,0.0,2,0,20260308
B0G6Y6XB4Z,B0FD2K58MF,Spigen iPhone 17 Hülle [Spigen Signature] Ultra Hybrid MagFit [Dura Clear Tech] Case Handyhülle Transparent Kompatibel mit MagSafe -Clear White,177,2,127,6,304,8,0.34%,0.42%,0.52%,0.46%,0.4%,0.45%,280,2,191,8,471,10,0.4%,0.31%,0.59%,0.46%,0.46%,0.42%,99.28%,57.14%,38,0,12.5%,0.0%,607.7,0.0,37,0,20260316
B0FQSD86KK,B0FCFC9WL2,"Spigen Glas.tR EZ Fit Pro Schutzfolie kompatibel mit iPhone 17 Pro, iPhone 17, iPhone 16 Pro, 2 Stück, inklusive Installationskit, Kratzfest, Kristallklar, 9H Härte Folie",21,0,16,1,37,1,0.08%,0.0%,0.11%,0.2%,0.09%,0.14%,33,0,28,1,61,1,0.08%,0.0%,0.14%,0.14%,0.1%,0.09%,100.0%,100.0%,3,0,8.11%,0.0%,68.97,0.0,3,0,20260328
B0FQMPZFVM,B0FD2C5LLX,Spigen iPhone 17 Hülle [Spigen Premium Qualität] Rugged Armor MagFit Case Carbonfaser Muster Handyhülle TPU Schutzhülle Kompatibel mit MagSafe -Matte Black,20,0,21,0,41,0,0.08%,0.0%,0.15%,0.0%,0.1%,0.0%,30,0,36,0,66,0,0.08%,0.0%,0.18%,0.0%,0.12%,0.0%,100.0%,0.0%,2,0,4.88%,0.0%,39.66,0.0,2,0,20260324
B09N9Y7X2Z,B09N9Y7X2Z,"Spigen Rugged Armor Pro Tasche Kompatibel mit MacBook Neo (2026) MacBook Pro 14 Zoll M5 Pro / M5 Max (2026), M5 (2025),M4 / M3 / M2 / M1 Pro/Max Serie (2024/23/21) - Schwarz",4,0,1,0,5,0,0.01%,0.0%,0.01%,0.0%,0.01%,0.0%,5,0,1,0,6,0,0.01%,0.0%,0.0%,0.0%,0.01%,0.0%,100.0%,0.0%,0,0,0.0%,0.0%,0.0,0.0,0,0,20260303
B0BDVT17LH,B0B9P11R5S,"Spigen O-Mag Handy Ring Halterung Magnetisch für MagSafe, Handy Ständer Magnetic Phone Ring Holder, Kompatibel mit iPhone 17 17e 16 Pro Max Air, Pixel 10 Pro Fold XL, Samsung Galaxy S26 Ultra- Carbon",66,1,22,0,88,1,0.12%,0.18%,0.09%,0.0%,0.11%,0.07%,73,1,25,0,98,1,0.09%,0.13%,0.07%,0.0%,0.09%,0.05%,100.0%,100.0%,2,0,2.27%,0.0%,39.98,0.0,2,0,20260315
B08ML65KPG,B0FD2GGXR5,"Spigen Schutzhülle für iPhone 17 Pro, Ultra-Hybrid, TPU-überzogene Kamerasteuerung, Anti-Vergilbung, kein Magnetring, Kristallklar",177,2,68,4,245,6,0.53%,0.67%,0.36%,0.42%,0.47%,0.48%,328,7,107,5,435,12,0.68%,1.53%,0.41%,0.37%,0.59%,0.66%,100.0%,100.0%,47,2,19.18%,33.33%,602.92,18.44,47,2,20260302
B0D9H1WL61,B0CVRNDN47,Spigen Tough Armor Hülle für Google Pixel 9 Pro und Pixel 9 [Made for Google] -Schwarz,9,0,10,0,19,0,0.03%,0.0%,0.06%,0.0%,0.04%,0.0%,19,0,15,0,34,0,0.04%,0.0%,0.06%,0.0%,0.05%,0.0%,100.0%,0.0%,2,0,10.53%,0.0%,42.16,0.0,2,0,20260304
B0DG1SFG8D,B0DCD7BDK1,Spigen Rugged Armor Pro Hülle mit Armband Kompatibel mit Apple Watch 11/10 46mm (2025/2024) - Marine Blau,2,0,0,0,2,0,0.0%,0.0%,0.0%,0.0%,0.0%,0.0%,2,0,0,0,2,0,0.0%,0.0%,0.0%,0.0%,0.0%,0.0%,100.0%,0.0%,0,0,0.0%,0.0%,0.0,0.0,0,0,20260313
B0FX9SFR98,B0FM2RN8TX,Spigen Rugged Armor 2 Hülle Kompatibel mit Apple Watch 11/10 46mm (2025/2024) - Matt Schwarz,3,0,3,0,6,0,0.01%,0.0%,0.02%,0.0%,0.01%,0.0%,9,0,3,0,12,0,0.02%,0.0%,0.02%,0.0%,0.02%,0.0%,100.0%,0.0%,1,0,16.67%,0.0%,15.86,0.0,1,0,20260321
B0BZ62X6LT,B0BZ62X6LT,Spigen Liquid Air Hülle Kompatibel mit Google Pixel 8 -Abyss Green,3,0,3,0,6,0,0.01%,0.0%,0.02%,0.0%,0.01%,0.0%,3,0,3,0,6,0,0.01%,0.0%,0.01%,0.0%,0.01%,0.0%,100.0%,0.0%,1,0,16.67%,0.0%,15.25,0.0,1,0,20260302
B0F1T5C77Q,B0CVNM1YTM,"Spigen Tesla Model Y Juniper 2026 Standard & Model 3 Highland 2026 Mittelarmlehne Abdeckung, Armlehne Abdeckung Schutzhülle Innenraum für Tesla Model Y Juniper 2025 und 3 Highland 2024 2025 - Weiß",3,0,9,0,12,0,0.01%,0.0%,0.05%,0.0%,0.02%,0.0%,3,0,11,0,14,0,0.01%,0.0%,0.04%,0.0%,0.02%,0.0%,100.0%,0.0%,0,0,0.0%,0.0%,0.0,0.0,0,0,20260308
B0BTMWWR2L,B0FVB1BBZD,"Spigen Tough Armor MagFit für Samsung Galaxy S26 Plus Hülle [XRD-Pad Stoßdämpfung] [Militärgeprüfter Schutz] Case Handyhülle, Kompatibel mit MagSafe –Abyss Green",3,0,2,0,5,0,0.01%,0.0%,0.01%,0.0%,0.01%,0.0%,4,0,3,0,7,0,0.01%,0.0%,0.01%,0.0%,0.01%,0.0%,100.0%,0.0%,0,0,0.0%,0.0%,0.0,0.0,0,0,20260331
B0GP93QVH3,B0FZQ1LS5Y,Spigen Ultra Hybrid MagFit für Google Pixel 10a Hülle [Anti Vergilbung] Case Handyhülle Transparent Kompatibel mit MagSafe -Clear White,9,0,8,0,17,0,0.04%,0.0%,0.06%,0.0%,0.04%,0.0%,11,0,8,0,19,0,0.03%,0.0%,0.04%,0.0%,0.03%,0.0%,100.0%,0.0%,0,0,0.0%,0.0%,0.0,0.0,0,0,20260326
B0FPTKNYP3,B0FPTKNYP3,Spigen Essential Cryomax MagFit Qi2.2 25W MagSafe Autohalterung mit Ladefunktion 【Peltier Kühler】 Kabelloses Ladegerät [inkl. 1m Ladekabel] Kompatibel mit iPhone 17 16 15 14 13 Pro Max Air - Lüftung,27,0,25,4,52,4,0.09%,0.0%,0.14%,0.41%,0.11%,0.33%,38,0,34,5,72,5,0.09%,0.0%,0.14%,0.38%,0.11%,0.3%,100.0%,100.0%,3,1,5.77%,25.0%,95.35,27.71,3,1,20260317
B08P4R56Y3,B01BEDNUDK,"Spigen Rugged Armor Hülle Kompatibel mit iPhone SE, iPhone 5s und iPhone 5 -Schwarz",1,0,3,0,4,0,0.0%,0.0%,0.02%,0.0%,0.01%,0.0%,1,0,3,0,4,0,0.0%,0.0%,0.01%,0.0%,0.0%,0.0%,100.0%,0.0%,0,0,0.0%,0.0%,0.0,0.0,0,0,20260301
B0FXFT7HTN,B0FCVK9G1F,Spigen Vault Hülle Case Kompatibel mit AirPods Pro 3. Generation (2025) mit Sicherem Magnetverschluss - Matt Schwarz,31,0,13,1,44,1,0.12%,0.0%,0.09%,0.12%,0.11%,0.09%,44,0,21,1,65,1,0.12%,0.0%,0.11%,0.08%,0.11%,0.06%,100.0%,100.0%,3,0,6.82%,0.0%,53.68,0.0,3,0,20260324
B0B9ZZPFYV,B0B9ZZPFYV,Spigen Liquid Air Folio Hülle Kompatibel Mit iPad Pro 11 Zoll Generation 4 2022 | 3 2021 mit Apple Pencil (2. Gen) Halter - Schwarz,2,0,1,0,3,0,0.0%,0.0%,0.01%,0.0%,0.01%,0.0%,2,0,1,0,3,0,0.0%,0.0%,0.0%,0.0%,0.0%,0.0%,100.0%,0.0%,0,0,0.0%,0.0%,0.0,0.0,0,0,20260301
B0DF1DC68Q,B0F49D7HWT,Spigen Ultra Hybrid Hülle Kompatibel mit Google Pixel 10 und Pixel 10 Pro [Made for Google] -Crystal Clear,23,0,20,3,43,3,0.08%,0.0%,0.14%,0.32%,0.1%,0.26%,29,0,24,3,53,3,0.07%,0.0%,0.12%,0.25%,0.09%,0.2%,100.0%,100.0%,3,0,6.98%,0.0%,50.97,0.0,3,0,20260319
B0CH7Z9T4C,B0BN2SDTS5,Spigen Ultra Hybrid MagFit Case Compatible with AirPods Pro 2nd Generation (2023/2022) - ZeroOne,7,0,0,0,7,0,0.02%,0.0%,0.0%,0.0%,0.01%,0.0%,9,0,0,0,9,0,0.02%,0.0%,0.0%,0.0%,0.01%,0.0%,100.0%,0.0%,0,0,0.0%,0.0%,0.0,0.0,0,0,20260305
B0DG47ZK2P,B0BKR5R1RJ,Spigen Ultra Hybrid Hülle Kompatibel mit Google Pixel 7a -Crystal Clear,2,0,1,0,3,0,0.01%,0.0%,0.01%,0.0%,0.01%,0.0%,5,0,4,0,9,0,0.01%,0.0%,0.02%,0.0%,0.02%,0.0%,100.0%,0.0%,0,0,0.0%,0.0%,0.0,0.0,0,0,20260325
B0BDWV333M,B0CB78D95C,Spigen für iPhone 15 Pro Ultra Hybrid MagFit Hülle [Anti-Yellowing] Case Handyhülle Transparent Dünn Slim Kompatibel mit MagSafe -Zero One White,7,0,2,0,9,0,0.03%,0.0%,0.01%,0.0%,0.02%,0.0%,7,0,2,0,9,0,0.02%,0.0%,0.01%,0.0%,0.01%,0.0%,100.0%,0.0%,1,0,11.11%,0.0%,26.55,0.0,1,0,20260318
B0FQTL78N8,B074CMHQW5,Spigen Ultra Hybrid Hülle Kompatibel mit iPhone XS und Kompatibel mit iPhone X -Schwarz,0,0,0,0,0,0,0.0%,0.0%,0.0%,0.0%,0.0%,0.0%,0,0,0,0,0,0,0.0%,0.0%,0.0%,0.0%,0.0%,0.0%,0.0%,0.0%,0,0,0.0%,0.0%,0.0,0.0,0,0,20260304
B0BDVT17LH,B0B9P11R5S,"Spigen O-Mag Handy Ring Halterung Magnetisch für MagSafe, Handy Ständer Magnetic Phone Ring Holder, Kompatibel mit iPhone 17 17e 16 Pro Max Air, Pixel 10 Pro Fold XL, Samsung Galaxy S26 Ultra- Carbon",15,0,13,0,28,0,0.04%,0.0%,0.07%,0.0%,0.05%,0.0%,18,0,15,0,33,0,0.04%,0.0%,0.06%,0.0%,0.04%,0.0%,100.0%,0.0%,0,0,0.0%,0.0%,0.0,0.0,0,0,20260303
B0D14KNHR8,B0CD32H2RN,"Spigen OneTap Pro 3 Cryomax Magsafe Autohalterung mit Ladefunktion, Schnellladung Kfz Kabelloses Ladegerät, Lüftung Handyhalterung Kompatibel mit iPhone 17/16/15/14/13/12 (Pro/Max/Air/Plus/Mini)",2,0,3,1,5,1,0.01%,0.0%,0.02%,0.11%,0.01%,0.09%,2,0,3,1,5,1,0.01%,0.0%,0.02%,0.08%,0.01%,0.07%,100.0%,100.0%,1,1,20.0%,100.0%,35.27,35.27,1,1,20260319
B0GQ568HPC,B0FVBMCTG6,"Spigen Liquid Air MagFit für Samsung Galaxy S26 Ultra Hülle [rutschfest] Slim TPU mit Truss-Design, Militärgeprüfter Schutz Case Handyhülle, Kompatibel mit MagSafe –Matte Black",137,1,73,6,210,7,0.51%,0.41%,0.51%,0.65%,0.51%,0.6%,254,1,96,8,350,9,0.65%,0.32%,0.49%,0.65%,0.6%,0.59%,100.0%,100.0%,20,1,9.52%,14.29%,394.33,16.78,20,1,20260319
B09S5KVFKD,B09JFLS2VK,Spigen Slim Armor CS Hülle Kompatibel mit Samsung Galaxy S22 Ultra -Schwarz,1,0,0,0,1,0,0.0%,0.0%,0.0%,0.0%,0.0%,0.0%,1,0,0,0,1,0,0.0%,0.0%,0.0%,0.0%,0.0%,0.0%,100.0%,0.0%,0,0,0.0%,0.0%,0.0,0.0,0,0,20260325
B0CV8449PW,B08S1XM54D,"Spigen Smart Fold MagFit MagSafe Kartenhalter mit Ständer Kompatibel mit iPhone 17/16/15, andere MagSafe-Modelle und Google Pixel 10-Serie mit Pixelsnap - Schwarz",12,0,7,0,19,0,0.04%,0.0%,0.04%,0.0%,0.04%,0.0%,15,0,8,0,23,0,0.03%,0.0%,0.04%,0.0%,0.03%,0.0%,100.0%,0.0%,1,0,5.26%,0.0%,26.25,0.0,1,0,20260322
B0D14KNHR8,B0CD32H2RN,"Spigen OneTap Pro 3 Cryomax Magsafe Autohalterung mit Ladefunktion, Schnellladung Kfz Kabelloses Ladegerät, Lüftung Handyhalterung Kompatibel mit iPhone 17/16/15/14/13/12 (Pro/Max/Air/Plus/Mini)",2,0,2,0,4,0,0.01%,0.0%,0.01%,0.0%,0.01%,0.0%,2,0,2,0,4,0,0.01%,0.0%,0.01%,0.0%,0.01%,0.0%,100.0%,0.0%,0,0,0.0%,0.0%,0.0,0.0,0,0,20260326
B0BWGLQFLM,B0BWGLQFLM,Spigen AirSkin Pro Kompatibel mit iPad Pro 12.9 Zoll 6. Generation (2022) / 5. Generation (2021) Hülle mit abnehmbarem magnetischem Deckel - Grau,1,0,2,0,3,0,0.0%,0.0%,0.01%,0.0%,0.01%,0.0%,1,0,2,0,3,0,0.0%,0.0%,0.01%,0.0%,0.01%,0.0%,100.0%,0.0%,0,0,0.0%,0.0%,0.0,0.0,0,0,20260331
B0GP9T84VH,B0DNGQ4KQD,"Spigen Nano Pop MagFit Hülle für Google Pixel 9a, Kompatibel mit MagSafe -Black Sesame",2,0,17,0,19,0,0.01%,0.0%,0.12%,0.0%,0.05%,0.0%,6,0,36,0,42,0,0.02%,0.0%,0.19%,0.0%,0.07%,0.0%,100.0%,0.0%,2,0,10.53%,0.0%,49.98,0.0,2,0,20260328
B0BTMWWR2L,B0DWYJTRMJ,"Spigen Tough Armor (AI) MagFit für Samsung Galaxy S25 Edge Hülle mit [Stoßdämpfendes Pad], [verstellbarem Kickstand], MagSafe kompatibel –Schwarz",2,0,4,0,6,0,0.01%,0.0%,0.03%,0.0%,0.01%,0.0%,2,0,4,0,6,0,0.01%,0.0%,0.02%,0.0%,0.01%,0.0%,0.0%,0.0%,0,0,0.0%,0.0%,0.0,0.0,0,0,20260319
B0G2PP94TR,B0FVB24LQ4,Spigen Ultra Hybrid für Samsung Galaxy S26 Hülle [Anti Vergilbung] Ultra Hybrid Case Handyhülle Transparent Schutzhülle Slim Dünn –Crystal Clear,44,0,21,0,65,0,0.17%,0.0%,0.14%,0.0%,0.16%,0.0%,62,0,25,0,87,0,0.17%,0.0%,0.12%,0.0%,0.15%,0.0%,100.0%,0.0%,4,0,6.15%,0.0%,67.69,0.0,4,0,20260323
B0FH4NCY56,B09Y8QSHSS,"Spigen Wasserdichte Handyhülle [Aqua Shield] [2 Stick] IPX8 wasserfeste Handytasche unterwasser Hülle kompatibel mit iPhone 16/15/14/13 Serien, Galaxy S25/S24/S23 und Allen Smartphones - Crystal Clear",2,0,1,0,3,0,0.01%,0.0%,0.01%,0.0%,0.01%,0.0%,2,0,2,0,4,0,0.01%,0.0%,0.01%,0.0%,0.01%,0.0%,100.0%,0.0%,0,0,0.0%,0.0%,0.0,0.0,0,0,20260331
B0GKNCXGQ8,B08NFJ7Z3J,"Spigen Valentinus MagFit MagSafe Kartenhalter 2-Karten Kompatibel mit iPhone 17/16/15, andere MagSafe-Modelle und Google Pixel 10-Serie mit Pixelsnap - Schwarz",27,2,22,0,49,2,0.1%,0.84%,0.15%,0.0%,0.12%,0.18%,30,3,29,0,59,3,0.08%,0.82%,0.14%,0.0%,0.1%,0.18%,100.0%,100.0%,6,0,12.24%,0.0%,131.94,0.0,6,0,20260320
B0FPTKNYP3,B0FPTKNYP3,Spigen Essential Cryomax MagFit Qi2.2 25W MagSafe Autohalterung mit Ladefunktion 【Peltier Kühler】 Kabelloses Ladegerät [inkl. 1m Ladekabel] Kompatibel mit iPhone 17 16 15 14 13 Pro Max Air - Lüftung,52,1,38,2,90,3,0.09%,0.21%,0.14%,0.16%,0.11%,0.17%,76,3,54,3,130,6,0.1%,0.45%,0.15%,0.17%,0.11%,0.25%,100.0%,100.0%,9,0,10.0%,0.0%,250.02,0.0,9,0,20260312
B0FH3TF2HD,B0CBD4Y9X1,"Spigen Glas.tR EZ Fit Schutzfolie kompatibel mit ASUS ROG Ally (2023), 2 Stück, Schablone für Installation, Kristallklar, Kratzfest, 9H Härte Folie",0,0,1,0,1,0,0.0%,0.0%,0.01%,0.0%,0.0%,0.0%,0,0,1,0,1,0,0.0%,0.0%,0.0%,0.0%,0.0%,0.0%,100.0%,0.0%,0,0,0.0%,0.0%,0.0,0.0,0,0,20260331
B0BDVT17LH,B0B9P11R5S,"Spigen O-Mag Handy Ring Halterung Magnetisch für MagSafe, Handy Ständer Magnetic Phone Ring Holder, Kompatibel mit iPhone 17 17e 16 Pro Max Air, Pixel 10 Pro Fold XL, Samsung Galaxy S26 Ultra- Carbon",13,0,7,1,20,1,0.05%,0.0%,0.05%,0.12%,0.05%,0.09%,15,0,10,1,25,1,0.04%,0.0%,0.05%,0.08%,0.05%,0.07%,100.0%,100.0%,3,0,15.0%,0.0%,74.76,0.0,3,0,20260327
B0DF1KDBR4,B09Y2WK34G,Spigen Ultra Hybrid Hülle Kompatibel mit Apple Watch Serie 9/8/7 41mm - Space Crystal,1,0,0,0,1,0,0.0%,0.0%,0.0%,0.0%,0.0%,0.0%,1,0,0,0,1,0,0.0%,0.0%,0.0%,0.0%,0.0%,0.0%,100.0%,0.0%,0,0,0.0%,0.0%,0.0,0.0,0,0,20260301
B0FLRDQYV3,B0FLRDQYV3,"Spigen Tesla Model Y Juniper 2025~ Model 3 Highland 2024~ (Nur Standard & Premium, Nicht Performance) Handyhalterung Auto für MagSafe Autohalterung, Tesla Zubehör für iPhone 17 16 15 Pro Max 17e",22,0,12,3,34,3,0.06%,0.0%,0.07%,0.29%,0.07%,0.23%,27,0,17,3,44,3,0.05%,0.0%,0.07%,0.21%,0.06%,0.17%,100.0%,100.0%,2,0,5.88%,0.0%,52.2,0.0,2,0,20260304
B0D9H1WL61,B0CVR387XZ,Spigen Tough Armor Hülle Kompatibel mit Google Pixel 9 Pro XL [Made for Google] -Abyss Green,1,0,7,0,8,0,0.0%,0.0%,0.04%,0.0%,0.01%,0.0%,1,0,12,0,13,0,0.0%,0.0%,0.04%,0.0%,0.02%,0.0%,100.0%,0.0%,1,0,12.5%,0.0%,20.99,0.0,1,0,20260306
B08QDPX1PC,B08LK6461C,Spigen Tough Armor Hülle Kompatibel mit Samsung Galaxy S21 -Schwarz,5,0,3,0,8,0,0.01%,0.0%,0.02%,0.0%,0.01%,0.0%,6,0,4,0,10,0,0.01%,0.0%,0.02%,0.0%,0.01%,0.0%,100.0%,0.0%,0,0,0.0%,0.0%,0.0,0.0,0,0,20260305
B0FD2WV1YY,B0FD2WV1YY,"Spigen iPhone Air Hülle [Zero One Edition] [Anti Vergilbung] Hightech-Design Ultra Hybrid MagFit Case Handyhülle, Kompatibel mit MagSafe Zubehör -Zero One Black",0,0,1,0,1,0,0.0%,0.0%,0.01%,0.0%,0.0%,0.0%,0,0,1,0,1,0,0.0%,0.0%,0.0%,0.0%,0.0%,0.0%,100.0%,0.0%,0,0,0.0%,0.0%,0.0,0.0,0,0,20260302
B0FB1Z6Y5V,B0FB1Z6Y5V,"Spigen Lite Fit Armband Entwickelt für Samsung Galaxy Watch 8 44mm/40mm, 8 Classic 46mm (2025) Nylon Solo Loop Armband - Schwarz",2,0,0,0,2,0,0.01%,0.0%,0.0%,0.0%,0.0%,0.0%,3,0,0,0,3,0,0.01%,0.0%,0.0%,0.0%,0.0%,0.0%,100.0%,0.0%,0,0,0.0%,0.0%,0.0,0.0,0,0,20260307
B0FPTKNYP3,B0FPTKNYP3,Spigen Essential Cryomax MagFit Qi2.2 25W MagSafe Autohalterung mit Ladefunktion 【Peltier Kühler】 Kabelloses Ladegerät [inkl. 1m Ladekabel] Kompatibel mit iPhone 17 16 15 14 13 Pro Max Air - Lüftung,49,2,34,2,83,4,0.09%,0.36%,0.13%,0.23%,0.1%,0.29%,72,2,51,2,123,4,0.09%,0.26%,0.15%,0.17%,0.11%,0.21%,99.09%,100.0%,10,0,12.05%,0.0%,282.75,0.0,10,0,20260315
B0BB6LHFYL,B0B1PCXZ2K,Spigen Optik Armor MagFit Hülle Kompatibel mit iPhone 14 Pro Max -Schwarz,5,0,1,0,6,0,0.02%,0.0%,0.01%,0.0%,0.02%,0.0%,12,0,1,0,13,0,0.03%,0.0%,0.01%,0.0%,0.02%,0.0%,100.0%,0.0%,0,0,0.0%,0.0%,0.0,0.0,0,0,20260327
B0G6YFRDPC,B0C8W5NJGT,"Caseology by Spigen Nano Pop MagFit MagSafe Kartenhalter Kompatibel mit iPhone 17/16/15, andere MagSafe-Modelle und Google Pixel 10-Serie mit Pixelsnap - Schwarzer Sesam",2,0,4,0,6,0,0.01%,0.0%,0.03%,0.0%,0.01%,0.0%,2,0,6,0,8,0,0.0%,0.0%,0.03%,0.0%,0.01%,0.0%,100.0%,0.0%,0,0,0.0%,0.0%,0.0,0.0,0,0,20260329
B0FNCQ632N,B0FD1TS6DF,"Spigen iPhone 17 Pro Max Hülle Nano Pop MagFit [Zweifarbiges Design] Stylisch Dünn Staubfrei Schlank Slim, Kompatibel mit MagSafe Zubehör -Burgundy Bean",14,0,7,0,21,0,0.05%,0.0%,0.04%,0.0%,0.04%,0.0%,14,0,7,0,21,0,0.03%,0.0%,0.03%,0.0%,0.03%,0.0%,100.0%,0.0%,0,0,0.0%,0.0%,0.0,0.0,0,0,20260317
B0DG1SFG8D,B0DCCWS7KL,Spigen Rugged Armor Pro Hülle mit Armband Kompatibel mit Apple Watch 11/10 46mm (2025/2024) - Schwarz,4,0,4,0,8,0,0.02%,0.0%,0.03%,0.0%,0.02%,0.0%,4,0,4,0,8,0,0.01%,0.0%,0.02%,0.0%,0.01%,0.0%,100.0%,0.0%,0,0,0.0%,0.0%,0.0,0.0,0,0,20260330
B0CTBYL8TZ,B0FD1Q6YFF,"Spigen iPhone 17 Pro Hülle [2025 Upgrade 360° Ständer] [Dura Clear] Ultra Hybrid S MagFit Case Handyhülle Stoßfest Kratzfest, Kompatibel mit MagSafe -Clear White",11,0,4,0,15,0,0.04%,0.0%,0.02%,0.0%,0.03%,0.0%,17,0,6,0,23,0,0.04%,0.0%,0.03%,0.0%,0.03%,0.0%,100.0%,0.0%,0,0,0.0%,0.0%,0.0,0.0,0,0,20260317
B0G6Y6XB4Z,B0FD28CZDK,Spigen iPhone 17 Pro Hülle [Spigen Signature] Ultra Hybrid MagFit [Dura Clear Tech] Case Handyhülle Transparent Kompatibel mit MagSafe -Clear White,560,6,408,11,968,17,0.98%,1.27%,1.53%,0.87%,1.15%,0.98%,745,8,545,17,1290,25,0.96%,1.19%,1.54%,0.97%,1.14%,1.03%,99.92%,87.5%,60,2,6.2%,11.76%,761.88,23.54,57,2,20260312
B0CL8GWNLG,B0CL8GWNLG,Spigen Liquid Air Hülle Kompatibel mit Google Pixel 8a -Abyss Green,1,0,2,0,3,0,0.0%,0.0%,0.01%,0.0%,0.01%,0.0%,1,0,4,0,5,0,0.0%,0.0%,0.02%,0.0%,0.01%,0.0%,100.0%,0.0%,0,0,0.0%,0.0%,0.0,0.0,0,0,20260317
B0DTHJXHY3,B0FVBFXHSW,"Spigen Nano Pop MagFit für Samsung Galaxy S26 Hülle [Zweifarbiges Design] Stylisch Dünn Staubfrei Case Handyhülle, Kompatibel mit MagSafe -Blueberry Navy",119,0,47,1,166,1,0.31%,0.0%,0.27%,0.19%,0.3%,0.13%,195,0,61,3,256,3,0.35%,0.0%,0.26%,0.42%,0.32%,0.28%,100.0%,100.0%,7,0,4.22%,0.0%,167.93,0.0,7,0,20260307
B0BWJ475B1,B0BMF8KRB6,"Spigen Glas.tR EZ Fit Optik Pro Kameraschutz kompatibel mit Samsung Galaxy S23 Ultra, 2 Stück, Phantom Black, Individuelle Kameraprotektion, Anti-Kratzer, 9H Härte Folie",8,0,1,0,9,0,0.02%,0.0%,0.01%,0.0%,0.02%,0.0%,12,0,1,0,13,0,0.02%,0.0%,0.0%,0.0%,0.02%,0.0%,100.0%,0.0%,0,0,0.0%,0.0%,0.0,0.0,0,0,20260304
B0FR43NQYR,B0DJG5HLH4,Spigen für iPhone 16 Hülle [Camera Control Button] Kamerasteuerung Aktivierte Case Ultra Hybrid T MagFit [Anti-Yellowing] Kamerabutton Kameraknopf Handyhülle Kompatibel mit MagSafe -Weiß,15,0,11,1,26,1,0.04%,0.0%,0.05%,0.08%,0.05%,0.06%,19,0,14,1,33,1,0.04%,0.0%,0.05%,0.06%,0.04%,0.04%,100.0%,100.0%,2,0,7.69%,0.0%,57.98,0.0,2,0,20260309
B0GQ9MW1XR,B0G877D436,"Spigen Glas.tR EZ Fit Pro Anti-Reflex Schutzfolie kompatibel mit Samsung Galaxy S26 Ultra, 2 Stück, inklusive Installationskit, Kratzfest, Kristallklar, 10H+ Härte Folie",6,1,11,0,17,1,0.01%,0.21%,0.05%,0.0%,0.02%,0.06%,8,1,17,0,25,1,0.01%,0.16%,0.05%,0.0%,0.02%,0.04%,90.91%,100.0%,1,0,5.88%,0.0%,22.09,0.0,1,0,20260316
B0BTMWWR2L,B0FVB23HNN,"Spigen Tough Armor MagFit für Samsung Galaxy S26 Plus Hülle [XRD-Pad Stoßdämpfung] [Militärgeprüfter Schutz] Case Handyhülle, Kompatibel mit MagSafe –Schwarz",34,0,22,3,56,3,0.09%,0.0%,0.11%,0.24%,0.1%,0.19%,52,0,28,3,80,3,0.1%,0.0%,0.1%,0.17%,0.1%,0.13%,100.0%,100.0%,10,0,17.86%,0.0%,298.71,0.0,10,0,20260309
B0G2PP94TR,B0FVBMVTRH,Spigen Ultra Hybrid MagFit für Samsung Galaxy S26 Ultra Hülle [Anti Vergilbung] Case Handyhülle Transparent Kompatibel mit MagSafe -Clear White,461,2,182,4,643,6,1.34%,0.7%,1.03%,0.39%,1.24%,0.46%,840,5,285,5,1125,10,1.69%,1.3%,1.16%,0.35%,1.51%,0.56%,99.61%,100.0%,80,2,12.44%,33.33%,1810.82,38.6,80,2,20260304
B0DJ1XXWHF,B0DKWKYBLZ,"Spigen iPhone 17e / iPhone 16e Hülle [rutschfest] Liquid Air Case Slim TPU mit Truss-Design, Militärgeprüfter Schutz -Matte Black",38,0,33,0,71,0,0.07%,0.0%,0.13%,0.0%,0.09%,0.0%,47,0,38,0,85,0,0.06%,0.0%,0.11%,0.0%,0.08%,0.0%,100.0%,0.0%,6,0,8.45%,0.0%,71.85,0.0,6,0,20260315
B08ML65KPG,B0D21W8ZDB,Spigen für iPhone 16 Pro Hülle [Anti-Yellowing] Ultra Hybrid Case Handyhülle Schutzhülle Cover Transparent Durchsichtig Dünn Slim -Natural Titanium,5,0,1,0,6,0,0.01%,0.0%,0.01%,0.0%,0.01%,0.0%,5,0,1,0,6,0,0.01%,0.0%,0.0%,0.0%,0.01%,0.0%,100.0%,0.0%,0,0,0.0%,0.0%,0.0,0.0,0,0,20260306
B0DJ1XXWHF,B0FD2HGY7X,"Spigen iPhone 17 Hülle [rutschfest] [DURCHDACHTE Details] Liquid Air Case Slim TPU mit Truss-Design, Militärgeprüfter Schutz, Sound Tunnel Technologie Handyhülle –Navy Blue",32,0,35,2,67,2,0.12%,0.0%,0.24%,0.21%,0.16%,0.16%,42,0,50,3,92,3,0.11%,0.0%,0.24%,0.22%,0.15%,0.17%,100.0%,0.0%,6,0,8.96%,0.0%,95.94,0.0,6,0,20260325
B0DZ6KTTZM,B0BJSB91LK,Spigen Liquid Air Hülle Kompatibel mit Samsung Galaxy S23 Ultra 5G -Schwarz,38,1,22,2,60,3,0.14%,0.41%,0.15%,0.22%,0.14%,0.26%,56,1,33,2,89,3,0.14%,0.32%,0.17%,0.16%,0.15%,0.2%,100.0%,100.0%,7,0,11.67%,0.0%,111.01,0.0,7,0,20260319
B09Y8NTZ1Y,B09Y8NTZ1Y,"Spigen Armband Dynamic Shield [Ultra-Leicht] Handytasche Joggen Handy Handyhalterung Universal [Schnelltrocknend] Kompatibel mit iPhone, Samsung Galaxy, Google Pixel -Schwarz",26,0,13,0,39,0,0.08%,0.0%,0.07%,0.0%,0.07%,0.0%,53,0,18,0,71,0,0.11%,0.0%,0.07%,0.0%,0.1%,0.0%,100.0%,0.0%,9,0,23.08%,0.0%,134.79,0.0,8,0,20260302
B0DQVMJC9Y,B0DJGSVWFL,Spigen Rugged Armor Hülle Kompatibel mit Xiaomi 14T Pro -Matte Black,7,0,2,0,9,0,0.01%,0.0%,0.01%,0.0%,0.01%,0.0%,9,0,2,0,11,0,0.01%,0.0%,0.01%,0.0%,0.01%,0.0%,100.0%,0.0%,0,0,0.0%,0.0%,0.0,0.0,0,0,20260313
B0G2PP94TR,B0FVB7135D,Spigen Ultra Hybrid MagFit für Samsung Galaxy S26 Plus Hülle [Anti Vergilbung] Case Handyhülle Transparent Kompatibel mit MagSafe -Clear White,38,0,14,1,52,1,0.11%,0.0%,0.07%,0.11%,0.1%,0.08%,58,0,14,1,72,1,0.12%,0.0%,0.05%,0.07%,0.1%,0.05%,100.0%,100.0%,5,0,9.62%,0.0%,112.57,0.0,5,0,20260302
B0FMQXDRZW,B0D84R9HYW,"Spigen Glas.tR EZ Fit Schutzfolie kompatibel mit iPhone 17 Pro Max, iPhone 16 Pro Max, 2 Stück, Kratzfest, inklusive Installationskit, Kristallklar, 9H Härte Folie",175,3,74,7,249,10,0.3%,0.6%,0.31%,0.56%,0.3%,0.57%,236,4,104,9,340,13,0.3%,0.64%,0.32%,0.53%,0.3%,0.56%,99.33%,90.91%,75,4,30.12%,40.0%,1099.36,51.79,69,4,20260313
B0FNCQ632N,B0FD2BY45B,"Spigen iPhone 17 Pro Hülle Nano Pop MagFit [Zweifarbiges Design] Stylisch Dünn Staubfrei Schlank Slim, Kompatibel mit MagSafe Zubehör -Burgundy Bean",26,0,8,1,34,1,0.09%,0.0%,0.05%,0.2%,0.07%,0.12%,28,0,10,1,38,1,0.06%,0.0%,0.05%,0.13%,0.06%,0.09%,100.0%,100.0%,0,0,0.0%,0.0%,0.0,0.0,0,0,20260329
B0FS76B5HG,B0C4G6M3YW,Spigen Rugged Armor Pro Hülle Entwickelt für Samsung Galaxy Tab S10 Ultra (2024) / S9 Ultra (2023) / S8 Ultra (2022) - Schwarz,7,0,5,0,12,0,0.03%,0.0%,0.03%,0.0%,0.03%,0.0%,7,0,6,0,13,0,0.02%,0.0%,0.03%,0.0%,0.02%,0.0%,100.0%,0.0%,0,0,0.0%,0.0%,0.0,0.0,0,0,20260318
B08ML65KPG,B0FD2CC4QZ,"Spigen Schutzhülle für iPhone 17, Ultra-Hybrid, TPU-überzogene Kamerasteuerung, Vergilbungsschutz, kein Magnetring, Kristallklar",77,1,52,0,129,1,0.19%,0.35%,0.28%,0.0%,0.22%,0.13%,114,1,116,0,230,1,0.19%,0.23%,0.45%,0.0%,0.27%,0.09%,100.0%,0.0%,28,0,21.71%,0.0%,364.82,0.0,28,0,20260301
B0B6VDJ598,B0B6VDJ598,Spigen Ultra Hybrid Hülle Kompatibel mit Nothing Phone (1) -Space Crystal,7,0,3,0,10,0,0.02%,0.0%,0.02%,0.0%,0.02%,0.0%,7,0,4,0,11,0,0.02%,0.0%,0.02%,0.0%,0.02%,0.0%,100.0%,0.0%,1,0,10.0%,0.0%,16.13,0.0,1,0,20260322
B0GQ5PC1QQ,B0FVBPTQT2,"Spigen Ultra Hybrid S MagFit für Samsung Galaxy S26 Ultra Hülle [3 Standmodi Ständer] Case Handyhülle Stoßfest Kratzfest, Kompatibel mit MagSafe -Clear White",61,1,21,0,82,1,0.2%,0.29%,0.13%,0.0%,0.18%,0.11%,110,1,32,0,142,1,0.25%,0.21%,0.15%,0.0%,0.22%,0.08%,100.0%,0.0%,6,0,7.32%,0.0%,178.72,0.0,6,0,20260322
B0D3HJD2GK,B0BJSLGWB1,Spigen Ultra Hybrid Hülle Kompatibel mit Samsung Galaxy S23 5G -Frost Black,4,0,6,0,10,0,0.02%,0.0%,0.04%,0.0%,0.02%,0.0%,8,0,8,0,16,0,0.02%,0.0%,0.04%,0.0%,0.03%,0.0%,100.0%,0.0%,1,0,10.0%,0.0%,16.99,0.0,1,0,20260323
B0CW2G35SQ,B0CW2G35SQ,Spigen Rugged Armor Pro Hülle Kompatibel mit iPad Pro 13 Zoll M5 (2025) / M4 (2024) Chip Robustes Case Auto Schlaf/Wach Funktion Stiftfreundlich - Schwarz,10,1,8,0,18,1,0.03%,0.42%,0.05%,0.0%,0.04%,0.08%,23,1,11,0,34,1,0.05%,0.3%,0.05%,0.0%,0.05%,0.06%,100.0%,100.0%,3,0,16.67%,0.0%,87.21,0.0,3,0,20260317
B0FY5RHDR1,B0D23RDZ3K,Spigen Reisepass Hülle mit RFID-Blockierung und SIM-Karten-Pin Passport Cover aus Kunstleder - Militärgrün,7,0,3,0,10,0,0.03%,0.0%,0.02%,0.0%,0.02%,0.0%,9,0,3,0,12,0,0.02%,0.0%,0.02%,0.0%,0.02%,0.0%,100.0%,0.0%,1,0,10.0%,0.0%,21.99,0.0,1,0,20260324
B0D4G43WY2,B0D4G43WY2,Spigen Liquid Air Hülle Kompatibel mit Samsung Galaxy Watch 7 40mm (2024) - Matt Schwarz,5,0,2,0,7,0,0.02%,0.0%,0.01%,0.0%,0.02%,0.0%,7,0,2,0,9,0,0.02%,0.0%,0.01%,0.0%,0.01%,0.0%,100.0%,0.0%,1,0,14.29%,0.0%,15.99,0.0,1,0,20260318
B0G2PP94TR,B0DJ9W4KRX,"Spigen Ultra Hybrid MagFit für Samsung Galaxy S25 Plus Hülle mit [Anti-Vergilbung], [Air Cushion Tech], MagSafe kompatibel –Clear White",10,0,4,0,14,0,0.04%,0.0%,0.03%,0.0%,0.03%,0.0%,19,0,7,0,26,0,0.05%,0.0%,0.04%,0.0%,0.05%,0.0%,100.0%,0.0%,0,0,0.0%,0.0%,0.0,0.0,0,0,20260324
B0DRSW6BCG,B0DJ9VY7B7,"Spigen Ultra Hybrid MagFit Hülle für Samsung Galaxy S25 Plus, Kompatibel mit MagSafe -Zero One Black",11,0,2,0,13,0,0.03%,0.0%,0.01%,0.0%,0.02%,0.0%,15,0,3,0,18,0,0.03%,0.0%,0.01%,0.0%,0.02%,0.0%,100.0%,0.0%,0,0,0.0%,0.0%,0.0,0.0,0,0,20260307
B0FR43NQYR,B0D7B143L8,Spigen für iPhone 16 Pro Max Hülle [Kamerasteuerung] Extreme Magnetkraft Ultra Hybrid T MagFit Militärschutz Case Magnetisch Handyhülle Stoßfest Kratzfest Kompatibel mit MagSafe -Weiß,75,1,17,0,92,1,0.14%,0.21%,0.07%,0.0%,0.12%,0.06%,88,1,19,0,107,1,0.12%,0.16%,0.06%,0.0%,0.1%,0.04%,100.0%,100.0%,3,1,3.26%,100.0%,66.27,22.09,3,1,20260316
B0GQ3JJJJ4,B0G7N15XXS,Spigen Lock Fit Hülle Kompatibel mit Samsung Galaxy Buds 4 Pro/Buds 4 (2026) - Matt Schwarz,56,0,28,1,84,1,0.21%,0.0%,0.18%,0.1%,0.2%,0.08%,91,0,56,1,147,1,0.24%,0.0%,0.26%,0.07%,0.25%,0.05%,100.0%,100.0%,9,1,10.71%,100.0%,238.6,22.66,9,1,20260330
B0FQ9GYNQS,B0FC7S6H6S,Spigen für Samsung Galaxy S25 FE Hülle [Anti Vergilbung] Ultra Hybrid MagFit Handyhülle Samsung S25 FE Kompatibel mit MagSafe -Weiß,14,1,11,0,25,1,0.05%,0.38%,0.08%,0.0%,0.06%,0.09%,29,1,12,0,41,1,0.08%,0.3%,0.06%,0.0%,0.07%,0.06%,100.0%,0.0%,4,0,16.0%,0.0%,95.96,0.0,4,0,20260326
B0GJ3G767T,B0B5YH8FZW,Spigen Urban Fit Hülle Case Kompatibel mit MacBook Air 13 Zoll M5 (2026) / M4 / M3 / M2 A2681 (2025/24/22) Kratzfeste Hartschalen aus Premium-Stoff - Schwarz,23,0,20,2,43,2,0.04%,0.0%,0.09%,0.25%,0.06%,0.15%,30,0,30,3,60,3,0.04%,0.0%,0.1%,0.28%,0.06%,0.17%,100.0%,100.0%,5,2,11.63%,100.0%,201.19,72.22,5,2,20260314
B0FMX2LK55,B0F497KNJ9,"Spigen NanoPop MagFit Hülle für Google Pixel 10 Pro XL, Kompatibel Mit Pixelsnap und MagSafe [2025 Neue Funktion] [Made for Google] -Black Sesame",12,0,7,1,19,1,0.02%,0.0%,0.03%,0.07%,0.02%,0.05%,28,0,12,1,40,1,0.04%,0.0%,0.03%,0.05%,0.03%,0.04%,100.0%,100.0%,3,0,15.79%,0.0%,63.9,0.0,3,0,20260311
B0FMWZBP8N,B0F49G3MD7,"Spigen Rugged Armor MagFit Hülle für Google Pixel 10 und Pixel 10 Pro, Kompatibel Mit Pixelsnap und MagSafe [2025 Neue Funktion] [Made for Google] -Schwarz",20,0,5,0,25,0,0.05%,0.0%,0.03%,0.0%,0.04%,0.0%,28,0,9,0,37,0,0.05%,0.0%,0.04%,0.0%,0.05%,0.0%,100.0%,0.0%,2,0,8.0%,0.0%,38.3,0.0,2,0,20260307
B0C8J3H1LT,B0DJ9SZVBL,"Spigen Optik Armor für Samsung Galaxy S25 Ultra Hülle mit [Objektivschutz], [Air Cushion Tech] und Anti-Rutsch Design –Abyss Green",15,0,9,1,24,1,0.06%,0.0%,0.06%,0.11%,0.06%,0.09%,21,0,12,1,33,1,0.06%,0.0%,0.06%,0.07%,0.06%,0.06%,100.0%,100.0%,3,0,12.5%,0.0%,65.97,0.0,3,0,20260320
B08ML65KPG,B0D21XKCNZ,Spigen für iPhone 16 Pro Max Hülle [Anti-Yellowing] Ultra Hybrid Case Handyhülle Schutzhülle Cover Transparent Durchsichtig Dünn Slim -Frost Black,58,0,14,0,72,0,0.11%,0.0%,0.06%,0.0%,0.09%,0.0%,62,0,21,0,83,0,0.08%,0.0%,0.07%,0.0%,0.08%,0.0%,100.0%,0.0%,1,0,1.39%,0.0%,16.14,0.0,1,0,20260314
B0CNXPTXH3,B0CN8ZNJS2,"Spigen Valentinus Laptoptasche Hülle Tasche 15 15,6 16 Zoll, Leder Laptop Hülle Kompatibel mit MacBook Pro/Air, M1 / M2 / M3 / M4, Dell, Acer, ASUS, Hp, Lenovo, LG Gram usw - Grau",3,1,2,0,5,1,0.01%,0.37%,0.01%,0.0%,0.01%,0.07%,3,1,2,0,5,1,0.01%,0.28%,0.01%,0.0%,0.01%,0.05%,100.0%,100.0%,0,0,0.0%,0.0%,0.0,0.0,0,0,20260306
B0FNV7T7LX,B0FMLMGNVQ,"Spigen Glas.tR EZ Fit Optik Pro XL Kameraschutz kompatibel mit iPhone 17 Pro, 1 Stück, Schwarz, Rundumschutz, inklusive Installationskit, Anti-Kratzer, 9H Härte Folie",4,0,2,0,6,0,0.01%,0.0%,0.01%,0.0%,0.01%,0.0%,7,0,5,0,12,0,0.01%,0.0%,0.02%,0.0%,0.01%,0.0%,100.0%,0.0%,0,0,0.0%,0.0%,0.0,0.0,0,0,20260308
B0DJ1XXWHF,B0D21LMDVW,Spigen für iPhone 16 Hülle [rutschfest] Liquid Air Case Handyhülle Schutzhülle Cover Dünn Slim -Navy Blue,5,0,6,0,11,0,0.02%,0.0%,0.04%,0.0%,0.02%,0.0%,5,0,12,0,17,0,0.01%,0.0%,0.05%,0.0%,0.03%,0.0%,100.0%,0.0%,1,0,9.09%,0.0%,14.9,0.0,1,0,20260318
B0GKNCXGQ8,B0BGJT615B,"Spigen Valentinus MagFit MagSafe Kartenhalter 3-Karten Kompatibel mit iPhone 17/16/15, andere MagSafe-Modelle und Google Pixel 10-Serie mit Pixelsnap - Schwarz",81,0,35,4,116,4,0.14%,0.0%,0.13%,0.29%,0.14%,0.21%,135,0,51,4,186,4,0.17%,0.0%,0.14%,0.21%,0.16%,0.15%,100.0%,100.0%,11,1,9.48%,25.0%,260.87,20.14,10,1,20260311
B0DTHPRNFF,B0DL7G8NHC,"Spigen Parallax MagFit Hülle für Samsung Galaxy S25 Ultra, Kompatibel mit MagSafe -Purple-ish",10,0,3,0,13,0,0.03%,0.0%,0.02%,0.0%,0.03%,0.0%,13,0,4,0,17,0,0.03%,0.0%,0.02%,0.0%,0.02%,0.0%,100.0%,0.0%,2,0,15.38%,0.0%,49.98,0.0,2,0,20260303
B0DG1SFG8D,B0DCCWS7KL,Spigen Rugged Armor Pro Hülle mit Armband Kompatibel mit Apple Watch 11/10 46mm (2025/2024) - Schwarz,2,0,0,0,2,0,0.01%,0.0%,0.0%,0.0%,0.0%,0.0%,3,0,0,0,3,0,0.01%,0.0%,0.0%,0.0%,0.01%,0.0%,100.0%,0.0%,0,0,0.0%,0.0%,0.0,0.0,0,0,20260331
B09YMVR3S8,B09YMVR3S8,Spigen Ultra Hybrid Hülle Kompatibel mit Google Pixel 7 -Crystal Clear,2,0,4,0,6,0,0.0%,0.0%,0.01%,0.0%,0.01%,0.0%,3,0,6,0,9,0,0.0%,0.0%,0.01%,0.0%,0.01%,0.0%,100.0%,0.0%,0,0,0.0%,0.0%,0.0,0.0,0,0,20260310
B08ML65KPG,B09LBR1N59,Spigen Ultra Hybrid für iPhone 13 Pro Hülle [Air Cushion Technologie] Handyhülle iPhone 13 Pro Case Anti-Yellowing Dünn Schutzhülle -Sierra Blue,6,0,6,0,12,0,0.02%,0.0%,0.04%,0.0%,0.03%,0.0%,6,0,7,0,13,0,0.02%,0.0%,0.04%,0.0%,0.02%,0.0%,100.0%,0.0%,0,0,0.0%,0.0%,0.0,0.0,0,0,20260327
B0C8J3H1LT,B0DJ9SZVBL,"Spigen Optik Armor für Samsung Galaxy S25 Ultra Hülle mit [Objektivschutz], [Air Cushion Tech] und Anti-Rutsch Design –Abyss Green",21,0,14,1,35,1,0.08%,0.0%,0.09%,0.1%,0.08%,0.08%,33,0,20,1,53,1,0.09%,0.0%,0.09%,0.07%,0.09%,0.05%,100.0%,100.0%,4,0,11.43%,0.0%,88.52,0.0,4,0,20260330
B0FCDK3QM1,B0FCDK3QM1,"Spigen Essential Qi2 15W 3-in-1 MagSafe Ladestation, Schnellladung [Touch-Steuerung & 360°-Drehhalterung] für iPhone 17/16 Pro Max 17e, AirPods und MagSafe Hüllen für Samsung Galaxy S26 S25 Ultra Plus",17,0,8,1,25,1,0.04%,0.0%,0.04%,0.09%,0.04%,0.07%,28,0,10,1,38,1,0.05%,0.0%,0.04%,0.07%,0.05%,0.05%,100.0%,100.0%,1,0,4.0%,0.0%,52.99,0.0,1,0,20260306
B0F66H39QT,B0CQ326S9N,Spigen Tough Armor für Samsung Galaxy Xcover 7 Hülle -Black,17,0,20,2,37,2,0.03%,0.0%,0.09%,0.25%,0.05%,0.15%,18,0,23,3,41,3,0.02%,0.0%,0.07%,0.28%,0.04%,0.17%,100.0%,100.0%,0,0,0.0%,0.0%,0.0,0.0,0,0,20260314
B086Z855VM,B086R6Z8TL,Spigen Rugged Armor Pro Hülle Kompatibel mit iPad 10.2 Zoll iPad 9./8./7. Generation (2021/2020/2019) - Schwarz,4,0,3,0,7,0,0.02%,0.0%,0.02%,0.0%,0.02%,0.0%,5,0,4,0,9,0,0.01%,0.0%,0.02%,0.0%,0.02%,0.0%,100.0%,0.0%,1,0,14.29%,0.0%,25.99,0.0,1,0,20260320
B0CXTCBMJ4,B0CQ43N55R,Spigen Tough Armor Hülle Kompatibel mit Samsung Galaxy A55 5G -Schwarz,8,0,5,0,13,0,0.03%,0.0%,0.03%,0.0%,0.03%,0.0%,13,0,7,0,20,0,0.03%,0.0%,0.03%,0.0%,0.03%,0.0%,100.0%,0.0%,2,0,15.38%,0.0%,35.69,0.0,2,0,20260322
B0BDVT17LH,B0B9P11R5S,"Spigen O-Mag Handy Ring Halterung Magnetisch für MagSafe, Handy Ständer Magnetic Phone Ring Holder, Kompatibel mit iPhone 17 17e 16 Pro Max Air, Pixel 10 Pro Fold XL, Samsung Galaxy S26 Ultra- Carbon",56,1,28,6,84,7,0.1%,0.19%,0.1%,0.44%,0.1%,0.37%,63,1,39,6,102,7,0.08%,0.15%,0.1%,0.31%,0.09%,0.27%,100.0%,100.0%,1,0,1.19%,0.0%,19.99,0.0,1,0,20260311
B0G6Y6XB4Z,B0FD28CZDK,Spigen iPhone 17 Pro Hülle [Spigen Signature] Ultra Hybrid MagFit [Dura Clear Tech] Case Handyhülle Transparent Kompatibel mit MagSafe -Clear White,117,2,63,6,180,8,0.45%,0.84%,0.44%,0.69%,0.45%,0.72%,191,3,83,7,274,10,0.52%,0.82%,0.41%,0.52%,0.48%,0.59%,99.6%,88.89%,24,2,13.33%,25.0%,374.29,26.88,24,2,20260320
B0C4G219XJ,B0C4G219XJ,Spigen Rugged Armor Pro Hülle mit Armband Kompatibel mit Samsung Galaxy Watch 6 Classic 43mm 2023 - Schwarz,2,0,3,0,5,0,0.01%,0.0%,0.01%,0.0%,0.01%,0.0%,2,0,6,0,8,0,0.0%,0.0%,0.02%,0.0%,0.01%,0.0%,37.5%,0.0%,0,0,0.0%,0.0%,0.0,0.0,0,0,20260309
B07RY67KWY,B07RY67KWY,Spigen Tough Armor Hülle Kompatibel mit Oneplus 7 Pro -Schwarz,1,0,1,0,2,0,0.0%,0.0%,0.01%,0.0%,0.0%,0.0%,1,0,2,0,3,0,0.0%,0.0%,0.01%,0.0%,0.0%,0.0%,100.0%,0.0%,0,0,0.0%,0.0%,0.0,0.0,0,0,20260329
B0DJ1XXWHF,B0DKGBS22K,"Spigen iPhone 17e / iPhone 16e Hülle [rutschfest] Liquid Air MagFit Case Slim TPU mit Truss-Design, Kompatibel mit MagSafe Zubehör -Matte Black",89,0,47,2,136,2,0.23%,0.0%,0.27%,0.39%,0.24%,0.26%,112,0,64,2,176,2,0.2%,0.0%,0.27%,0.28%,0.22%,0.19%,99.38%,50.0%,5,0,3.68%,0.0%,83.72,0.0,5,0,20260307
B0FD2G2GS7,B0FD2G2GS7,Spigen iPhone 17 Hülle [Spigen Premium Qualität] Tough Armor MagFit Case Handyhülle mit Kickstand Kompatibel mit MagSafe –Schwarz,40,0,19,0,59,0,0.11%,0.0%,0.1%,0.0%,0.1%,0.0%,66,0,26,0,92,0,0.12%,0.0%,0.1%,0.0%,0.11%,0.0%,100.0%,0.0%,5,0,8.47%,0.0%,174.85,0.0,5,0,20260305
B0FTL5TH55,B0FGMJ52NB,Spigen Tough Armor IP 4 Stück wasserdichte Hülle Kompatibel mit AirTag 2/1 (2026/2021) Kratzfest Case mit Doppelseitiges Klebeband für Alle Outdoor Aktivitäten - Schwarz,1,0,0,0,1,0,0.0%,0.0%,0.0%,0.0%,0.0%,0.0%,1,0,0,0,1,0,0.0%,0.0%,0.0%,0.0%,0.0%,0.0%,100.0%,0.0%,0,0,0.0%,0.0%,0.0,0.0,0,0,20260320
B0CTBYL8TZ,B0FD2FMDS8,"Spigen iPhone Air Hülle [2025 Upgrade 360° Ständer] [Dura Clear] Ultra Hybrid S MagFit Case Handyhülle Stoßfest Kratzfest, Kompatibel mit MagSafe -Clear White",5,0,1,0,6,0,0.01%,0.0%,0.0%,0.0%,0.01%,0.0%,6,0,4,0,10,0,0.01%,0.0%,0.01%,0.0%,0.01%,0.0%,100.0%,0.0%,0,0,0.0%,0.0%,0.0,0.0,0,0,20260313
B0DQVMJC9Y,B0FKJVZ9MK,Spigen Rugged Armor Hülle Kompatibel mit Xiaomi 17 -Matte Black,23,0,20,1,43,1,0.09%,0.0%,0.13%,0.1%,0.1%,0.08%,26,0,32,1,58,1,0.07%,0.0%,0.15%,0.07%,0.1%,0.05%,100.0%,100.0%,7,1,16.28%,100.0%,102.55,15.35,7,1,20260330
B0FNCRWZZM,B07GJKQC4R,Spigen Tough Armor Hülle Kompatibel mit iPhone XR -Schwarz,1,0,5,1,6,1,0.0%,0.0%,0.04%,0.12%,0.02%,0.09%,3,0,7,1,10,1,0.01%,0.0%,0.04%,0.08%,0.02%,0.07%,80.0%,0.0%,0,0,0.0%,0.0%,0.0,0.0,0,0,20260327
B0G6Y6XB4Z,B0D2216HBS,Spigen für iPhone 16 Hülle [Anti-Yellowing] Ultra Hybrid MagFit Case Handyhülle Transparent Dünn Slim Kompatibel mit MagSafe -Weiß,93,1,40,3,133,4,0.16%,0.2%,0.17%,0.24%,0.16%,0.23%,125,1,51,3,176,4,0.16%,0.16%,0.16%,0.18%,0.16%,0.17%,100.0%,100.0%,8,1,6.02%,25.0%,125.37,13.44,8,1,20260313
B0FR43NQYR,B0FD21GLV5,Spigen iPhone 17 Pro Hülle [2025 Upgrade Kamerasteuerung] Ultra Hybrid T MagFit [Dura Clear Tech] Case Handyhülle Transparent Kompatibel mit MagSafe –Glossy White,52,0,20,2,72,2,0.2%,0.0%,0.14%,0.23%,0.18%,0.17%,72,0,27,3,99,3,0.2%,0.0%,0.14%,0.24%,0.18%,0.19%,100.0%,100.0%,5,1,6.94%,50.0%,125.14,24.97,5,1,20260326
B0F1T5C77Q,B0CVNM1YTM,"Spigen Tesla Model Y Juniper 2026 Standard & Model 3 Highland 2026 Mittelarmlehne Abdeckung, Armlehne Abdeckung Schutzhülle Innenraum für Tesla Model Y Juniper 2025 und 3 Highland 2024 2025 - Weiß",3,0,4,0,7,0,0.01%,0.0%,0.02%,0.0%,0.02%,0.0%,3,0,4,0,7,0,0.01%,0.0%,0.02%,0.0%,0.01%,0.0%,100.0%,0.0%,0,0,0.0%,0.0%,0.0,0.0,0,0,20260318
B0G3P32XRC,B0G3P32XRC,"Spigen Glas.tR AlignMaster S Schutzfolie kompatibel mit iPhone 17 Pro Max, 2 Stück, Präzise Berührung, Kratzfest, 9H Härte Folie",19,0,6,0,25,0,0.07%,0.0%,0.04%,0.0%,0.06%,0.0%,26,0,8,0,34,0,0.07%,0.0%,0.04%,0.0%,0.06%,0.0%,100.0%,0.0%,6,0,24.0%,0.0%,116.95,0.0,6,0,20260328
B0BWJ5GHZC,B0BWJ5GHZC,"Spigen Glas.tR Slim Schutzfolie kompatibel mit Samsung Galaxy A34 5G, 2 Stück, Kratzfest, 9H Härte Folie",1,0,4,0,5,0,0.0%,0.0%,0.02%,0.0%,0.01%,0.0%,1,0,9,0,10,0,0.0%,0.0%,0.03%,0.0%,0.01%,0.0%,100.0%,0.0%,1,0,20.0%,0.0%,16.13,0.0,1,0,20260308
B08P6C1J2G,B089CLPZFY,Spigen Liquid Air Hülle Kompatibel mit Samsung Galaxy Note 20 Ultra -Matte Black,4,0,3,0,7,0,0.01%,0.0%,0.02%,0.0%,0.01%,0.0%,8,0,3,0,11,0,0.02%,0.0%,0.01%,0.0%,0.02%,0.0%,100.0%,0.0%,0,0,0.0%,0.0%,0.0,0.0,0,0,20260317
B0D1816PWX,B0CS1DQPR9,"Spigen Glas.tR Slim Schutzfolie kompatibel mit Tesla Model 3(2026-2024), Model Y(2026/2025) Für Hinten Display, 8 Zoll, Blendschutz, Anti-Fingerabdruck, 9H Härte Folie",66,0,25,2,91,2,0.1%,0.0%,0.08%,0.14%,0.1%,0.1%,81,0,39,2,120,2,0.09%,0.0%,0.09%,0.1%,0.09%,0.07%,100.0%,100.0%,21,1,23.08%,50.0%,370.42,17.84,21,1,20260310
B0D21RMGQG,B0D21RMGQG,"Spigen Rugged Armor MagFit Hülle für iPhone 16, Kompatibel mit MagSafe Zubehör -Schwarz",15,0,5,2,20,2,0.03%,0.0%,0.02%,0.16%,0.02%,0.11%,37,0,8,5,45,5,0.05%,0.0%,0.02%,0.28%,0.04%,0.21%,96.77%,66.67%,14,10,70.0%,500.0%,321.16,229.4,5,1,20260312
B0DZ6KTTZM,B0FVB2PF8R,"Spigen Liquid Air für Samsung Galaxy S26 Hülle [rutschfest] Slim TPU mit Truss-Design, Militärgeprüfter Schutz, Sound Tunnel Technologie Case Handyhülle –Matte Black",257,1,143,1,400,2,0.66%,0.37%,0.73%,0.09%,0.68%,0.15%,417,1,222,1,639,2,0.74%,0.28%,0.8%,0.07%,0.76%,0.11%,100.0%,100.0%,40,2,10.0%,100.0%,677.66,33.94,39,2,20260306
B0GQ9MW1XR,B0G7S8J7SJ,"Spigen Glas.tR EZ Fit Pro Schutzfolie kompatibel mit Samsung Galaxy S26 Ultra, 2 Stück, inklusive Installationskit, Kratzfest, Kristallklar, 10H+ Härte Folie",759,3,338,11,1097,14,1.88%,0.79%,1.78%,1.82%,1.85%,1.42%,1216,7,550,22,1766,29,2.09%,1.28%,2.04%,2.34%,2.07%,1.95%,100.0%,100.0%,246,7,22.42%,50.0%,5805.28,148.64,244,7,20260308
B08ML65KPG,B0C5S9VJ6F,Spigen für iPhone 15 Pro Ultra Hybrid Frost MagFit Hülle [Anti-Yellowing] Case Handyhülle Transparent Dünn Slim Kompatibel mit MagSafe -Clear,38,2,12,1,50,3,0.11%,0.71%,0.07%,0.11%,0.1%,0.24%,45,3,15,1,60,4,0.09%,0.73%,0.06%,0.07%,0.08%,0.22%,98.21%,100.0%,0,0,0.0%,0.0%,0.0,0.0,0,0,20260303
B0CL8T5YNP,B0CL8T5YNP,Spigen Liquid Air Hülle Kompatibel mit Google Pixel 8a -Schwarz,0,0,1,0,1,0,0.0%,0.0%,0.01%,0.0%,0.0%,0.0%,0,0,1,0,1,0,0.0%,0.0%,0.0%,0.0%,0.0%,0.0%,100.0%,0.0%,0,0,0.0%,0.0%,0.0,0.0,0,0,20260303
B0D3HJD2GK,B0BJSLGWB1,Spigen Ultra Hybrid Hülle Kompatibel mit Samsung Galaxy S23 5G -Frost Black,13,0,7,0,20,0,0.02%,0.0%,0.02%,0.0%,0.02%,0.0%,19,0,9,0,28,0,0.02%,0.0%,0.02%,0.0%,0.02%,0.0%,100.0%,0.0%,2,0,10.0%,0.0%,28.88,0.0,2,0,20260310
B0D79ZVNFL,B0D79ZVNFL,"Spigen Tough Armor (AI) MagFit Hülle für iPhone 16, Kompatibel mit MagSafe Zubehör -Frost Black",5,0,2,1,7,1,0.01%,0.0%,0.01%,0.07%,0.01%,0.05%,11,0,5,3,16,3,0.01%,0.0%,0.01%,0.16%,0.01%,0.11%,100.0%,100.0%,1,1,14.29%,100.0%,27.22,27.22,1,1,20260310
B0CG2L9X2Q,B0CG2L9X2Q,"Spigen Tesla Model Y (~2024) 3 (2021-2023) Mittelkonsole Getränkehalter Einsatz Entspanntem Griff, Becherhalter Auto für Tesla Model Y Model 3 Zubehör mit Entspanntem Griff Design",11,0,7,0,18,0,0.04%,0.0%,0.05%,0.0%,0.05%,0.0%,15,0,8,0,23,0,0.04%,0.0%,0.04%,0.0%,0.04%,0.0%,100.0%,0.0%,0,0,0.0%,0.0%,0.0,0.0,0,0,20260327
B0FR43NQYR,B0DJG5FRS6,"Spigen für iPhone 16 Pro Max Camera Control Button Kamerasteuerung Aktivierte Hülle Ultra Hybrid T MagFit, Kompatibel mit MagSafe Zubehör -Frost Rose Titanium",17,0,10,1,27,1,0.04%,0.0%,0.05%,0.11%,0.05%,0.08%,18,0,10,1,28,1,0.03%,0.0%,0.04%,0.08%,0.03%,0.06%,100.0%,100.0%,0,0,0.0%,0.0%,0.0,0.0,0,0,20260305
B08W1WKYYP,B08T59FXGF,Spigen Liquid Air P Hülle Kompatibel mit Samsung Galaxy S21 Ultra (S-Pen Nicht inklusive) - Schwarz,1,0,4,0,5,0,0.0%,0.0%,0.03%,0.0%,0.01%,0.0%,3,0,6,0,9,0,0.01%,0.0%,0.03%,0.0%,0.02%,0.0%,100.0%,0.0%,0,0,0.0%,0.0%,0.0,0.0,0,0,20260330
B0G6K23FD7,B0DT37QR9T,Spigen iPhone 16 Pro Hülle Ultra Hybrid T MagFit [c11 Series Navigator Edition] [Camera Control Button] [3D-Raumeffekt durch Hexa Layer Druck] Kompatibel mit MagSafe Zubehör -Navigator,3,0,0,0,3,0,0.01%,0.0%,0.0%,0.0%,0.01%,0.0%,3,0,0,0,3,0,0.01%,0.0%,0.0%,0.0%,0.0%,0.0%,100.0%,0.0%,0,0,0.0%,0.0%,0.0,0.0,0,0,20260301
B0GQB22TF7,B0G7Q4KVJJ,"Spigen Glas.tR EZ Fit Pro Sichtschutz Schutzfolie kompatibel mit Galaxy S26 Plus, 2 Stück, Privacy Schutz, inklusive Installationskit, Kratzfest, 10H+ Härte Folie",6,0,7,1,13,1,0.01%,0.0%,0.03%,0.12%,0.02%,0.07%,13,0,7,1,20,1,0.02%,0.0%,0.02%,0.08%,0.02%,0.05%,100.0%,100.0%,0,0,0.0%,0.0%,0.0,0.0,0,0,20260315
B0G6Y6XB4Z,B0D21YVT9X,Spigen für iPhone 16 Pro Hülle [Anti-Yellowing] Ultra Hybrid MagFit Case Handyhülle Transparent Dünn Slim Kompatibel mit MagSafe -Graphite,5,0,1,0,6,0,0.02%,0.0%,0.01%,0.0%,0.01%,0.0%,5,0,1,0,6,0,0.01%,0.0%,0.0%,0.0%,0.01%,0.0%,100.0%,0.0%,0,0,0.0%,0.0%,0.0,0.0,0,0,20260318
B0CT3BZHBZ,B0C76V5M1N,"Spigen Tesla Model Y (~2024) Vordere Kofferraummatte, Stoßfestes XPE-Material zum Schutz der Innenfächer, wasserdichte Oberfläche Kofferraumwanne für Tesla Model Y Zubehör - Carbon Edition",5,0,1,0,6,0,0.02%,0.0%,0.01%,0.0%,0.01%,0.0%,5,0,1,0,6,0,0.01%,0.0%,0.01%,0.0%,0.01%,0.0%,100.0%,0.0%,0,0,0.0%,0.0%,0.0,0.0,0,0,20260326
B07RY67KWY,B07RY67KWY,Spigen Tough Armor Hülle Kompatibel mit Oneplus 7 Pro -Schwarz,0,0,0,0,0,0,0.0%,0.0%,0.0%,0.0%,0.0%,0.0%,0,0,0,0,0,0,0.0%,0.0%,0.0%,0.0%,0.0%,0.0%,0.0%,0.0%,0,0,0.0%,0.0%,0.0,0.0,0,0,20260323
B0CW1F2GVW,B0CQ3WT7N1,Spigen Liquid Air Hülle für Samsung Galaxy A55 5G aus weIchem TPU Schutzhülle Stoßfest Handyhülle Kratzfest Dünn Robust [Anti-Rutsch Truss Muster] Case Cover -Schwarz,92,1,38,1,130,2,0.16%,0.19%,0.14%,0.07%,0.15%,0.11%,107,1,53,5,160,6,0.14%,0.15%,0.14%,0.26%,0.14%,0.23%,98.6%,0.0%,5,0,3.85%,0.0%,63.81,0.0,5,0,20260311
B0G6Y6XB4Z,B096HJ1D6M,Spigen Ultra Hybrid MagFit Hülle Kompatibel mit iPhone 13 Mini Kompatibel mit MagSafe Magnetisch -Weiß,4,0,1,0,5,0,0.01%,0.0%,0.01%,0.0%,0.01%,0.0%,6,0,1,0,7,0,0.01%,0.0%,0.0%,0.0%,0.01%,0.0%,100.0%,0.0%,0,0,0.0%,0.0%,0.0,0.0,0,0,20260305
B0FR43NQYR,B0FH5TQSL2,Spigen iPhone 17 Pro Max Hülle [2025 Upgrade Kamerasteuerung] Ultra Hybrid T MagFit [Dura Clear Tech] Case Handyhülle Transparent Kompatibel mit MagSafe –Glossy Orange,37,2,3,0,40,2,0.14%,0.68%,0.02%,0.0%,0.1%,0.16%,49,3,3,0,52,3,0.13%,0.72%,0.01%,0.0%,0.09%,0.16%,100.0%,0.0%,1,0,2.5%,0.0%,26.99,0.0,1,0,20260330
B0G5BLTLML,B0G5BLTLML,"Spigen Classic LS MagFit MagSafe Kartenhalter 3 Karten Kompatibel mit iPhone 17/16/15, andere MagSafe-Modelle und Google Pixel 10-Serie mit Pixelsnap - Stein",98,0,31,0,129,0,0.18%,0.0%,0.13%,0.0%,0.17%,0.0%,131,0,35,0,166,0,0.18%,0.0%,0.11%,0.0%,0.16%,0.0%,99.31%,0.0%,2,0,1.55%,0.0%,43.81,0.0,2,0,20260314
B0FNCSFFW1,B0C5S9VQJ4,Spigen Liquid Crystal Hülle Kompatibel mit iPhone 15 Pro -Crystal Clear,2,0,3,0,5,0,0.01%,0.0%,0.02%,0.0%,0.01%,0.0%,5,0,3,0,8,0,0.01%,0.0%,0.02%,0.0%,0.01%,0.0%,100.0%,0.0%,2,0,40.0%,0.0%,27.98,0.0,2,0,20260324
B0CH7Z9T4C,B0BC2C14D8,Spigen Ultra Hybrid Hülle Case Kompatibel mit AirPods Pro 2. Generation (2023/2022) - Transparent,2,0,1,0,3,0,0.01%,0.0%,0.01%,0.0%,0.01%,0.0%,7,0,1,0,8,0,0.02%,0.0%,0.0%,0.0%,0.01%,0.0%,100.0%,0.0%,0,0,0.0%,0.0%,0.0,0.0,0,0,20260323
B0BTMWWR2L,B0FVB9TM8Q,"Spigen Tough Armor MagFit für Samsung Galaxy S26 Hülle [XRD-Pad Stoßdämpfung] [Militärgeprüfter Schutz] Case Handyhülle, Kompatibel mit MagSafe –Schwarz",64,2,41,4,105,6,0.24%,0.82%,0.28%,0.43%,0.25%,0.51%,89,2,66,5,155,7,0.23%,0.64%,0.34%,0.41%,0.27%,0.46%,100.0%,100.0%,10,1,9.52%,16.67%,293.13,25.18,10,1,20260319
B0BMFLX891,B0BMFLX891,"Spigen Glas.tR EZ Fit Hartglas, kompatibel mit Samsung Galaxy S23, 2 Stück, kratzfest, 9H Displayschutz",10,0,5,0,15,0,0.03%,0.0%,0.03%,0.0%,0.03%,0.0%,15,0,6,0,21,0,0.04%,0.0%,0.03%,0.0%,0.03%,0.0%,100.0%,0.0%,5,0,33.33%,0.0%,116.11,0.0,5,0,20260321
B0GJ3G767T,B0B5YH8FZW,Spigen Urban Fit Hülle Case Kompatibel mit MacBook Air 13 Zoll M5 (2026) / M4 / M3 / M2 A2681 (2025/24/22) Kratzfeste Hartschalen aus Premium-Stoff - Schwarz,28,0,12,1,40,1,0.1%,0.0%,0.08%,0.1%,0.09%,0.08%,33,0,13,1,46,1,0.08%,0.0%,0.06%,0.07%,0.08%,0.06%,100.0%,100.0%,3,0,7.5%,0.0%,126.14,0.0,3,0,20260325
B0DHKLMNKX,B0FD1RXXWT,Spigen iPhone 17 Pro Max Hülle [Militärgeprüfter Schutz] Thin Fit MagFit Case Handyhülle Slim Kompatibel mit MagSafe –Schwarz,54,0,13,2,67,2,0.09%,0.0%,0.05%,0.16%,0.08%,0.11%,86,0,17,2,103,2,0.11%,0.0%,0.05%,0.12%,0.09%,0.09%,97.59%,33.33%,1,0,1.49%,0.0%,22.09,0.0,1,0,20260313
B0GP93QVH3,B0FZQ1LS5Y,Spigen Ultra Hybrid MagFit für Google Pixel 10a Hülle [Anti Vergilbung] Case Handyhülle Transparent Kompatibel mit MagSafe -Clear White,35,0,18,0,53,0,0.09%,0.0%,0.11%,0.0%,0.1%,0.0%,50,0,30,0,80,0,0.09%,0.0%,0.13%,0.0%,0.1%,0.0%,100.0%,0.0%,7,0,13.21%,0.0%,130.83,0.0,7,0,20260307
B0G2PP94TR,B0FV9RK8P8,Spigen Ultra Hybrid für Samsung Galaxy S26 Plus Hülle [Anti Vergilbung] Ultra Hybrid Case Handyhülle Transparent Schutzhülle Slim Dünn –Crystal Clear,13,0,7,0,20,0,0.05%,0.0%,0.05%,0.0%,0.05%,0.0%,21,0,10,0,31,0,0.05%,0.0%,0.05%,0.0%,0.05%,0.0%,100.0%,0.0%,1,0,5.0%,0.0%,16.99,0.0,1,0,20260328
B0DNH51B79,B0DNH51B79,"Spigen Ultra Hybrid MagFit Magnetischer Kartenhalter 3-Karten Kompatibel mit magnetischer Hülle Entwickelt für Samsung Galaxy S26,S26+,S26 Ultra, S25 Serie und Z Fold 7 - Kristallklar",15,1,7,0,22,1,0.05%,0.33%,0.05%,0.0%,0.05%,0.12%,18,1,11,0,29,1,0.04%,0.24%,0.05%,0.0%,0.04%,0.09%,100.0%,0.0%,2,0,9.09%,0.0%,55.88,0.0,2,0,20260329
B0CX7278YY,B0CX7278YY,Spigen Enzo Aramid Hülle Kompatibel mit Google Pixel Buds Pro 2 (2024) und Pixel Buds Pro 1 (2022) - Matt Schwarz,4,0,1,0,5,0,0.01%,0.0%,0.0%,0.0%,0.01%,0.0%,13,0,1,0,14,0,0.02%,0.0%,0.0%,0.0%,0.01%,0.0%,100.0%,0.0%,1,0,20.0%,0.0%,30.39,0.0,1,0,20260311
B0FQMPZFVM,B0FD2C5LLX,Spigen iPhone 17 Hülle [Spigen Premium Qualität] Rugged Armor MagFit Case Carbonfaser Muster Handyhülle TPU Schutzhülle Kompatibel mit MagSafe -Matte Black,20,0,14,0,34,0,0.07%,0.0%,0.1%,0.0%,0.08%,0.0%,49,0,21,0,70,0,0.12%,0.0%,0.11%,0.0%,0.12%,0.0%,100.0%,0.0%,0,0,0.0%,0.0%,0.0,0.0,0,0,20260321
B0FMQXDRZW,B0C9RWRD7Y,"Spigen Glas.tR EZ Fit Schutzfolie kompatibel mit iPhone 15 Pro, 2 Stück, Kratzfest, 9H Härte Folie",80,0,36,3,116,3,0.14%,0.0%,0.14%,0.24%,0.14%,0.17%,115,0,44,6,159,6,0.15%,0.0%,0.12%,0.34%,0.14%,0.25%,98.46%,33.33%,41,1,35.34%,33.33%,655.62,13.56,39,1,20260312
B0CX6QC6D2,B0CX6QC6D2,Spigen Classic Fit Hülle Kompatibel mit Google Pixel Buds Pro 2 (2024) und Pixel Buds Pro 1 (2022) - Schwarz,13,0,8,0,21,0,0.05%,0.0%,0.06%,0.0%,0.05%,0.0%,21,0,13,0,34,0,0.06%,0.0%,0.06%,0.0%,0.06%,0.0%,100.0%,0.0%,4,0,19.05%,0.0%,84.68,0.0,4,0,20260320
B0GP93VDWC,B0CVRH4HTL,Spigen Liquid Air Hülle Kompatibel mit Google Pixel 9 Pro XL [Made for Google] -Schwarz,10,0,3,0,13,0,0.03%,0.0%,0.01%,0.0%,0.02%,0.0%,11,0,3,0,14,0,0.02%,0.0%,0.01%,0.0%,0.02%,0.0%,100.0%,0.0%,0,0,0.0%,0.0%,0.0,0.0,0,0,20260309
B0FTF5HLYD,B0F22KK63Q,Spigen Rugged Armor Hülle Kompatibel mit Sony Xperia 10 VII -Matte Black,4,0,10,1,14,1,0.01%,0.0%,0.05%,0.09%,0.02%,0.07%,4,0,15,2,19,2,0.01%,0.0%,0.05%,0.13%,0.02%,0.11%,100.0%,100.0%,2,1,14.29%,100.0%,29.96,14.97,2,1,20260306
B0GPCSNK4Z,B0F49G6MNX,"Spigen Tough Armor (AI) MagFit Hülle für Google Pixel 10 und Pixel 10 Pro, Kompatibel Mit Pixelsnap und MagSafe [2025 Neue Funktion] -Schwarz",53,0,27,3,80,3,0.21%,0.0%,0.18%,0.33%,0.19%,0.26%,87,0,38,4,125,4,0.23%,0.0%,0.18%,0.31%,0.21%,0.25%,100.0%,100.0%,5,2,6.25%,66.67%,120.92,45.95,5,2,20260331
B0FK7WD4YT,B0FK7WD4YT,"Spigen Griff Ständer für MagSafe Ladegerät, Ständer Kompatibel mit Apple MagSafe Ladegerät【Laden während der Nutzung】Rutschfestem Silikon Griff für iPhone 17 17e 16 15 14 13 Pro Max Air Plus - Schwarz",1,0,0,0,1,0,0.0%,0.0%,0.0%,0.0%,0.0%,0.0%,1,0,0,0,1,0,0.0%,0.0%,0.0%,0.0%,0.0%,0.0%,100.0%,0.0%,0,0,0.0%,0.0%,0.0,0.0,0,0,20260316
B0F865LMX6,B0F865LMX6,Spigen Valentinus Pro Schlüsselanhänger Kompatibel mit AirTag 2/1 (2026/2021) Schlüssel Organizer bis 5 Schlüssel Ring für Autoschlüssel - Schwarz,152,2,36,1,188,3,0.39%,0.78%,0.21%,0.19%,0.34%,0.39%,206,2,40,1,246,3,0.37%,0.56%,0.17%,0.14%,0.31%,0.28%,100.0%,100.0%,9,0,4.79%,0.0%,160.26,0.0,9,0,20260307
B0GQ9MW1XR,B0CN8T556T,"Spigen Glas.tR EZ Fit Schutzfolie kompatibel mit Samsung Galaxy S25 Plus, Galaxy S24 Plus, 2 Stück, Kratzfest, Kristallklar, 9H Härte Folie",16,0,15,0,31,0,0.05%,0.0%,0.09%,0.0%,0.06%,0.0%,19,0,25,0,44,0,0.04%,0.0%,0.11%,0.0%,0.07%,0.0%,97.67%,0.0%,5,0,16.13%,0.0%,119.95,0.0,5,0,20260317
B0D79ZVNFL,B0D79ZVNFL,"Spigen Tough Armor (AI) MagFit Hülle für iPhone 16, Kompatibel mit MagSafe Zubehör -Frost Black",4,0,2,1,6,1,0.01%,0.0%,0.01%,0.11%,0.01%,0.08%,12,0,2,1,14,1,0.02%,0.0%,0.01%,0.07%,0.02%,0.06%,100.0%,0.0%,2,0,33.33%,0.0%,61.98,0.0,2,0,20260303
B0BDWV333M,B0D43ZRP2Y,Spigen für iPhone 16 Pro Hülle [Anti-Yellowing] Ultra Hybrid MagFit Case Handyhülle Transparent Dünn Slim Kompatibel mit MagSafe -Classic Black,10,0,6,0,16,0,0.03%,0.0%,0.04%,0.0%,0.04%,0.0%,10,0,6,0,16,0,0.02%,0.0%,0.03%,0.0%,0.02%,0.0%,100.0%,0.0%,0,0,0.0%,0.0%,0.0,0.0,0,0,20260329
B0CF1MBNN4,B0C4R3JBC8,"Spigen Glas.tR EZ Fit Schutzfolie kompatibel mit Samsung Galaxy Watch 6 44mm, 2 Stück, Kratzfest, 9H Härte Folie",2,0,1,0,3,0,0.01%,0.0%,0.0%,0.0%,0.01%,0.0%,2,0,1,0,3,0,0.0%,0.0%,0.0%,0.0%,0.0%,0.0%,100.0%,0.0%,0,0,0.0%,0.0%,0.0,0.0,0,0,20260309
B0D79ZVNFL,B0D79ZVNFL,"Spigen Tough Armor (AI) MagFit Hülle für iPhone 16, Kompatibel mit MagSafe Zubehör -Frost Black",2,0,2,0,4,0,0.01%,0.0%,0.01%,0.0%,0.01%,0.0%,4,0,5,0,9,0,0.01%,0.0%,0.02%,0.0%,0.01%,0.0%,100.0%,0.0%,0,0,0.0%,0.0%,0.0,0.0,0,0,20260329
B0G6Y6XB4Z,B0D21YVT9X,Spigen für iPhone 16 Pro Hülle [Anti-Yellowing] Ultra Hybrid MagFit Case Handyhülle Transparent Dünn Slim Kompatibel mit MagSafe -Graphite,13,0,6,1,19,1,0.04%,0.0%,0.04%,0.17%,0.04%,0.11%,15,0,7,1,22,1,0.03%,0.0%,0.03%,0.12%,0.03%,0.08%,100.0%,100.0%,1,0,5.26%,0.0%,22.86,0.0,1,0,20260322
B0FNCRWZZM,B096H6ZM74,Spigen Tough Armor Hülle Kompatibel mit iPhone 13 -Schwarz,10,0,5,0,15,0,0.02%,0.0%,0.03%,0.0%,0.03%,0.0%,17,0,11,0,28,0,0.03%,0.0%,0.04%,0.0%,0.03%,0.0%,100.0%,0.0%,0,0,0.0%,0.0%,0.0,0.0,0,0,20260301
B0DJ1XXWHF,B0FD1PBKD8,"Spigen iPhone 17 Pro Hülle [rutschfest] [DURCHDACHTE Details] Liquid Air Case Slim TPU mit Truss-Design, Militärgeprüfter Schutz, Sound Tunnel Technologie Handyhülle –Navy Blue",34,0,18,1,52,1,0.13%,0.0%,0.13%,0.11%,0.13%,0.09%,51,0,37,1,88,1,0.14%,0.0%,0.18%,0.07%,0.15%,0.06%,100.0%,100.0%,5,0,9.62%,0.0%,79.95,0.0,5,0,20260320
B0DF2G98XC,B0CW2G7QSM,Spigen AirSkin Pro Hülle Kompatibel mit iPad Air 13 Zoll 8. M4 (2026) / 7. M3 (2025) / 6. Generation M2 (2024) Case mit abnehmbarem magnetischem Deckel - Schwarz,0,0,3,0,3,0,0.0%,0.0%,0.02%,0.0%,0.01%,0.0%,0,0,4,0,4,0,0.0%,0.0%,0.02%,0.0%,0.01%,0.0%,100.0%,0.0%,1,0,33.33%,0.0%,34.27,0.0,1,0,20260321
B0DS1PLHS4,B0DJ9WN7V1,Spigen Liquid Crystal Hülle Kompatibel mit Samsung Galaxy S25 -Crystal Clear,29,0,17,0,46,0,0.05%,0.0%,0.06%,0.0%,0.05%,0.0%,41,0,18,0,59,0,0.05%,0.0%,0.05%,0.0%,0.05%,0.0%,100.0%,0.0%,2,0,4.35%,0.0%,28.88,0.0,2,0,20260311
B0DRSW6BCG,B0DWYD472F,"Spigen Ultra Hybrid MagFit Hülle für Samsung Galaxy S25 Edge, Kompatibel mit MagSafe -Zero One White",3,0,1,0,4,0,0.01%,0.0%,0.01%,0.0%,0.01%,0.0%,3,0,1,0,4,0,0.01%,0.0%,0.0%,0.0%,0.0%,0.0%,100.0%,0.0%,0,0,0.0%,0.0%,0.0,0.0,0,0,20260301
B0DR8GDC62,B0DJ9V3RNW,"Spigen Rugged Armor MagFit Hülle für Samsung Galaxy S25, Kompatibel mit MagSafe -Schwarz",57,0,22,0,79,0,0.11%,0.0%,0.09%,0.0%,0.1%,0.0%,69,0,33,0,102,0,0.1%,0.0%,0.1%,0.0%,0.1%,0.0%,100.0%,0.0%,0,0,0.0%,0.0%,0.0,0.0,0,0,20260316
B0C5S9YJDP,B0C5S9YJDP,Spigen Hülle für iPhone 15 Tough Armor MagFit Kompatibel mit MagSafe -Schwarz,16,0,14,1,30,1,0.03%,0.0%,0.06%,0.08%,0.04%,0.06%,21,0,18,1,39,1,0.03%,0.0%,0.05%,0.06%,0.03%,0.04%,97.3%,0.0%,2,0,6.67%,0.0%,48.44,0.0,2,0,20260313
B095RQQTRF,B095RQQTRF,"Spigen Glas.tR EZ Fit Schutzfolie kompatibel mit iPhone 14 Plus, iPhone 13 Pro Max, 2 Stück, Kratzfest, 9H Härte Folie",15,0,1,0,16,0,0.05%,0.0%,0.01%,0.0%,0.04%,0.0%,27,0,1,0,28,0,0.06%,0.0%,0.0%,0.0%,0.04%,0.0%,100.0%,0.0%,7,0,43.75%,0.0%,112.07,0.0,7,0,20260329
B0BTMWWR2L,B0CM57R1QM,Spigen Tough Armor Hülle Kompatibel mit Samsung Galaxy S24 Ultra -Schwarz,82,1,23,0,105,1,0.14%,0.21%,0.09%,0.0%,0.13%,0.06%,102,4,25,0,127,4,0.13%,0.59%,0.07%,0.0%,0.11%,0.16%,98.31%,100.0%,5,0,4.76%,0.0%,101.95,0.0,5,0,20260312
B0F4CB5VNS,B0DLY22NB1,"Spigen OneTap Pro 3 Cryomax Qi2 15W MagSafe Ladestation mit ausklappbarem Ständer, Kabellose Stand Ladegerät【Handykühlung】 Kompatibel mit iPhone 17/16/15/14/13/12 Pro Max Air Plus Mini - Schwarz",2,0,3,0,5,0,0.01%,0.0%,0.02%,0.0%,0.01%,0.0%,3,0,3,0,6,0,0.01%,0.0%,0.02%,0.0%,0.01%,0.0%,100.0%,0.0%,0,0,0.0%,0.0%,0.0,0.0,0,0,20260321
B0FH4NCY56,B094JBDRKX,"Spigen wasserdichte Handyhülle [Aqua Shield] [2 Stick] IPX8 wasserfeste Handytasche Hülle kompatibel mit iPhone 16/15/14/13 Serien, Galaxy S25/S24/S23 und Allen Smartphones - Crystal Clear",46,0,16,1,62,1,0.09%,0.0%,0.07%,0.08%,0.08%,0.06%,57,0,20,1,77,1,0.08%,0.0%,0.06%,0.06%,0.07%,0.04%,100.0%,100.0%,0,0,0.0%,0.0%,0.0,0.0,0,0,20260316
B0G6Y6XB4Z,B0FD28CZDK,Spigen iPhone 17 Pro Hülle [Spigen Signature] Ultra Hybrid MagFit [Dura Clear Tech] Case Handyhülle Transparent Kompatibel mit MagSafe -Clear White,138,0,54,6,192,6,0.5%,0.0%,0.36%,0.62%,0.45%,0.49%,206,0,85,6,291,6,0.53%,0.0%,0.41%,0.44%,0.49%,0.35%,99.24%,66.67%,23,1,11.98%,16.67%,364.57,13.44,23,1,20260325
B0DJ1XXWHF,B0FD1ZKDGF,"Spigen iPhone 17 Pro Max Hülle [rutschfest] [DURCHDACHTE Details] Liquid Air Case Slim TPU mit Truss-Design, Militärgeprüfter Schutz, Sound Tunnel Technologie Handyhülle –Navy Blue",30,0,18,1,48,1,0.05%,0.0%,0.06%,0.07%,0.05%,0.05%,35,0,22,1,57,1,0.04%,0.0%,0.05%,0.05%,0.04%,0.04%,100.0%,0.0%,3,0,6.25%,0.0%,40.88,0.0,3,0,20260310
B0CJWXVZ41,B0FDN82XKK,"Spigen für Samsung Galaxy A17 4G/5G Hülle [Fallschutz in Militärqualität, Karbonfaser Akzente] Rugged Armor Handyhülle case -Matte Black",26,1,15,1,41,2,0.09%,0.39%,0.1%,0.1%,0.1%,0.16%,44,2,25,1,69,3,0.11%,0.55%,0.12%,0.07%,0.12%,0.17%,100.0%,100.0%,9,2,21.95%,100.0%,119.04,26.54,8,1,20260325
B0C5S94188,B0C5S94188,Spigen Hülle für iPhone 15 Pro Max Tough Armor MagFit Kompatibel mit MagSafe -Schwarz,12,0,8,1,20,1,0.03%,0.0%,0.04%,0.11%,0.04%,0.08%,18,0,11,2,29,2,0.03%,0.0%,0.04%,0.15%,0.04%,0.11%,100.0%,100.0%,1,0,5.0%,0.0%,29.09,0.0,1,0,20260305
B0G2PP94TR,B0DJ9VLMLR,Spigen Ultra Hybrid Hülle Kompatibel mit Samsung Galaxy S25 Ultra -Frost Black,74,2,20,0,94,2,0.2%,0.62%,0.11%,0.0%,0.17%,0.16%,81,2,21,0,102,2,0.14%,0.45%,0.08%,0.0%,0.12%,0.11%,98.91%,100.0%,1,0,1.06%,0.0%,19.99,0.0,1,0,20260305
B0CPFC66WB,B0CMJNFMZX,Spigen Rugged Armor Hülle Kompatibel mit Apple Watch Ultra 3 (2025) / 2 (2023) / 1 (2022) 49mm - Abyss Green,5,0,1,0,6,0,0.01%,0.0%,0.01%,0.0%,0.01%,0.0%,6,0,1,0,7,0,0.01%,0.0%,0.0%,0.0%,0.01%,0.0%,100.0%,0.0%,0,0,0.0%,0.0%,0.0,0.0,0,0,20260308
B09V7F8XT5,B09V7F8XT5,,0,0,1,0,1,0,0.0%,0.0%,0.01%,0.0%,0.0%,0.0%,0,0,1,0,1,0,0.0%,0.0%,0.01%,0.0%,0.0%,0.0%,0.0%,0.0%,0,0,0.0%,0.0%,0.0,0.0,0,0,20260327
B0G6Y14KM9,B0FP6FXLH5,"Spigen TinTap Zip MagFit MagSafe Kartenhalter Pouch mit RFID Blocking Kompatibel mit iPhone 17/16/15–12 Serie, AirPods Pro 3–1, AirPods 4–1 und Google Pixel 10 Serie mit Pixelsnap - Olivgrün",12,1,6,0,18,1,0.02%,0.21%,0.02%,0.0%,0.02%,0.06%,20,3,9,0,29,3,0.03%,0.45%,0.03%,0.0%,0.03%,0.12%,100.0%,0.0%,3,0,16.67%,0.0%,67.17,0.0,3,0,20260312
B0CXTC8JBB,B0CQ3S3X5G,Spigen Optik Armor Hülle Kompatibel mit Samsung Galaxy A55 5G -Schwarz,3,0,1,0,4,0,0.01%,0.0%,0.01%,0.0%,0.01%,0.0%,4,0,1,0,5,0,0.01%,0.0%,0.0%,0.0%,0.01%,0.0%,100.0%,0.0%,0,0,0.0%,0.0%,0.0,0.0,0,0,20260322
B0D9XP1DD7,B0CXTZRHCX,Spigen Ultra Hybrid Pro Hülle Kompatibel mit Samsung Galaxy Z Fold 6 -Frost Gray,1,0,0,0,1,0,0.0%,0.0%,0.0%,0.0%,0.0%,0.0%,1,0,0,0,1,0,0.0%,0.0%,0.0%,0.0%,0.0%,0.0%,100.0%,0.0%,0,0,0.0%,0.0%,0.0,0.0,0,0,20260304
B0BJSNQSMC,B0BJSNQSMC,Spigen Ultra Hybrid Hülle Kompatibel mit Samsung Galaxy S23 Plus 5G -Crystal Clear,2,0,3,0,5,0,0.0%,0.0%,0.01%,0.0%,0.01%,0.0%,2,0,3,0,5,0,0.0%,0.0%,0.01%,0.0%,0.0%,0.0%,100.0%,0.0%,0,0,0.0%,0.0%,0.0,0.0,0,0,20260314
B0FCV9SC23,B0FCV9SC23,"Spigen Liquid Crystal Hülle für AirPods Pro 3. Generation (2025), TPU-Schutzhülle mit silbernem Lanyard - Kristallklar",30,0,15,0,45,0,0.12%,0.0%,0.1%,0.0%,0.11%,0.0%,51,0,24,0,75,0,0.14%,0.0%,0.11%,0.0%,0.13%,0.0%,100.0%,0.0%,4,0,8.89%,0.0%,55.64,0.0,4,0,20260323
B0C8J3H1LT,B0DJ9SZVBL,"Spigen Optik Armor für Samsung Galaxy S25 Ultra Hülle mit [Objektivschutz], [Air Cushion Tech] und Anti-Rutsch Design –Abyss Green",24,0,12,0,36,0,0.09%,0.0%,0.07%,0.0%,0.08%,0.0%,28,0,12,0,40,0,0.07%,0.0%,0.05%,0.0%,0.06%,0.0%,100.0%,0.0%,4,0,11.11%,0.0%,87.8,0.0,4,0,20260318
B09YMVMSYM,B09YMVMSYM,Spigen Rugged Armor Hülle Kompatibel mit Google Pixel 7 -Schwarz,5,0,2,0,7,0,0.01%,0.0%,0.01%,0.0%,0.01%,0.0%,5,0,4,0,9,0,0.01%,0.0%,0.01%,0.0%,0.01%,0.0%,100.0%,0.0%,0,0,0.0%,0.0%,0.0,0.0,0,0,20260310
B0FH29Z5MG,B0F1BGJNHX,"Spigen Slim Armor Pro MagFit Hülle für Samsung Galaxy Z Fold 7, MagSafe kompatibel mit [SecuLink] Metallverbindung am Scharnier für sicheren Halt -Schwarz",38,2,8,2,46,4,0.09%,0.7%,0.04%,0.42%,0.08%,0.52%,76,7,15,5,91,12,0.13%,1.6%,0.06%,0.73%,0.11%,1.07%,100.0%,100.0%,6,0,13.04%,0.0%,359.94,0.0,6,0,20260301
B0FXFT7HTN,B0FCVK9G1F,Spigen Vault Hülle Case Kompatibel mit AirPods Pro 3. Generation (2025) mit Sicherem Magnetverschluss - Matt Schwarz,50,0,18,0,68,0,0.18%,0.0%,0.13%,0.0%,0.16%,0.0%,71,0,26,0,97,0,0.18%,0.0%,0.13%,0.0%,0.17%,0.0%,100.0%,0.0%,2,0,2.94%,0.0%,34.32,0.0,2,0,20260328
B0G6Y6XB4Z,B0D21X1FP9,Spigen für iPhone 16 Pro Hülle [Anti-Yellowing] Ultra Hybrid MagFit Case Handyhülle Transparent Dünn Slim Kompatibel mit MagSafe -Frost Clear,38,1,13,0,51,1,0.07%,0.19%,0.05%,0.0%,0.06%,0.05%,46,1,16,0,62,1,0.06%,0.15%,0.04%,0.0%,0.05%,0.04%,100.0%,100.0%,0,0,0.0%,0.0%,0.0,0.0,0,0,20260311
B0FJQS82X9,B0FJQS82X9,Spigen Thin Fit 360 Hülle Kompatibel mit Nintendo Switch 2 2025 Minimale Tasche 360 Grad Schutz Kratzfest Case aus hochbelastbarer PC - Schwarz [Nintendo Switch 2],5,0,3,0,8,0,0.02%,0.0%,0.02%,0.0%,0.02%,0.0%,7,0,6,0,13,0,0.02%,0.0%,0.03%,0.0%,0.02%,0.0%,100.0%,0.0%,0,0,0.0%,0.0%,0.0,0.0,0,0,20260319
B097G4R3K5,B08Y2DK4XY,"Spigen OneTap Magfit Handyhalterung für Magsafe Autohalterung Armaturenbrett, Magnetische Handyhalter Auto Magnet kompatibel mit iPhone 17/16/15/14/13/12 Pro Max Air Plus Mini und MagSafe Hülle",16,0,5,0,21,0,0.03%,0.0%,0.02%,0.0%,0.03%,0.0%,25,0,5,0,30,0,0.03%,0.0%,0.02%,0.0%,0.03%,0.0%,100.0%,0.0%,1,0,4.76%,0.0%,31.99,0.0,1,0,20260314
B0DZ6KTTZM,B0FVB1GXJ7,"Spigen Liquid Air für Samsung Galaxy S26 Ultra Hülle [rutschfest] Slim TPU mit Truss-Design, Militärgeprüfter Schutz, Sound Tunnel Technologie Case Handyhülle –Matte Black",457,5,226,11,683,16,0.73%,0.96%,0.75%,0.79%,0.73%,0.84%,707,8,307,12,1014,20,0.81%,1.02%,0.74%,0.62%,0.79%,0.74%,99.78%,100.0%,41,1,6.0%,6.25%,555.22,11.42,40,1,20260310
B08QDPX1PC,B08LK6461C,Spigen Tough Armor Hülle Kompatibel mit Samsung Galaxy S21 -Schwarz,10,0,6,0,16,0,0.02%,0.0%,0.03%,0.0%,0.02%,0.0%,12,0,10,0,22,0,0.02%,0.0%,0.03%,0.0%,0.02%,0.0%,100.0%,0.0%,4,0,25.0%,0.0%,71.36,0.0,4,0,20260314
B09ZVS2JL2,B09V1V34TV,"Spigen DA20 Apple Pencil Stifthalter für Pro und 2. Generation Kompatibel mit iPad Pro 11""/ 13"", iPad Air 11"" /13"" und Anderen iPad-Serien - Schwarz",5,0,5,1,10,1,0.01%,0.0%,0.03%,0.11%,0.02%,0.08%,10,0,5,1,15,1,0.02%,0.0%,0.02%,0.07%,0.02%,0.05%,100.0%,100.0%,2,2,20.0%,200.0%,47.84,47.84,1,1,20260302
B0D856H8VJ,B0D856H8VJ,"Spigen Glas.tR EZ Fit Anti-Reflex Schutzfolie kompatibel mit iPhone 16 Pro Max, 2 Stück, Kratzfest, 9H Härte Folie",0,0,1,0,1,0,0.0%,0.0%,0.01%,0.0%,0.0%,0.0%,0,0,1,0,1,0,0.0%,0.0%,0.01%,0.0%,0.0%,0.0%,100.0%,0.0%,0,0,0.0%,0.0%,0.0,0.0,0,0,20260328
B0CX6QC6D2,B0CX6QC6D2,Spigen Classic Fit Hülle Kompatibel mit Google Pixel Buds Pro 2 (2024) und Pixel Buds Pro 1 (2022) - Schwarz,9,0,3,0,12,0,0.04%,0.0%,0.02%,0.0%,0.03%,0.0%,19,0,3,0,22,0,0.05%,0.0%,0.02%,0.0%,0.04%,0.0%,100.0%,0.0%,0,0,0.0%,0.0%,0.0,0.0,0,0,20260326
B0DTX981XB,B0DTX981XB,Spigen Samsung Galaxy A56 5G Hülle [Fallschutz in Militärqualität] Rugged Armor Handyhülle für Samsung A56 -Matte Black,161,0,83,0,244,0,0.29%,0.0%,0.32%,0.0%,0.3%,0.0%,220,0,105,0,325,0,0.28%,0.0%,0.3%,0.0%,0.29%,0.0%,100.0%,0.0%,11,0,4.51%,0.0%,140.36,0.0,11,0,20260315
B07V6N8T53,B07V5KKM21,"Spigen Thin Fit Kompatibel mit MacBook Air A2337 M1, A2179, A1932 Retina 13 Zoll Hülle (2020/2019/2018) - Schwarz",3,0,5,0,8,0,0.01%,0.0%,0.03%,0.0%,0.02%,0.0%,4,0,5,0,9,0,0.01%,0.0%,0.02%,0.0%,0.01%,0.0%,100.0%,0.0%,2,0,25.0%,0.0%,75.98,0.0,2,0,20260302
B0DS1PLHS4,B0CM57Z1G3,Spigen Liquid Crystal Hülle Kompatibel mit Samsung Galaxy S24 -Glitter Crystal Quartz,17,0,6,0,23,0,0.05%,0.0%,0.03%,0.0%,0.04%,0.0%,21,0,10,0,31,0,0.04%,0.0%,0.04%,0.0%,0.04%,0.0%,100.0%,0.0%,0,0,0.0%,0.0%,0.0,0.0,0,0,20260304
B0GPCSNK4Z,B0F49863CF,"Spigen Tough Armor (AI) MagFit Hülle für Google Pixel 10 Pro XL, Kompatibel Mit Pixelsnap und MagSafe [2025 Neue Funktion] -Abyss Green",19,0,9,0,28,0,0.07%,0.0%,0.06%,0.0%,0.07%,0.0%,27,0,13,0,40,0,0.07%,0.0%,0.07%,0.0%,0.07%,0.0%,100.0%,0.0%,1,0,3.57%,0.0%,24.59,0.0,1,0,20260324
B0G2PP94TR,B0FV9RK8P8,Spigen Ultra Hybrid für Samsung Galaxy S26 Plus Hülle [Anti Vergilbung] Ultra Hybrid Case Handyhülle Transparent Schutzhülle Slim Dünn –Crystal Clear,45,1,22,0,67,1,0.11%,0.26%,0.12%,0.0%,0.11%,0.1%,84,5,36,0,120,5,0.14%,0.92%,0.13%,0.0%,0.14%,0.34%,100.0%,100.0%,9,1,13.43%,100.0%,152.6,16.97,9,1,20260308
B0B1P168DV,B0B1P168DV,Spigen Mag Armor MagFit Hülle Kompatibel mit iPhone 14 [Speziell Entwickelt für iPhone 14] Kompatibel mit MagSafe Magnetisch Case Handyhülle -Matte Black,5,0,5,0,10,0,0.01%,0.0%,0.02%,0.0%,0.01%,0.0%,6,0,6,0,12,0,0.01%,0.0%,0.02%,0.0%,0.01%,0.0%,54.55%,0.0%,0,0,0.0%,0.0%,0.0,0.0,0,0,20260316
B095RTJH1M,B095RTJH1M,"Spigen Glas.tR EZ Fit Schutzfolie kompatibel mit iPhone 17e, iPhone 16e, iPhone 14, iPhone 13, iPhone 13 Pro, 2 Stück, Kratzfest, 9H Härte Folie",60,1,49,2,109,3,0.22%,0.44%,0.35%,0.4%,0.26%,0.41%,79,2,69,3,148,5,0.2%,0.57%,0.36%,0.41%,0.25%,0.46%,100.0%,100.0%,29,2,26.61%,66.67%,489.16,34.08,29,2,20260328
B0CSNBD2KX,B0BNM287YC,"Spigen Lite Fit Ultra Armband Entwickelt für Apple Watch Ultra 3/2/1 49mm, Serie 11/10 46mm, Serie 9/8/7/SE 45mm,44mm Einstellbare Nylon-Solo-Strap - Marine Blau",5,0,4,0,9,0,0.02%,0.0%,0.03%,0.0%,0.02%,0.0%,8,0,5,0,13,0,0.02%,0.0%,0.02%,0.0%,0.02%,0.0%,100.0%,0.0%,3,0,33.33%,0.0%,53.97,0.0,3,0,20260323
B0FQX4G6DX,B0FCV11RC3,"Spigen Basis-Stoffarmband mit Klettverschluss Entwickelt für Samsung Galaxy Watch 8 44/40mm, 8 Classic 46mm (2025) - Marineblau",2,0,2,0,4,0,0.01%,0.0%,0.01%,0.0%,0.01%,0.0%,2,0,2,0,4,0,0.0%,0.0%,0.01%,0.0%,0.01%,0.0%,100.0%,0.0%,0,0,0.0%,0.0%,0.0,0.0,0,0,20260303
B0G6Y6XB4Z,B0D21YVT9X,Spigen für iPhone 16 Pro Hülle [Anti-Yellowing] Ultra Hybrid MagFit Case Handyhülle Transparent Dünn Slim Kompatibel mit MagSafe -Graphite,8,0,4,0,12,0,0.03%,0.0%,0.03%,0.0%,0.03%,0.0%,8,0,5,0,13,0,0.02%,0.0%,0.03%,0.0%,0.02%,0.0%,100.0%,0.0%,0,0,0.0%,0.0%,0.0,0.0,0,0,20260326
B0DTHPRNFF,B0DL7BYJXV,"Spigen Parallax MagFit Hülle für Samsung Galaxy S25, Kompatibel mit MagSafe -Sage Green",16,0,7,1,23,1,0.04%,0.0%,0.03%,0.08%,0.04%,0.06%,25,0,8,1,33,1,0.05%,0.0%,0.03%,0.06%,0.04%,0.04%,100.0%,100.0%,1,0,4.35%,0.0%,24.99,0.0,1,0,20260309
B0C8195JH3,B0FD1ZN2DL,Spigen iPhone 17 Hülle [Spigen Premium Qualität] Tough Armor MagFit Case Handyhülle mit Kickstand Kompatibel mit MagSafe –Gunmetal,24,0,15,1,39,1,0.04%,0.0%,0.06%,0.12%,0.05%,0.07%,36,0,23,1,59,1,0.05%,0.0%,0.07%,0.08%,0.05%,0.05%,100.0%,100.0%,2,1,5.13%,100.0%,59.4,29.74,2,1,20260315
B09F4J4T7Z,B09F4J4T7Z,"Spigen Ultra Hybrid Pro Hülle Kompatibel mit iPad mini 7. (2024, A17 Pro) / 6. (2021) Generation 8,3 Zoll - Schwarz",4,0,6,1,10,1,0.02%,0.0%,0.04%,0.12%,0.02%,0.09%,5,0,9,1,14,1,0.01%,0.0%,0.05%,0.08%,0.02%,0.06%,100.0%,100.0%,1,1,10.0%,100.0%,22.66,22.66,1,1,20260324
B0FF96BC71,B0F97TWP9R,"Spigen Glas.tR EZ Fit Schutzfolie kompatibel mit Samsung Galaxy Watch8, 40mm, 2 Stück, Nicht hüllenfreundlich, Kratzfest, 9H Härte Folie",8,0,4,0,12,0,0.03%,0.0%,0.03%,0.0%,0.03%,0.0%,10,0,4,0,14,0,0.02%,0.0%,0.02%,0.0%,0.02%,0.0%,100.0%,0.0%,3,0,25.0%,0.0%,47.72,0.0,3,0,20260321
B0G2PP94TR,B0FVBKG9ZP,Spigen Ultra Hybrid MagFit für Samsung Galaxy S26 Ultra Hülle [Anti Vergilbung] Case Handyhülle Transparent Kompatibel mit MagSafe -Frost Black,57,0,19,1,76,1,0.22%,0.0%,0.12%,0.11%,0.19%,0.09%,70,0,33,5,103,5,0.19%,0.0%,0.16%,0.39%,0.18%,0.31%,97.92%,100.0%,5,0,6.58%,0.0%,125.06,0.0,5,0,20260331
B0DZ6KTTZM,B0CM5F1T8P,Spigen Liquid Air Hülle Kompatibel mit Samsung Galaxy S24 -Schwarz,32,0,16,2,48,2,0.08%,0.0%,0.08%,0.18%,0.08%,0.15%,37,0,25,2,62,2,0.07%,0.0%,0.09%,0.13%,0.07%,0.11%,8.62%,100.0%,2,0,4.17%,0.0%,31.58,0.0,2,0,20260306
B0DP3JF93C,B0DP3JF93C,"Spigen Snap Switch Dockkompatible Hülle Mit abnehmbarem magnetischem Spielkartenfach für 6 Spielkarten, 2 SIMs Kompatibel mit Nintendo Switch 2 2025 Case mit Standfunktion Zubehör - Schwarz [Nintendo Switch 2]",3,0,4,0,7,0,0.01%,0.0%,0.02%,0.0%,0.01%,0.0%,4,0,6,0,10,0,0.01%,0.0%,0.02%,0.0%,0.01%,0.0%,100.0%,0.0%,0,0,0.0%,0.0%,0.0,0.0,0,0,20260312
B0CCWV2DYL,B0C6FVLRHH,Spigen Thin Fit Pro Hülle Kompatibel mit Samsung Galaxy Z Flip 5 -Frost Gray,0,0,2,0,2,0,0.0%,0.0%,0.01%,0.0%,0.0%,0.0%,0,0,3,0,3,0,0.0%,0.0%,0.01%,0.0%,0.0%,0.0%,100.0%,0.0%,0,0,0.0%,0.0%,0.0,0.0,0,0,20260315
B0FR43NQYR,B0FD21GLV5,Spigen iPhone 17 Pro Hülle [2025 Upgrade Kamerasteuerung] Ultra Hybrid T MagFit [Dura Clear Tech] Case Handyhülle Transparent Kompatibel mit MagSafe –Glossy White,56,2,17,3,73,5,0.22%,0.84%,0.12%,0.35%,0.19%,0.45%,73,3,25,7,98,10,0.2%,0.99%,0.13%,0.59%,0.18%,0.67%,98.85%,100.0%,4,0,5.48%,0.0%,99.97,0.0,4,0,20260327
B0DHKLMNKX,B0FD1RXXWT,Spigen iPhone 17 Pro Max Hülle [Militärgeprüfter Schutz] Thin Fit MagFit Case Handyhülle Slim Kompatibel mit MagSafe –Schwarz,21,0,14,2,35,2,0.07%,0.0%,0.1%,0.39%,0.08%,0.25%,26,0,16,3,42,3,0.06%,0.0%,0.08%,0.43%,0.07%,0.27%,100.0%,100.0%,2,0,5.71%,0.0%,47.83,0.0,2,0,20260321
B0CXC66NCG,B0CXC66NCG,"Spigen Glas.tR EZ Fit Optik Pro Kameraschutz kompatibel mit iPad Air 11 Zoll M4/M3/M2 (2026-2024), iPad Air 13 Zoll M4/M3/M2 (2026-2024), 2 Stück, Space Grau, Individuelle Objektive, 9H Härte Folie",0,0,1,0,1,0,0.0%,0.0%,0.0%,0.0%,0.0%,0.0%,0,0,1,0,1,0,0.0%,0.0%,0.0%,0.0%,0.0%,0.0%,100.0%,0.0%,0,0,0.0%,0.0%,0.0,0.0,0,0,20260309
B0D21LN5LK,B0D21LN5LK,"Spigen Classic C1 MagFit Hülle für iPhone 16 Pro Max, Kompatibel mit MagSafe Zubehör -Ruby",6,0,2,0,8,0,0.01%,0.0%,0.01%,0.0%,0.01%,0.0%,6,0,2,0,8,0,0.01%,0.0%,0.01%,0.0%,0.01%,0.0%,50.0%,0.0%,0,0,0.0%,0.0%,0.0,0.0,0,0,20260301
B0FNCRW7JC,B0B1PCRZ7D,Spigen Liquid Air Hülle Kompatibel mit iPhone 14 Hülle Case Handyhülle -Matte Black,11,0,7,1,18,1,0.04%,0.0%,0.05%,0.11%,0.04%,0.09%,14,0,13,1,27,1,0.04%,0.0%,0.06%,0.08%,0.05%,0.06%,100.0%,100.0%,2,0,11.11%,0.0%,25.59,0.0,2,0,20260331
B0F9WTD4JQ,B0D3J4RKHL,"Spigen Glas.tR EZ Fit Schutzfolie kompatibel mit Samsung Galaxy Z Flip 7 FE, Z Flip 6, 2 Stück, für externe Display, Kratzfest, Hüllenfreundlich, Touch reaktiv",3,0,2,1,5,1,0.01%,0.0%,0.01%,0.11%,0.01%,0.09%,5,0,2,1,7,1,0.01%,0.0%,0.01%,0.08%,0.01%,0.07%,100.0%,100.0%,0,0,0.0%,0.0%,0.0,0.0,0,0,20260323
B0DZ6KTTZM,B0FXCK6S9B,"Spigen Liquid Air für Samsung Galaxy S26 Ultra Hülle [rutschfest] Slim TPU mit Truss-Design, Militärgeprüfter Schutz, Sound Tunnel Technologie Case Handyhülle –Marble Gray",43,0,19,2,62,2,0.14%,0.0%,0.12%,0.35%,0.13%,0.22%,64,0,24,4,88,4,0.15%,0.0%,0.11%,0.49%,0.13%,0.31%,98.72%,100.0%,2,0,3.23%,0.0%,33.98,0.0,2,0,20260322
B0FMQXDRZW,B0D84YX465,"Spigen Glas.tR EZ Fit Schutzfolie kompatibel mit iPhone 17 Pro, iPhone 17, iPhone 16 Pro, 2 Stück, Kratzfest, inklusive Installationskit, Kristallklar, 9H Härte Folie",248,4,194,45,442,49,0.9%,1.56%,1.3%,4.66%,1.04%,4.01%,338,5,290,77,628,82,0.87%,1.38%,1.41%,5.65%,1.06%,4.75%,26.36%,100.0%,87,50,19.68%,102.04%,1417.48,756.07,69,32,20260325
