date,newToBrandSalesClicks,viewabilityRate,purchasesClicks,detailPageViews,newToBrandSalesPercentage,unitsSold,sales,qualifiedBorrowsFromClicks,addToListFromClicks,costType,campaignStatus,viewClickThroughRate,campaignBudgetAmount,royaltyQualifiedBorrowsFromClicks,purchasesPromoted,newToBrandDetailPageViewRate,purchases,campaignId,newToBrandPurchasesPercentage,qualifiedBorrows,salesPromoted,campaignBudgetCurrencyCode,videoCompleteViews,salesClicks,videoFirstQuartileViews,newToBrandPurchasesRate,unitsSoldClicks,brandedSearches,video5SecondViews,topOfSearchImpressionShare,royaltyQualifiedBorrows,newToBrandECPDetailPageView,newToBrandPurchases,brandedSearchesClicks,addToList,newToBrandSales,newToBrandPurchasesClicks,campaignBudgetType,addToCartClicks,videoUnmutes,addToCart,videoThirdQuartileViews,addToCartRate,cost,newToBrandDetailPageViewsClicks,impressions,newToBrandUnitsSold,viewableImpressions,detailPageViewsClicks,eCPAddToCart,newToBrandDetailPageViews,clicks,videoMidpointViews,video5SecondViewRate,newToBrandUnitsSoldClicks,newToBrandUnitsSoldPercentage,campaignName
2026-03-19,0.0,0.0,0,0,0.0,0,0.0,0,0,FIXED_PRICE,ENABLED,0.0,631.0,0,0,0.0,0,439558339599630,0.0,0,0.0,EUR,0,0.0,0,0.0,0,0,0,0.0,0,0.0,0,0,0,0.0,0,LIFETIME_BUDGET,0,0,0,0,0.0,0.0,0,0,0,0,0,0.0,0,0,0,0.0,0,0.0,12_11_13_01_A_Common_All_25BFCM_SB_RsoV
2026-03-21,0.0,0.0,0,0,0.0,0,0.0,0,0,CPC,ARCHIVED,0.0,50.0,0,0,0.0,0,341861192606036,0.0,0,0.0,EUR,0,0.0,0,0.0,0,0,0,0.0,0,0.0,0,0,0,0.0,0,DAILY_BUDGET,0,0,0,0,0.0,0.0,0,0,0,0,0,0.0,0,0,0,0.0,0,0.0,12_13_02_18_Switch 2 All_store_chaeeun_260106
2026-03-25,0.0,0.0,0,0,0.0,0,0.0,0,0,CPC,ARCHIVED,0.0,30.0,0,0,0.0,0,506659807322409,0.0,0,0.0,EUR,0,0.0,0,0.0,0,0,0,0.0,0,0.0,0,0,0,0.0,0,DAILY_BUDGET,0,0,0,0,0.0,0.0,0,0,0,0,0,0.0,0,0,0,0.0,0,0.0,12_13_15_03_Classic C1 TG_B0D6TDVX27_chaeeun_251024
2026-03-23,0.0,0.0,0,0,0.0,0,0.0,0,0,FIXED_PRICE,ENABLED,0.0,1022.0,0,0,0.0,0,539087830949352,0.0,0,0.0,EUR,0,0.0,0,0.0,0,0,0,0.0,0,0.0,0,0,0,0.0,0,LIFETIME_BUDGET,0,0,0,0,0.0,0.0,0,0,0,0,0,0.0,0,0,0,0.0,0,0.0,Campaign: 12_14_00_00_Power(SB)_Reserve share of voice_Subin_251121
2026-03-30,0.0,0.0,0,0,0.0,0,0.0,0,0,CPC,ARCHIVED,0.0,40.0,0,0,0.0,0,401578372149145,0.0,0,0.0,EUR,0,0.0,0,0.0,0,0,0,0.0,0,0.0,0,0,0,0.0,0,DAILY_BUDGET,0,0,0,0,0.0,0.0,0,0,0,0,0,0.0,0,0,0,0.0,0,0.0,12_13_02_03_MacBook Pro 14_All_Top Deal_chaeeun_251114
2026-03-04,29.4,39.06,2,66,55.56,2,52.92,0,0,CPC,ENABLED,3.2,60.0,0,2,55.60704355885079,2,507497934391165,50.0,0,52.92,EUR,0,52.92,0,3.7,2,0,0,2.72,0,3.3,1,0,0,29.4,1,DAILY_BUDGET,3,0,3,0,13.901760889712698,39.64,12,2158,1,843,66,13.21,12,27,0,0.0,1,50.0,12_13_19_03_Magsafe Wallet_SB_ALL_chaeeun_260303
2026-03-24,0.0,0.0,0,0,0.0,0,0.0,0,0,CPC,PAUSED,0.0,50.0,0,0,0.0,0,555425926966358,0.0,0,0.0,EUR,0,0.0,0,0.0,0,0,0,0.0,0,0.0,0,0,0,0.0,0,DAILY_BUDGET,0,0,0,0,0.0,0.0,0,0,0,0,0,0.0,0,0,0,0.0,0,0.0,12_15_04_03_DE_iPhone 17/17 Pro PRV Privacy (2P)_Video SPN_250909_yeseo
2026-03-10,0.0,0.0,0,0,0.0,0,0.0,0,0,CPC,PAUSED,0.0,40.0,0,0,0.0,0,373786563901709,0.0,0,0.0,EUR,0,0.0,0,0.0,0,0,0,0.0,0,0.0,0,0,0,0.0,0,DAILY_BUDGET,0,0,0,0,0.0,0.0,0,0,0,0,0,0.0,0,0,0,0.0,0,0.0,12_11_01_23_A_Galaxy S25 Ultra_LA_SBV_250123
2026-03-24,0.0,0.0,0,0,0.0,0,0.0,0,0,CPC,PAUSED,0.0,100.0,0,0,0.0,0,296201246399887,0.0,0,0.0,EUR,0,0.0,0,0.0,0,0,0,0.0,0,0.0,0,0,0,0.0,0,DAILY_BUDGET,0,0,0,0,0.0,0.0,0,0,0,0,0,0.0,0,0,0,0.0,0,0.0,12_15_04_03_DE_iPhone 17 Pro Max EZ Fit Glas.tR Slim (2P)_Video SPN_250909_yeseo
2026-03-14,0.0,0.0,0,0,0.0,0,0.0,0,0,VCPM,PAUSED,0.0,25.0,0,0,0.0,0,482053478916742,0.0,0,0.0,EUR,0,0.0,0,0.0,0,0,0,0.0,0,0.0,0,0,0,0.0,0,DAILY_BUDGET,0,0,0,0,0.0,0.0,0,0,0,0,0,0.0,0,0,0,0.0,0,0.0,12_11_01_09_A_Pixel 10 Pro XL_SB HLS Video_250820
2026-03-30,0.0,0.0,0,0,0.0,0,0.0,0,0,CPC,PAUSED,0.0,20.0,0,0,0.0,0,535967504555968,0.0,0,0.0,EUR,0,0.0,0,0.0,0,0,0,0.0,0,0.0,0,0,0,0.0,0,DAILY_BUDGET,0,0,0,0,0.0,0.0,0,0,0,0,0,0.0,0,0,0,0.0,0,0.0,12_15_04_23_DE_Galaxy S26 EZ Fit Pro CC_SB Video_260225_yeseo
2026-03-26,0.0,0.0,0,0,0.0,0,0.0,0,0,CPC,PAUSED,0.0,50.0,0,0,0.0,0,508156095648235,0.0,0,0.0,EUR,0,0.0,0,0.0,0,0,0,0.0,0,0.0,0,0,0,0.0,0,DAILY_BUDGET,0,0,0,0,0.0,0.0,0,0,0,0,0,0.0,0,0,0,0.0,0,0.0,12_15_04_03_DE_2025 BFCM iPhone 17 Series EZ Fit Line-Up (AMC)_SB Headline_251115_yeseo
2026-03-03,0.0,0.0,0,0,0.0,0,0.0,0,0,CPC,ENABLED,0.0,30.0,0,0,0.0,0,533634750431703,0.0,0,0.0,EUR,0,0.0,0,0.0,0,0,0,0.0,0,0.0,0,0,0,0.0,0,DAILY_BUDGET,0,0,0,0,0.0,0.0,0,0,0,0,0,0.0,0,0,0,0.0,0,0.0,12_13_11_01_Spigen Audio_SB_subin_250828
2026-03-06,0.0,0.0,0,0,0.0,0,0.0,0,0,VCPM,PAUSED,0.0,20.0,0,0,0.0,0,317239848375509,0.0,0,0.0,EUR,0,0.0,0,0.0,0,0,0,0.0,0,0.0,0,0,0,0.0,0,DAILY_BUDGET,0,0,0,0,0.0,0.0,0,0,0,0,0,0.0,0,0,0,0.0,0,0.0,12_11_01_23_B_Galaxy A17 5G_SB
2026-03-23,0.0,0.0,0,0,0.0,0,0.0,0,0,VCPM,PAUSED,0.0,100.0,0,0,0.0,0,505891381327753,0.0,0,0.0,EUR,0,0.0,0,0.0,0,0,0,0.0,0,0.0,0,0,0,0.0,0,DAILY_BUDGET,0,0,0,0,0.0,0.0,0,0,0,0,0,0.0,0,0,0,0.0,0,0.0,12_14_00_00_A_iPhone 17 Pro_SB_Video
2026-03-07,0.0,0.0,0,0,0.0,0,0.0,0,0,CPC,PAUSED,0.0,30.0,0,0,0.0,0,335422799695709,0.0,0,0.0,EUR,0,0.0,0,0.0,0,0,0,0.0,0,0.0,0,0,0,0.0,0,DAILY_BUDGET,0,0,0,0,0.0,0.0,0,0,0,0,0,0.0,0,0,0,0.0,0,0.0,12_15_04_03_DE_iPhone 17 Optik Pro Black (2P)_Video SPN_250909_yeseo
2026-03-03,0.0,0.0,0,0,0.0,0,0.0,0,0,CPC,PAUSED,0.0,30.0,0,0,0.0,0,398373886234645,0.0,0,0.0,EUR,0,0.0,0,0.0,0,0,0,0.0,0,0.0,0,0,0,0.0,0,DAILY_BUDGET,0,0,0,0,0.0,0.0,0,0,0,0,0,0.0,0,0,0,0.0,0,0.0,12_26_08_01_EE673EU Black_SB(Main)_Subin_250909
2026-03-15,0.0,0.0,0,0,0.0,0,0.0,0,0,FIXED_PRICE,ENABLED,0.0,1022.0,0,0,0.0,0,539087830949352,0.0,0,0.0,EUR,0,0.0,0,0.0,0,0,0,0.0,0,0.0,0,0,0,0.0,0,LIFETIME_BUDGET,0,0,0,0,0.0,0.0,0,0,0,0,0,0.0,0,0,0,0.0,0,0.0,Campaign: 12_14_00_00_Power(SB)_Reserve share of voice_Subin_251121
2026-03-28,0.0,0.0,0,0,0.0,0,0.0,0,0,CPC,PAUSED,0.0,40.0,0,0,0.0,0,297342718689182,0.0,0,0.0,EUR,0,0.0,0,0.0,0,0,0,0.0,0,0.0,0,0,0,0.0,0,DAILY_BUDGET,0,0,0,0,0.0,0.0,0,0,0,0,0,0.0,0,0,0,0.0,0,0.0,12_27_21_01_Awareness(SB)_EF302MOQ_Subin_251118
2026-03-01,83.49,43.47,6,326,61.97,6,134.73,0,5,CPC,ENABLED,4.11,50.0,0,4,40.816326530612244,6,451670035029156,66.67,0,94.08,EUR,0,134.73,0,11.43,6,69,0,32.93,0,4.78,4,69,5,83.49,4,DAILY_BUDGET,17,0,17,0,86.73469387755102,38.26,8,1960,4,852,326,2.25,8,35,0,0.0,4,66.67,12_13_15_01_Samsung Wallet_SB_AMC_chaeeun_260226
2026-03-04,0.0,0.0,0,0,0.0,0,0.0,0,0,CPC,PAUSED,0.0,60.0,0,0,0.0,0,526562125776211,0.0,0,0.0,EUR,0,0.0,0,0.0,0,0,0,0.0,0,0.0,0,0,0,0.0,0,DAILY_BUDGET,0,0,0,0,0.0,0.0,0,0,0,0,0,0.0,0,0,0,0.0,0,0.0,12_11_01_23_B_Galaxy A56 5G_SB_250305
2026-03-18,0.0,0.0,0,0,0.0,0,0.0,0,0,CPC,PAUSED,0.0,20.0,0,0,0.0,0,376035943613246,0.0,0,0.0,EUR,0,0.0,0,0.0,0,0,0,0.0,0,0.0,0,0,0,0.0,0,DAILY_BUDGET,0,0,0,0,0.0,0.0,0,0,0,0,0,0.0,0,0,0,0.0,0,0.0,12_15_04_03_DE_iPhone Air EZ Fit Glas.tR Slim (2P)_Video SPN_250909_yeseo
2026-03-06,0.0,0.0,0,0,0.0,0,0.0,0,0,VCPM,PAUSED,0.0,10.0,0,0,0.0,0,554442857069735,0.0,0,0.0,EUR,0,0.0,0,0.0,0,0,0,0.0,0,0.0,0,0,0,0.0,0,DAILY_BUDGET,0,0,0,0,0.0,0.0,0,0,0,0,0,0.0,0,0,0,0.0,0,0.0,12_14_00_00_A_iPhone 17_SB_Video
2026-03-15,0.0,0.0,0,0,0.0,0,0.0,0,0,VCPM,PAUSED,0.0,25.0,0,0,0.0,0,397637258075589,0.0,0,0.0,EUR,0,0.0,0,0.0,0,0,0,0.0,0,0.0,0,0,0,0.0,0,DAILY_BUDGET,0,0,0,0,0.0,0.0,0,0,0,0,0,0.0,0,0,0,0.0,0,0.0,12_11_01_09_A_Pixel 9 Pro/9_HLS_251122
2026-03-22,43.68,57.88,2,221,77.61,3,56.28,0,1,VCPM,ENABLED,1.19,50.0,0,1,42.91845493562232,3,336420664946952,66.67,0,12.6,EUR,0,43.68,0,8.33,2,26,0,25.06,0,3.23,2,0,1,43.68,2,DAILY_BUDGET,4,0,12,0,34.33476394849785,48.51,10,3495,2,2023,59,4.04,15,24,0,0.0,2,100.0,12_11_01_03_A_iPhone 16 Series_SB_Exact
2026-03-27,0.0,0.0,0,0,0.0,0,0.0,0,0,VCPM,PAUSED,0.0,20.0,0,0,0.0,0,317239848375509,0.0,0,0.0,EUR,0,0.0,0,0.0,0,0,0,0.0,0,0.0,0,0,0,0.0,0,DAILY_BUDGET,0,0,0,0,0.0,0.0,0,0,0,0,0,0.0,0,0,0,0.0,0,0.0,12_11_01_23_B_Galaxy A17 5G_SB
2026-03-04,0.0,0.0,0,0,0.0,0,0.0,0,0,VCPM,PAUSED,0.0,45.0,0,0,0.0,0,399740782032292,0.0,0,0.0,EUR,0,0.0,0,0.0,0,0,0,0.0,0,0.0,0,0,0,0.0,0,DAILY_BUDGET,0,0,0,0,0.0,0.0,0,0,0,0,0,0.0,0,0,0,0.0,0,0.0,12_11_01_23_A_Galaxy S24_HLS_251122
2026-03-13,23.52,27.16,3,147,66.67,3,35.28,0,4,CPC,ENABLED,1.56,40.0,0,3,7.412113511224058,3,412926448915904,66.67,0,35.28,EUR,0,35.28,0,5.0,3,66,0,0.53,0,5.36,2,66,4,23.52,2,DAILY_BUDGET,9,0,9,0,9.529860228716645,37.55,7,9444,2,2565,147,4.17,7,40,0,0.0,2,66.67,12_13_22_03_AirPods Pro 3_SB_subin_260304
2026-03-09,196.55,27.01,10,491,100.0,10,196.55,0,12,CPC,ENABLED,1.95,70.0,0,8,23.72791985235961,10,378613130567765,100.0,0,161.78,EUR,0,196.55,0,16.67,10,32,0,3.71,0,3.77,10,32,12,196.55,10,DAILY_BUDGET,42,0,42,0,36.91009754811495,101.88,27,11379,10,3074,491,2.43,27,60,0,0.0,10,100.0,12_11_01_23_A_Galaxy S26_SB_image_MainKeyword
2026-03-22,0.0,0.0,0,0,0.0,0,0.0,0,0,CPC,PAUSED,0.0,30.0,0,0,0.0,0,335422799695709,0.0,0,0.0,EUR,0,0.0,0,0.0,0,0,0,0.0,0,0.0,0,0,0,0.0,0,DAILY_BUDGET,0,0,0,0,0.0,0.0,0,0,0,0,0,0.0,0,0,0,0.0,0,0.0,12_15_04_03_DE_iPhone 17 Optik Pro Black (2P)_Video SPN_250909_yeseo
2026-03-10,0.0,0.0,0,0,0.0,0,0.0,0,0,CPC,PAUSED,0.0,50.0,0,0,0.0,0,475154921323252,0.0,0,0.0,EUR,0,0.0,0,0.0,0,0,0,0.0,0,0.0,0,0,0,0.0,0,DAILY_BUDGET,0,0,0,0,0.0,0.0,0,0,0,0,0,0.0,0,0,0,0.0,0,0.0,12_15_04_09_DE_Pixel 10 Pro XL EZ Fit _Video SPN_250822_yeseo
2026-03-03,0.0,0.0,0,0,0.0,0,0.0,0,0,CPC,PAUSED,0.0,40.0,0,0,0.0,0,297342718689182,0.0,0,0.0,EUR,0,0.0,0,0.0,0,0,0,0.0,0,0.0,0,0,0,0.0,0,DAILY_BUDGET,0,0,0,0,0.0,0.0,0,0,0,0,0,0.0,0,0,0,0.0,0,0.0,12_11_21_01_Awareness(SB)_EF302MOQ_Subin_251118
2026-03-02,0.0,0.0,0,0,0.0,0,0.0,0,0,VCPM,ARCHIVED,0.0,30.0,0,0,0.0,0,400510721675961,0.0,0,0.0,EUR,0,0.0,0,0.0,0,0,0,0.0,0,0.0,0,0,0,0.0,0,DAILY_BUDGET,0,0,0,0,0.0,0.0,0,0,0,0,0,0.0,0,0,0,0.0,0,0.0,12_13_19_03_PBDD_Magsafe W_TT _VAL S_SZ_B0CYHLK3SF_chaeeun_251002
2026-03-23,0.0,0.0,0,0,0.0,0,0.0,0,0,CPC,PAUSED,0.0,20.0,0,0,0.0,0,330368167698042,0.0,0,0.0,EUR,0,0.0,0,0.0,0,0,0,0.0,0,0.0,0,0,0,0.0,0,DAILY_BUDGET,0,0,0,0,0.0,0.0,0,0,0,0,0,0.0,0,0,0,0.0,0,0.0,12_15_04_09_DE_2025 BFCM Pixel 10 Series EZ Fit Line-Up (AMC)_SB Headline_251115_yeseo
2026-03-17,0.0,0.0,0,0,0.0,0,0.0,0,0,VCPM,PAUSED,0.0,25.0,0,0,0.0,0,482053478916742,0.0,0,0.0,EUR,0,0.0,0,0.0,0,0,0,0.0,0,0.0,0,0,0,0.0,0,DAILY_BUDGET,0,0,0,0,0.0,0.0,0,0,0,0,0,0.0,0,0,0,0.0,0,0.0,12_11_01_09_A_Pixel 10 Pro XL_SB HLS Video_250820
2026-03-31,0.0,0.0,0,0,0.0,0,0.0,0,0,CPC,PAUSED,0.0,100.0,0,0,0.0,0,350564034985822,0.0,0,0.0,EUR,0,0.0,0,0.0,0,0,0,0.0,0,0.0,0,0,0,0.0,0,DAILY_BUDGET,0,0,0,0,0.0,0.0,0,0,0,0,0,0.0,0,0,0,0.0,0,0.0,12_14_00_00_A_Common_DynamicShield_Armband_SB
2026-03-16,0.0,0.0,0,0,0.0,0,0.0,0,0,CPC,PAUSED,0.0,30.0,0,0,0.0,0,335422799695709,0.0,0,0.0,EUR,0,0.0,0,0.0,0,0,0,0.0,0,0.0,0,0,0,0.0,0,DAILY_BUDGET,0,0,0,0,0.0,0.0,0,0,0,0,0,0.0,0,0,0,0.0,0,0.0,12_15_04_03_DE_iPhone 17 Optik Pro Black (2P)_Video SPN_250909_yeseo
2026-03-16,0.0,0.0,0,0,0.0,0,0.0,0,0,CPC,PAUSED,0.0,30.0,0,0,0.0,0,306804543838793,0.0,0,0.0,EUR,0,0.0,0,0.0,0,0,0,0.0,0,0.0,0,0,0,0.0,0,DAILY_BUDGET,0,0,0,0,0.0,0.0,0,0,0,0,0,0.0,0,0,0,0.0,0,0.0,12_15_04_09_DE_Pixel 10/10 Pro EZ Fit Privacy _Video SPN_250822_yeseo
2026-03-19,0.0,0.0,0,0,0.0,0,0.0,0,0,CPC,ENABLED,0.0,60.0,0,0,0.0,0,455801638561847,0.0,0,0.0,EUR,0,0.0,0,0.0,0,0,0,0.0,0,0.0,0,0,0,0.0,0,DAILY_BUDGET,0,0,0,0,0.0,0.0,0,0,0,0,0,0.0,0,0,0,0.0,0,0.0,12_11_01_23_A_Galaxy S26 Ultra_SB_Video_Broad_Brand
2026-03-01,0.0,0.0,0,0,0.0,0,0.0,0,0,CPC,PAUSED,0.0,50.0,0,0,0.0,0,334249680009807,0.0,0,0.0,EUR,0,0.0,0,0.0,0,0,0,0.0,0,0.0,0,0,0,0.0,0,DAILY_BUDGET,0,0,0,0,0.0,0.0,0,0,0,0,0,0.0,0,0,0,0.0,0,0.0,13_14_00_00_Consideration(SB)_ITQ series_Jihye_251106
2026-03-11,0.0,0.0,0,0,0.0,0,0.0,0,0,CPC,PAUSED,0.0,10.0,0,0,0.0,0,384222515729411,0.0,0,0.0,EUR,0,0.0,0,0.0,0,0,0,0.0,0,0.0,0,0,0,0.0,0,DAILY_BUDGET,0,0,0,0,0.0,0.0,0,0,0,0,0,0.0,0,0,0,0.0,0,0.0,12_15_04_03_DE_iPhone Air PRV Privacy (2P)_Video SPN_250909_yeseo
2026-03-08,0.0,0.0,0,0,0.0,0,0.0,0,0,CPC,ENABLED,0.0,60.0,0,0,0.0,0,535542130234135,0.0,0,0.0,EUR,0,0.0,0,0.0,0,0,0,0.0,0,0.0,0,0,0,0.0,0,DAILY_BUDGET,0,0,0,0,0.0,0.0,0,0,0,0,0,0.0,0,0,0,0.0,0,0.0,12_11_01_23_A_Galaxy S25_SB HLS Image_250122
2026-03-26,0.0,0.0,0,0,0.0,0,0.0,0,0,CPC,PAUSED,0.0,20.0,0,0,0.0,0,283218704651835,0.0,0,0.0,EUR,0,0.0,0,0.0,0,0,0,0.0,0,0.0,0,0,0,0.0,0,DAILY_BUDGET,0,0,0,0,0.0,0.0,0,0,0,0,0,0.0,0,0,0,0.0,0,0.0,12_11_01_23_B_Galaxy S25 FE_SB_PT
2026-03-06,0.0,0.0,0,0,0.0,0,0.0,0,0,CPC,ARCHIVED,0.0,50.0,0,0,0.0,0,341861192606036,0.0,0,0.0,EUR,0,0.0,0,0.0,0,0,0,0.0,0,0.0,0,0,0,0.0,0,DAILY_BUDGET,0,0,0,0,0.0,0.0,0,0,0,0,0,0.0,0,0,0,0.0,0,0.0,12_13_02_18_Switch 2 All_store_chaeeun_260106
2026-03-18,0.0,0.0,0,0,0.0,0,0.0,0,0,CPC,PAUSED,0.0,30.0,0,0,0.0,0,494617636074283,0.0,0,0.0,EUR,0,0.0,0,0.0,0,0,0,0.0,0,0.0,0,0,0,0.0,0,DAILY_BUDGET,0,0,0,0,0.0,0.0,0,0,0,0,0,0.0,0,0,0,0.0,0,0.0,13_14_00_00_Consideration(SB Video)_MagFit NanoPop Series_Jihye_1208
2026-03-04,0.0,0.0,0,0,0.0,0,0.0,0,0,CPC,PAUSED,0.0,45.0,0,0,0.0,0,534260978031306,0.0,0,0.0,EUR,0,0.0,0,0.0,0,0,0,0.0,0,0.0,0,0,0,0.0,0,DAILY_BUDGET,0,0,0,0,0.0,0.0,0,0,0,0,0,0.0,0,0,0,0.0,0,0.0,12_11_01_23_A_Galaxy Z Fold7_SB HLS Video_250709
2026-03-26,0.0,0.0,0,0,0.0,0,0.0,0,0,VCPM,PAUSED,0.0,10.0,0,0,0.0,0,481030421162509,0.0,0,0.0,EUR,0,0.0,0,0.0,0,0,0,0.0,0,0.0,0,0,0,0.0,0,DAILY_BUDGET,0,0,0,0,0.0,0.0,0,0,0,0,0,0.0,0,0,0,0.0,0,0.0,12_14_00_00_A_Common_Aquashield_SBV
2026-03-10,0.0,0.0,0,0,0.0,0,0.0,0,0,VCPM,PAUSED,0.0,35.0,0,0,0.0,0,521290304115349,0.0,0,0.0,EUR,0,0.0,0,0.0,0,0,0,0.0,0,0.0,0,0,0,0.0,0,DAILY_BUDGET,0,0,0,0,0.0,0.0,0,0,0,0,0,0.0,0,0,0,0.0,0,0.0,12_11_01_09_A_Pixel 10 Series_SB HLS Collection_250820
2026-03-01,0.0,0.0,0,0,0.0,0,0.0,0,0,CPC,PAUSED,0.0,100.0,0,0,0.0,0,401500724126431,0.0,0,0.0,EUR,0,0.0,0,0.0,0,0,0,0.0,0,0.0,0,0,0,0.0,0,DAILY_BUDGET,0,0,0,0,0.0,0.0,0,0,0,0,0,0.0,0,0,0,0.0,0,0.0,12_11_08_01_Power ACC_SB_Subin_251005
2026-03-08,10.71,22.43,3,15,34.0,3,31.5,0,0,CPC,PAUSED,2.78,40.0,0,3,31.15264797507788,3,465399708907289,33.33,0,31.5,EUR,25,31.5,79,50.0,3,2,79,47.28,0,7.38,1,2,0,10.71,1,DAILY_BUDGET,4,0,4,32,124.61059190031152,7.38,1,321,1,72,15,1.84,1,2,45,24.61,1,33.33,12_11_01_09_A_Pixel 10a_Video_260219
2026-03-07,0.0,0.0,0,0,0.0,0,0.0,0,0,CPC,PAUSED,0.0,50.0,0,0,0.0,0,334249680009807,0.0,0,0.0,EUR,0,0.0,0,0.0,0,0,0,0.0,0,0.0,0,0,0,0.0,0,DAILY_BUDGET,0,0,0,0,0.0,0.0,0,0,0,0,0,0.0,0,0,0,0.0,0,0.0,13_14_00_00_Consideration(SB)_ITQ series_Jihye_251106
2026-03-13,0.0,0.0,0,0,0.0,0,0.0,0,0,CPC,PAUSED,0.0,100.0,0,0,0.0,0,350564034985822,0.0,0,0.0,EUR,0,0.0,0,0.0,0,0,0,0.0,0,0.0,0,0,0,0.0,0,DAILY_BUDGET,0,0,0,0,0.0,0.0,0,0,0,0,0,0.0,0,0,0,0.0,0,0.0,12_14_00_00_A_Common_DynamicShield_Armband_SB
2026-03-05,0.0,0.0,0,0,0.0,0,0.0,0,0,CPC,PAUSED,0.0,50.0,0,0,0.0,0,309407922986498,0.0,0,0.0,EUR,0,0.0,0,0.0,0,0,0,0.0,0,0.0,0,0,0,0.0,0,DAILY_BUDGET,0,0,0,0,0.0,0.0,0,0,0,0,0,0.0,0,0,0,0.0,0,0.0,12_11_01_03_A_iPhone 17 series_OAM_SBV
2026-03-14,0.0,0.0,0,0,0.0,0,0.0,0,0,FIXED_PRICE,ENABLED,0.0,1022.0,0,0,0.0,0,539087830949352,0.0,0,0.0,EUR,0,0.0,0,0.0,0,0,0,0.0,0,0.0,0,0,0,0.0,0,LIFETIME_BUDGET,0,0,0,0,0.0,0.0,0,0,0,0,0,0.0,0,0,0,0.0,0,0.0,Campaign: 12_14_00_00_Power(SB)_Reserve share of voice_Subin_251121
2026-03-18,70.56,37.76,5,210,100.0,5,70.56,0,1,CPC,PAUSED,1.29,20.0,0,3,18.98686109212425,5,380652428513185,100.0,0,39.48,EUR,0,70.56,0,7.81,5,33,0,30.11,0,2.37,5,33,1,70.56,5,DAILY_BUDGET,9,0,9,0,6.83526999316473,59.31,25,13167,5,4972,210,6.59,25,64,0,0.0,5,100.0,12_11_13_01_A_Common_Lanyard_SB_AMC
2026-03-30,0.0,0.0,0,0,0.0,0,0.0,0,0,FIXED_PRICE,ENABLED,0.0,1022.0,0,0,0.0,0,539087830949352,0.0,0,0.0,EUR,0,0.0,0,0.0,0,0,0,0.0,0,0.0,0,0,0,0.0,0,LIFETIME_BUDGET,0,0,0,0,0.0,0.0,0,0,0,0,0,0.0,0,0,0,0.0,0,0.0,Campaign: 12_14_00_00_Power(SB)_Reserve share of voice_Subin_251121
2026-03-23,0.0,0.0,0,0,0.0,0,0.0,0,0,CPC,PAUSED,0.0,30.0,0,0,0.0,0,528891582134130,0.0,0,0.0,EUR,0,0.0,0,0.0,0,0,0,0.0,0,0.0,0,0,0,0.0,0,DAILY_BUDGET,0,0,0,0,0.0,0.0,0,0,0,0,0,0.0,0,0,0,0.0,0,0.0,12_27_08_01_EE451EU(SB)_Subin_260309
2026-03-29,0.0,0.0,0,0,0.0,0,0.0,0,0,CPC,PAUSED,0.0,10.0,0,0,0.0,0,494578395124626,0.0,0,0.0,EUR,0,0.0,0,0.0,0,0,0,0.0,0,0.0,0,0,0,0.0,0,DAILY_BUDGET,0,0,0,0,0.0,0.0,0,0,0,0,0,0.0,0,0,0,0.0,0,0.0,12_15_04_03_DE_2025 BFCM iPhone 17 Series Privacy Line-Up (AMC)_SB Headline_251115_yeseo
2026-03-20,0.0,0.0,0,0,0.0,0,0.0,0,0,VCPM,ARCHIVED,0.0,30.0,0,0,0.0,0,411155836014198,0.0,0,0.0,EUR,0,0.0,0,0.0,0,0,0,0.0,0,0.0,0,0,0,0.0,0,DAILY_BUDGET,0,0,0,0,0.0,0.0,0,0,0,0,0,0.0,0,0,0,0.0,0,0.0,12_13_02_03_PBDD_iPad Air 13/11_B0CW2C6WDL_251002
2026-03-09,0.0,0.0,0,0,0.0,0,0.0,0,0,CPC,PAUSED,0.0,20.0,0,0,0.0,0,362853509761099,0.0,0,0.0,EUR,0,0.0,0,0.0,0,0,0,0.0,0,0.0,0,0,0,0.0,0,DAILY_BUDGET,0,0,0,0,0.0,0.0,0,0,0,0,0,0.0,0,0,0,0.0,0,0.0,12_15_04_03_DE_iPhone 17 Pro Max EZ Fit Pro_Video SPN_251024_yeseo
2026-03-11,0.0,0.0,0,0,0.0,0,0.0,0,0,VCPM,ARCHIVED,0.0,30.0,0,0,0.0,0,411155836014198,0.0,0,0.0,EUR,0,0.0,0,0.0,0,0,0,0.0,0,0.0,0,0,0,0.0,0,DAILY_BUDGET,0,0,0,0,0.0,0.0,0,0,0,0,0,0.0,0,0,0,0.0,0,0.0,12_13_02_03_PBDD_iPad Air 13/11_B0CW2C6WDL_251002
2026-03-12,0.0,0.0,0,0,0.0,0,0.0,0,0,VCPM,PAUSED,0.0,80.0,0,0,0.0,0,328716638776335,0.0,0,0.0,EUR,0,0.0,0,0.0,0,0,0,0.0,0,0.0,0,0,0,0.0,0,DAILY_BUDGET,0,0,0,0,0.0,0.0,0,0,0,0,0,0.0,0,0,0,0.0,0,0.0,12_11_01_03_A_iPhone 16_SB_Event
2026-03-08,0.0,0.0,0,0,0.0,0,0.0,0,0,VCPM,PAUSED,0.0,60.0,0,0,0.0,0,561731531385326,0.0,0,0.0,EUR,0,0.0,0,0.0,0,0,0,0.0,0,0.0,0,0,0,0.0,0,DAILY_BUDGET,0,0,0,0,0.0,0.0,0,0,0,0,0,0.0,0,0,0,0.0,0,0.0,12_11_01_23_A_Galaxy S25 Ultra_SB Video store landing_250122
2026-03-20,14.28,56.73,1,139,100.0,2,38.73,0,0,VCPM,ENABLED,1.49,50.0,0,1,57.752110173256334,2,402301401138601,100.0,0,14.28,EUR,0,14.28,0,10.53,1,25,0,20.62,0,2.17,2,0,1,38.73,1,DAILY_BUDGET,4,0,12,0,53.309640159928925,28.22,5,2251,2,1277,66,2.35,13,19,0,0.0,1,200.0,12_11_01_03_A_iPhone 15 Series_SB_Exact
2026-03-10,184.87,38.11,19,662,58.65,19,315.23,0,4,CPC,ENABLED,3.0,90.0,0,19,36.89597714829802,19,441939792575157,57.89,0,315.23,EUR,0,315.23,0,11.46,19,36,0,7.01,0,5.81,11,36,4,184.87,11,DAILY_BUDGET,53,0,53,0,63.08021899547727,180.11,31,8402,11,3202,662,3.4,31,96,0,0.0,11,57.89,12_11_01_23_A_Galaxy S26 Ultra_SB_image_MainKeyword
2026-03-09,0.0,0.0,0,0,0.0,0,0.0,0,0,CPC,PAUSED,0.0,20.0,0,0,0.0,0,537640771411453,0.0,0,0.0,EUR,0,0.0,0,0.0,0,0,0,0.0,0,0.0,0,0,0,0.0,0,DAILY_BUDGET,0,0,0,0,0.0,0.0,0,0,0,0,0,0.0,0,0,0,0.0,0,0.0,12_15_06_23_DE_Galaxy Watch8 44mm EZ Fit _Video SPN_250801_yeseo
2026-03-12,0.0,0.0,0,0,0.0,0,0.0,0,0,VCPM,ARCHIVED,0.0,40.0,0,0,0.0,0,296107517282911,0.0,0,0.0,EUR,0,0.0,0,0.0,0,0,0,0.0,0,0.0,0,0,0,0.0,0,DAILY_BUDGET,0,0,0,0,0.0,0.0,0,0,0,0,0,0.0,0,0,0,0.0,0,0.0,12_13_19_03_AirTag_All_BFCM_chaeeun_251114
2026-03-20,103.23,65.87,9,265,62.1,9,166.23,0,5,FIXED_PRICE,ENABLED,9.4,992.0,0,0,63.49206349206349,9,286892433940420,66.67,0,0.0,EUR,0,166.23,0,15.38,9,93,0,100.0,0,0.0,6,93,5,103.23,6,LIFETIME_BUDGET,18,0,18,0,285.7142857142857,0.0,4,630,6,415,265,0.0,4,39,0,0.0,6,66.67,12_11_21_01_Power_SB(RSOV)_Subin_260312
2026-03-01,168.84,30.36,11,307,89.33,11,189.0,0,4,CPC,ENABLED,1.65,100.0,0,6,16.30707476166583,11,378613130567765,90.91,0,91.56,EUR,0,189.0,0,25.0,11,24,0,29.99,0,3.03,10,24,4,168.84,10,DAILY_BUDGET,27,0,27,0,33.86853988961364,39.35,13,7972,10,2420,307,1.46,13,40,0,0.0,10,90.91,12_11_01_23_A_Galaxy S26_SB_image_MainKeyword
2026-03-16,0.0,0.0,0,0,0.0,0,0.0,0,0,CPC,ARCHIVED,0.0,50.0,0,0,0.0,0,309905482996538,0.0,0,0.0,EUR,0,0.0,0,0.0,0,0,0,0.0,0,0.0,0,0,0,0.0,0,DAILY_BUDGET,0,0,0,0,0.0,0.0,0,0,0,0,0,0.0,0,0,0,0.0,0,0.0,12_13_19_01_Karabiner Serie_All_BFCM_chaeeun_251114
2026-03-01,0.0,0.0,0,0,0.0,0,0.0,0,0,CPC,PAUSED,0.0,30.0,0,0,0.0,0,459939484621158,0.0,0,0.0,EUR,0,0.0,0,0.0,0,0,0,2.17,0,0.0,0,0,0,0.0,0,DAILY_BUDGET,0,0,0,0,0.0,0.0,0,1,0,0,0,0.0,0,0,0,0.0,0,0.0,12_15_04_09_DE_Pixel 10a EZ Fit Pro_SB Video(Translate Ver.)_260218_yeseo
2026-03-03,0.0,0.0,0,0,0.0,0,0.0,0,0,CPC,PAUSED,0.0,30.0,0,0,0.0,0,522138636827615,0.0,0,0.0,EUR,0,0.0,0,0.0,0,0,0,0.0,0,0.0,0,0,0,0.0,0,DAILY_BUDGET,0,0,0,0,0.0,0.0,0,0,0,0,0,0.0,0,0,0,0.0,0,0.0,12_15_04_26_DE_Xiaomi 15T Pro/15T_SB Headline_260109_yeseo
2026-03-02,0.0,0.0,0,0,0.0,0,0.0,0,0,CPC,PAUSED,0.0,30.0,0,0,0.0,0,354915667098832,0.0,0,0.0,EUR,0,0.0,0,0.0,0,0,0,0.0,0,0.0,0,0,0,0.0,0,DAILY_BUDGET,0,0,0,0,0.0,0.0,0,0,0,0,0,0.0,0,0,0,0.0,0,0.0,12_15_04_09_DE_Pixel 10 Pro Fold EZ Fit Pro _Video SPN_250819_yeseo
2026-03-31,0.0,0.0,0,0,0.0,0,0.0,0,0,VCPM,PAUSED,0.0,50.0,0,0,0.0,0,523607647801931,0.0,0,0.0,EUR,0,0.0,0,0.0,0,0,0,0.0,0,0.0,0,0,0,0.0,0,DAILY_BUDGET,0,0,0,0,0.0,0.0,0,0,0,0,0,0.0,0,0,0,0.0,0,0.0,12_11_01_23_A_Galaxy S24 Ultra_HLS_251122
2026-03-22,0.0,0.0,0,0,0.0,0,0.0,0,0,VCPM,ARCHIVED,0.0,30.0,0,0,0.0,0,400510721675961,0.0,0,0.0,EUR,0,0.0,0,0.0,0,0,0,0.0,0,0.0,0,0,0,0.0,0,DAILY_BUDGET,0,0,0,0,0.0,0.0,0,0,0,0,0,0.0,0,0,0,0.0,0,0.0,12_13_19_03_PBDD_Magsafe W_TT _VAL S_SZ_B0CYHLK3SF_chaeeun_251002
2026-03-17,0.0,0.0,0,0,0.0,0,0.0,0,0,CPC,PAUSED,0.0,100.0,0,0,0.0,0,401500724126431,0.0,0,0.0,EUR,0,0.0,0,0.0,0,0,0,0.0,0,0.0,0,0,0,0.0,0,DAILY_BUDGET,0,0,0,0,0.0,0.0,0,0,0,0,0,0.0,0,0,0,0.0,0,0.0,12_11_08_01_Power ACC_SB_Subin_251005
2026-03-17,0.0,0.0,0,0,0.0,0,0.0,0,0,VCPM,PAUSED,0.0,40.0,0,0,0.0,0,398782986960512,0.0,0,0.0,EUR,0,0.0,0,0.0,0,0,0,0.0,0,0.0,0,0,0,0.0,0,DAILY_BUDGET,0,0,0,0,0.0,0.0,0,0,0,0,0,0.0,0,0,0,0.0,0,0.0,12_14_00_00_A_iPhone 17 Pro Max_SB_Video_NEW
2026-03-05,21.0,27.2,1,72,100.0,1,21.0,0,1,CPC,ENABLED,3.25,60.0,0,0,39.92015968063872,1,474489145131805,100.0,0,0.0,EUR,0,21.0,0,3.23,1,6,0,71.0,0,2.87,1,6,1,21.0,1,DAILY_BUDGET,8,0,8,0,22.811519817507843,40.12,14,3507,1,954,72,5.01,14,31,0,0.0,1,100.0,12_11_13_01_A_Common_SelfieStick_SB_HLS_2026
2026-03-03,0.0,0.0,0,0,0.0,0,0.0,0,0,CPC,ARCHIVED,0.0,30.0,0,0,0.0,0,389954512125474,0.0,0,0.0,EUR,0,0.0,0,0.0,0,0,0,0.0,0,0.0,0,0,0,0.0,0,DAILY_BUDGET,0,0,0,0,0.0,0.0,0,0,0,0,0,0.0,0,0,0,0.0,0,0.0,12_13_19_03_AirTag_VT_TA2_TAO_B089DN4KVG_250918
2026-03-07,0.0,0.0,0,0,0.0,0,0.0,0,0,CPC,ARCHIVED,0.0,30.0,0,0,0.0,0,506659807322409,0.0,0,0.0,EUR,0,0.0,0,0.0,0,0,0,0.0,0,0.0,0,0,0,0.0,0,DAILY_BUDGET,0,0,0,0,0.0,0.0,0,0,0,0,0,0.0,0,0,0,0.0,0,0.0,12_13_15_03_Classic C1 TG_B0D6TDVX27_chaeeun_251024
2026-03-06,0.0,0.0,0,0,0.0,0,0.0,0,0,VCPM,PAUSED,0.0,50.0,0,0,0.0,0,475467216190614,0.0,0,0.0,EUR,0,0.0,0,0.0,0,0,0,0.0,0,0.0,0,0,0,0.0,0,DAILY_BUDGET,0,0,0,0,0.0,0.0,0,0,0,0,0,0.0,0,0,0,0.0,0,0.0,13_14_00_00_Consideration(SB)_Tesla ACC_Store Spotlight_Jihye_250527
2026-03-09,124.53,64.14,12,587,57.98,27,387.25,0,0,VCPM,ENABLED,2.45,150.0,0,13,177.84256559766763,27,558249398082902,59.26,0,149.6,EUR,0,143.09,0,29.63,12,125,0,29.28,0,1.23,16,6,3,224.53,10,DAILY_BUDGET,18,0,59,0,172.01166180758017,75.0,29,3430,16,2200,180,1.27,61,54,0,0.0,10,133.33,12_11_01_03_A_iPhone 17 Pro_SB_Image
2026-03-02,0.0,0.0,0,0,0.0,0,0.0,0,0,VCPM,PAUSED,0.0,25.0,0,0,0.0,0,482053478916742,0.0,0,0.0,EUR,0,0.0,0,0.0,0,0,0,0.0,0,0.0,0,0,0,0.0,0,DAILY_BUDGET,0,0,0,0,0.0,0.0,0,0,0,0,0,0.0,0,0,0,0.0,0,0.0,12_11_01_09_A_Pixel 10 Pro XL_SB HLS Video_250820
2026-03-20,143.62,32.21,7,321,91.85,7,156.36,0,3,CPC,PAUSED,2.32,50.0,0,7,17.015706806282722,7,521497706847985,85.71,0,156.36,EUR,0,156.36,0,10.53,7,57,0,9.27,0,3.99,6,57,3,143.62,6,DAILY_BUDGET,16,0,16,0,20.942408376963353,51.87,13,7640,6,2461,321,3.24,13,57,0,0.0,6,85.71,12_11_01_23_A_Galaxy S25 Series_SB_260309
2026-03-20,0.0,0.0,0,0,0.0,0,0.0,0,0,FIXED_PRICE,ENABLED,0.0,631.0,0,0,0.0,0,439558339599630,0.0,0,0.0,EUR,0,0.0,0,0.0,0,0,0,0.0,0,0.0,0,0,0,0.0,0,LIFETIME_BUDGET,0,0,0,0,0.0,0.0,0,0,0,0,0,0.0,0,0,0,0.0,0,0.0,12_11_13_01_A_Common_All_25BFCM_SB_RsoV
2026-03-20,0.0,0.0,0,0,0.0,0,0.0,0,0,FIXED_PRICE,ENABLED,0.0,5607.0,0,0,0.0,0,556276008277265,0.0,0,0.0,EUR,0,0.0,0,0.0,0,0,0,0.0,0,0.0,0,0,0,0.0,0,LIFETIME_BUDGET,0,0,0,0,0.0,0.0,0,0,0,0,0,0.0,0,0,0,0.0,0,0.0,"12_11_01_03_A_iPhone 16, 15, 14 Series_SB_RSoV"
2026-03-02,0.0,0.0,0,0,0.0,0,0.0,0,0,CPC,PAUSED,0.0,50.0,0,0,0.0,0,475154921323252,0.0,0,0.0,EUR,0,0.0,0,0.0,0,0,0,0.0,0,0.0,0,0,0,0.0,0,DAILY_BUDGET,0,0,0,0,0.0,0.0,0,0,0,0,0,0.0,0,0,0,0.0,0,0.0,12_15_04_09_DE_Pixel 10 Pro XL EZ Fit _Video SPN_250822_yeseo
2026-03-31,0.0,0.0,0,0,0.0,0,0.0,0,0,CPC,PAUSED,0.0,10.0,0,0,0.0,0,424328412665476,0.0,0,0.0,EUR,0,0.0,0,0.0,0,0,0,0.0,0,0.0,0,0,0,0.0,0,DAILY_BUDGET,0,0,0,0,0.0,0.0,0,0,0,0,0,0.0,0,0,0,0.0,0,0.0,12_14_00_00_A_Galaxy Z Flip7_SBV_Store Landing _250725
2026-03-08,0.0,0.0,0,0,0.0,0,0.0,0,0,CPC,PAUSED,0.0,60.0,0,0,0.0,0,320267026494621,0.0,0,0.0,EUR,0,0.0,0,0.0,0,0,0,1.46,0,0.0,0,0,0,0.0,0,DAILY_BUDGET,0,0,0,0,0.0,0.0,0,7,0,0,0,0.0,0,0,0,0.0,0,0.0,12_15_04_23_DE_Galaxy S26 Plus CC/PRV/Optik_SB Headline(new)_260225_yeseo
2026-03-26,0.0,0.0,0,0,0.0,0,0.0,0,0,CPC,PAUSED,0.0,30.0,0,0,0.0,0,447785086578218,0.0,0,0.0,EUR,0,0.0,0,0.0,0,0,0,0.0,0,0.0,0,0,0,0.0,0,DAILY_BUDGET,0,0,0,0,0.0,0.0,0,0,0,0,0,0.0,0,0,0,0.0,0,0.0,12_15_04_23_DE_Galaxy S26 Ultra EZ Fit Pro CC_SB Video_260225_yeseo
2026-03-10,0.0,36.95,2,168,0.0,2,36.45,0,1,CPC,ENABLED,4.49,60.0,0,0,38.28972559029994,2,507497934391165,0.0,0,0.0,EUR,0,36.45,0,0.0,2,31,0,1.24,0,6.11,0,31,1,0.0,0,DAILY_BUDGET,17,0,17,0,108.48755583918314,36.68,6,1567,0,579,168,2.16,6,26,0,0.0,0,0.0,12_13_19_03_Magsafe Wallet_SB_ALL_chaeeun_260303
2026-03-12,0.0,0.0,0,0,0.0,0,0.0,0,0,CPC,PAUSED,0.0,20.0,0,0,0.0,0,511130720651940,0.0,0,0.0,EUR,0,0.0,0,0.0,0,0,0,0.0,0,0.0,0,0,0,0.0,0,DAILY_BUDGET,0,0,0,0,0.0,0.0,0,0,0,0,0,0.0,0,0,0,0.0,0,0.0,12_26_08_01_EE673EU Black_SB(Brand)_Subin_250909
2026-03-13,0.0,0.0,0,0,0.0,0,0.0,0,0,CPC,PAUSED,0.0,35.0,0,0,0.0,0,433720831184846,0.0,0,0.0,EUR,0,0.0,0,0.0,0,0,0,0.0,0,0.0,0,0,0,0.0,0,DAILY_BUDGET,0,0,0,0,0.0,0.0,0,0,0,0,0,0.0,0,0,0,0.0,0,0.0,12_11_01_23_A_Galaxy S25 Ultra_UHMF FB_SBV_250314
2026-03-19,0.0,8.18,0,0,0.0,0,0.0,0,0,CPC,PAUSED,0.0,30.0,0,0,0.0,0,447785086578218,0.0,0,0.0,EUR,1,0.0,8,0.0,0,0,11,0.08,0,0.0,0,0,0,0.0,0,DAILY_BUDGET,0,1,0,2,0.0,0.0,0,159,0,13,0,0.0,0,0,5,6.92,0,0.0,12_15_04_23_DE_Galaxy S26 Ultra EZ Fit Pro CC_SB Video_260225_yeseo
2026-03-28,0.0,0.0,0,0,0.0,0,0.0,0,0,VCPM,ARCHIVED,0.0,30.0,0,0,0.0,0,400510721675961,0.0,0,0.0,EUR,0,0.0,0,0.0,0,0,0,0.0,0,0.0,0,0,0,0.0,0,DAILY_BUDGET,0,0,0,0,0.0,0.0,0,0,0,0,0,0.0,0,0,0,0.0,0,0.0,12_13_19_03_PBDD_Magsafe W_TT _VAL S_SZ_B0CYHLK3SF_chaeeun_251002
2026-03-01,0.0,0.0,0,0,0.0,0,0.0,0,0,VCPM,PAUSED,0.0,10.0,0,0,0.0,0,481030421162509,0.0,0,0.0,EUR,0,0.0,0,0.0,0,0,0,0.0,0,0.0,0,0,0,0.0,0,DAILY_BUDGET,0,0,0,0,0.0,0.0,0,0,0,0,0,0.0,0,0,0,0.0,0,0.0,12_14_00_00_A_Common_Aquashield_SBV
2026-03-15,0.0,0.0,0,0,0.0,0,0.0,0,0,CPC,PAUSED,0.0,20.0,0,0,0.0,0,362853509761099,0.0,0,0.0,EUR,0,0.0,0,0.0,0,0,0,0.0,0,0.0,0,0,0,0.0,0,DAILY_BUDGET,0,0,0,0,0.0,0.0,0,0,0,0,0,0.0,0,0,0,0.0,0,0.0,12_15_04_03_DE_iPhone 17 Pro Max EZ Fit Pro_Video SPN_251024_yeseo
2026-03-28,0.0,0.0,0,0,0.0,0,0.0,0,0,CPC,ARCHIVED,0.0,50.0,0,0,0.0,0,341861192606036,0.0,0,0.0,EUR,0,0.0,0,0.0,0,0,0,0.0,0,0.0,0,0,0,0.0,0,DAILY_BUDGET,0,0,0,0,0.0,0.0,0,0,0,0,0,0.0,0,0,0,0.0,0,0.0,12_13_02_18_Switch 2 All_store_chaeeun_260106
2026-03-27,0.0,0.0,0,0,0.0,0,0.0,0,0,CPC,ARCHIVED,0.0,60.0,0,0,0.0,0,507497934391165,0.0,0,0.0,EUR,0,0.0,0,0.0,0,0,0,0.0,0,0.0,0,0,0,0.0,0,DAILY_BUDGET,0,0,0,0,0.0,0.0,0,0,0,0,0,0.0,0,0,0,0.0,0,0.0,12_13_19_03_Magsafe Wallet_SB_ALL_chaeeun_260303
2026-03-08,41.58,34.08,2,46,100.0,2,41.58,0,0,CPC,ENABLED,0.56,60.0,0,2,9.603072983354673,2,474489145131805,100.0,0,41.58,EUR,0,41.58,0,8.33,2,16,0,43.93,0,3.05,2,16,0,41.58,2,DAILY_BUDGET,6,0,6,0,4.801536491677337,36.58,12,12496,2,4259,46,6.1,12,24,0,0.0,2,100.0,12_11_13_01_A_Common_SelfieStick_SB_HLS_2026
2026-03-11,0.0,0.0,0,0,0.0,0,0.0,0,0,CPC,PAUSED,0.0,50.0,0,0,0.0,0,309407922986498,0.0,0,0.0,EUR,0,0.0,0,0.0,0,0,0,0.0,0,0.0,0,0,0,0.0,0,DAILY_BUDGET,0,0,0,0,0.0,0.0,0,0,0,0,0,0.0,0,0,0,0.0,0,0.0,12_11_01_03_A_iPhone 17 series_OAM_SBV
2026-03-15,0.0,0.0,0,0,0.0,0,0.0,0,0,CPC,ARCHIVED,0.0,30.0,0,0,0.0,0,389954512125474,0.0,0,0.0,EUR,0,0.0,0,0.0,0,0,0,0.0,0,0.0,0,0,0,0.0,0,DAILY_BUDGET,0,0,0,0,0.0,0.0,0,0,0,0,0,0.0,0,0,0,0.0,0,0.0,12_13_19_03_AirTag_VT_TA2_TAO_B089DN4KVG_250918
2026-03-25,53.76,29.44,3,158,100.0,3,53.76,0,3,CPC,ENABLED,1.2,40.0,0,3,14.176353841791892,3,378613130567765,100.0,0,53.76,EUR,0,53.76,0,6.0,3,12,0,13.15,0,3.5,3,12,3,53.76,3,DAILY_BUDGET,15,0,15,0,10.63226538134392,70.04,20,14108,3,4154,158,4.67,20,50,0,0.0,3,100.0,12_11_01_23_A_Galaxy S26_SB_image_MainKeyword
2026-03-11,0.0,0.0,0,0,0.0,0,0.0,0,0,CPC,PAUSED,0.0,150.0,0,0,0.0,0,438181291154910,0.0,0,0.0,EUR,0,0.0,0,0.0,0,0,0,0.0,0,0.0,0,0,0,0.0,0,DAILY_BUDGET,0,0,0,0,0.0,0.0,0,0,0,0,0,0.0,0,0,0,0.0,0,0.0,12_11_13_01_A_Common_Aquashield_Case_SB
2026-03-19,0.0,0.0,0,0,0.0,0,0.0,0,0,FIXED_PRICE,ENABLED,0.0,1022.0,0,0,0.0,0,539087830949352,0.0,0,0.0,EUR,0,0.0,0,0.0,0,0,0,0.0,0,0.0,0,0,0,0.0,0,LIFETIME_BUDGET,0,0,0,0,0.0,0.0,0,0,0,0,0,0.0,0,0,0,0.0,0,0.0,Campaign: 12_14_00_00_Power(SB)_Reserve share of voice_Subin_251121
2026-03-14,37.29,27.75,3,96,63.97,3,58.29,0,0,CPC,ENABLED,1.32,60.0,0,2,21.111893033075297,3,474489145131805,66.67,0,37.29,EUR,0,58.29,0,4.26,3,12,0,61.51,0,2.23,2,12,0,37.29,2,DAILY_BUDGET,3,0,3,0,2.345765892563922,60.09,27,12789,2,3549,96,20.03,27,47,0,0.0,2,66.67,12_11_13_01_A_Common_SelfieStick_SB_HLS_2026
2026-03-06,137.96,70.19,11,408,69.36,11,198.89,0,0,FIXED_PRICE,ENABLED,4.33,768.0,0,5,56.2429696287964,11,396021333904196,63.64,0,78.75,EUR,0,198.89,0,25.93,11,99,0,100.0,0,0.0,7,99,0,137.96,7,LIFETIME_BUDGET,43,0,43,0,483.689538807649,0.0,5,889,7,624,408,0.0,5,27,0,0.0,7,63.64,12_11_01_03_A_iPhone 17 Series_SB_RSoV_260210
2026-03-05,0.0,70.19,3,38,0.0,3,78.26,0,0,FIXED_PRICE,ENABLED,2.15,2532.0,0,0,75.47169811320755,3,418373609604234,0.0,0,0.0,EUR,0,78.26,0,0.0,3,7,0,100.0,0,0.0,0,7,0,0.0,0,LIFETIME_BUDGET,2,0,2,0,75.47169811320755,0.0,2,265,0,186,38,0.0,2,4,0,0.0,0,0.0,12_11_01_03_A_iPhone 16/15 Series_SB_RSoV_260210
2026-03-04,0.0,0.0,0,0,0.0,0,0.0,0,0,VCPM,ARCHIVED,0.0,30.0,0,0,0.0,0,400510721675961,0.0,0,0.0,EUR,0,0.0,0,0.0,0,0,0,0.0,0,0.0,0,0,0,0.0,0,DAILY_BUDGET,0,0,0,0,0.0,0.0,0,0,0,0,0,0.0,0,0,0,0.0,0,0.0,12_13_19_03_PBDD_Magsafe W_TT _VAL S_SZ_B0CYHLK3SF_chaeeun_251002
2026-03-21,0.0,0.0,0,0,0.0,0,0.0,0,0,CPC,PAUSED,0.0,15.0,0,0,0.0,0,351801161724681,0.0,0,0.0,EUR,0,0.0,0,0.0,0,0,0,0.0,0,0.0,0,0,0,0.0,0,DAILY_BUDGET,0,0,0,0,0.0,0.0,0,0,0,0,0,0.0,0,0,0,0.0,0,0.0,12_11_01_09_A_Pixel 10 Pro XL_SB HLS Collection_250820
2026-03-27,0.0,0.0,0,0,0.0,0,0.0,0,0,CPC,PAUSED,0.0,15.0,0,0,0.0,0,308767843616999,0.0,0,0.0,EUR,0,0.0,0,0.0,0,0,0,0.0,0,0.0,0,0,0,0.0,0,DAILY_BUDGET,0,0,0,0,0.0,0.0,0,0,0,0,0,0.0,0,0,0,0.0,0,0.0,12_15_04_03_DE_iPhone Air Optik Pro Black (2P)_Video SPN_250909_yeseo
2026-03-12,0.0,0.0,0,0,0.0,0,0.0,0,0,CPC,PAUSED,0.0,10.0,0,0,0.0,0,384222515729411,0.0,0,0.0,EUR,0,0.0,0,0.0,0,0,0,0.0,0,0.0,0,0,0,0.0,0,DAILY_BUDGET,0,0,0,0,0.0,0.0,0,0,0,0,0,0.0,0,0,0,0.0,0,0.0,12_15_04_03_DE_iPhone Air PRV Privacy (2P)_Video SPN_250909_yeseo
2026-03-14,81.8,21.81,5,139,100.0,5,81.8,0,7,CPC,ENABLED,1.97,60.0,0,5,15.16300227445034,5,455801638561847,100.0,0,81.8,EUR,435,81.8,1225,29.41,5,8,658,31.37,0,6.99,5,8,7,81.8,5,DAILY_BUDGET,7,1,7,565,17.690169320192066,41.92,6,3957,5,863,139,5.99,6,17,777,16.63,5,100.0,12_11_01_23_A_Galaxy S26 Ultra_SB_Video_Broad_Brand
2026-03-11,0.0,0.0,0,0,0.0,0,0.0,0,0,CPC,PAUSED,0.0,15.0,0,0,0.0,0,473517826177047,0.0,0,0.0,EUR,0,0.0,0,0.0,0,0,0,0.0,0,0.0,0,0,0,0.0,0,DAILY_BUDGET,0,0,0,0,0.0,0.0,0,0,0,0,0,0.0,0,0,0,0.0,0,0.0,12_11_01_23_A_Galaxy S25 Ultra_device target_SB_250718
2026-03-07,0.0,0.0,0,0,0.0,0,0.0,0,0,CPC,PAUSED,0.0,30.0,0,0,0.0,0,494617636074283,0.0,0,0.0,EUR,0,0.0,0,0.0,0,0,0,0.0,0,0.0,0,0,0,0.0,0,DAILY_BUDGET,0,0,0,0,0.0,0.0,0,0,0,0,0,0.0,0,0,0,0.0,0,0.0,13_14_00_00_Consideration(SB Video)_MagFit NanoPop Series_Jihye_1208
2026-03-24,0.0,0.0,0,0,0.0,0,0.0,0,0,CPC,ARCHIVED,0.0,30.0,0,0,0.0,0,389954512125474,0.0,0,0.0,EUR,0,0.0,0,0.0,0,0,0,0.0,0,0.0,0,0,0,0.0,0,DAILY_BUDGET,0,0,0,0,0.0,0.0,0,0,0,0,0,0.0,0,0,0,0.0,0,0.0,12_13_19_03_AirTag_VT_TA2_TAO_B089DN4KVG_250918
2026-03-05,0.0,0.0,0,0,0.0,0,0.0,0,0,VCPM,PAUSED,0.0,50.0,0,0,0.0,0,456138777973673,0.0,0,0.0,EUR,0,0.0,0,0.0,0,0,0,0.0,0,0.0,0,0,0,0.0,0,DAILY_BUDGET,0,0,0,0,0.0,0.0,0,0,0,0,0,0.0,0,0,0,0.0,0,0.0,12_14_00_00_A_Galaxy S24_Vertical_Video_240508
2026-03-21,0.0,0.0,0,0,0.0,0,0.0,0,0,CPC,PAUSED,0.0,20.0,0,0,0.0,0,295332044252600,0.0,0,0.0,EUR,0,0.0,0,0.0,0,0,0,0.0,0,0.0,0,0,0,0.0,0,DAILY_BUDGET,0,0,0,0,0.0,0.0,0,0,0,0,0,0.0,0,0,0,0.0,0,0.0,12_15_04_23_DE_Galaxy S26 Plus EZ Fit Pro CC_SB Video_260225_yeseo
2026-03-31,0.0,0.0,0,0,0.0,0,0.0,0,0,CPC,PAUSED,0.0,40.0,0,0,0.0,0,465399708907289,0.0,0,0.0,EUR,0,0.0,0,0.0,0,0,0,0.0,0,0.0,0,0,0,0.0,0,DAILY_BUDGET,0,0,0,0,0.0,0.0,0,0,0,0,0,0.0,0,0,0,0.0,0,0.0,12_11_01_09_A_Pixel 10a_Video_260219
2026-03-14,0.0,0.0,0,0,0.0,0,0.0,0,0,CPC,ENABLED,0.0,30.0,0,0,0.0,0,533634750431703,0.0,0,0.0,EUR,0,0.0,0,0.0,0,0,0,0.0,0,0.0,0,0,0,0.0,0,DAILY_BUDGET,0,0,0,0,0.0,0.0,0,0,0,0,0,0.0,0,0,0,0.0,0,0.0,12_13_11_01_Spigen Audio_SB_subin_250828
2026-03-24,0.0,0.0,0,0,0.0,0,0.0,0,0,CPC,PAUSED,0.0,15.0,0,0,0.0,0,308767843616999,0.0,0,0.0,EUR,0,0.0,0,0.0,0,0,0,0.0,0,0.0,0,0,0,0.0,0,DAILY_BUDGET,0,0,0,0,0.0,0.0,0,0,0,0,0,0.0,0,0,0,0.0,0,0.0,12_15_04_03_DE_iPhone Air Optik Pro Black (2P)_Video SPN_250909_yeseo
2026-03-09,0.0,0.0,0,0,0.0,0,0.0,0,0,FIXED_PRICE,ENABLED,0.0,5607.0,0,0,0.0,0,556276008277265,0.0,0,0.0,EUR,0,0.0,0,0.0,0,0,0,0.0,0,0.0,0,0,0,0.0,0,LIFETIME_BUDGET,0,0,0,0,0.0,0.0,0,0,0,0,0,0.0,0,0,0,0.0,0,0.0,"12_11_01_03_A_iPhone 16, 15, 14 Series_SB_RSoV"
2026-03-22,0.0,0.0,0,0,0.0,0,0.0,0,0,CPC,ARCHIVED,0.0,30.0,0,0,0.0,0,389954512125474,0.0,0,0.0,EUR,0,0.0,0,0.0,0,0,0,0.0,0,0.0,0,0,0,0.0,0,DAILY_BUDGET,0,0,0,0,0.0,0.0,0,0,0,0,0,0.0,0,0,0,0.0,0,0.0,12_13_19_03_AirTag_VT_TA2_TAO_B089DN4KVG_250918
2026-03-24,0.0,0.0,0,0,0.0,0,0.0,0,0,FIXED_PRICE,PAUSED,0.0,675.0,0,0,0.0,0,471425072253942,0.0,0,0.0,EUR,0,0.0,0,0.0,0,0,0,0.0,0,0.0,0,0,0,0.0,0,LIFETIME_BUDGET,0,0,0,0,0.0,0.0,0,0,0,0,0,0.0,0,0,0,0.0,0,0.0,12_11_01_23_A_Galaxy S26 Series_RSOV
2026-03-16,0.0,0.0,0,0,0.0,0,0.0,0,0,CPC,PAUSED,0.0,20.0,0,0,0.0,0,283218704651835,0.0,0,0.0,EUR,0,0.0,0,0.0,0,0,0,0.0,0,0.0,0,0,0,0.0,0,DAILY_BUDGET,0,0,0,0,0.0,0.0,0,0,0,0,0,0.0,0,0,0,0.0,0,0.0,12_11_01_23_B_Galaxy S25 FE_SB_PT
2026-03-07,0.0,0.0,0,0,0.0,0,0.0,0,0,CPC,PAUSED,0.0,30.0,0,0,0.0,0,522138636827615,0.0,0,0.0,EUR,0,0.0,0,0.0,0,0,0,0.0,0,0.0,0,0,0,0.0,0,DAILY_BUDGET,0,0,0,0,0.0,0.0,0,0,0,0,0,0.0,0,0,0,0.0,0,0.0,12_15_04_26_DE_Xiaomi 15T Pro/15T_SB Headline_260109_yeseo
2026-03-29,0.0,0.0,0,0,0.0,0,0.0,0,0,VCPM,PAUSED,0.0,80.0,0,0,0.0,0,328716638776335,0.0,0,0.0,EUR,0,0.0,0,0.0,0,0,0,0.0,0,0.0,0,0,0,0.0,0,DAILY_BUDGET,0,0,0,0,0.0,0.0,0,0,0,0,0,0.0,0,0,0,0.0,0,0.0,12_11_01_03_A_iPhone 16_SB_Event
2026-03-12,26.88,24.46,2,10,100.0,2,26.88,0,0,CPC,PAUSED,5.65,40.0,0,2,39.447731755424066,2,465399708907289,100.0,0,26.88,EUR,43,26.88,128,28.57,2,0,127,63.93,0,12.85,2,0,0,26.88,2,DAILY_BUDGET,4,0,4,52,78.89546351084813,25.69,2,507,2,124,10,6.42,2,7,71,25.05,2,100.0,12_11_01_09_A_Pixel 10a_Video_260219
2026-03-14,0.0,0.0,0,0,0.0,0,0.0,0,0,FIXED_PRICE,ENABLED,0.0,1340.0,0,0,0.0,0,521634240305616,0.0,0,0.0,EUR,0,0.0,0,0.0,0,0,0,0.0,0,0.0,0,0,0,0.0,0,LIFETIME_BUDGET,0,0,0,0,0.0,0.0,0,0,0,0,0,0.0,0,0,0,0.0,0,0.0,12_11_01_03_A_iPhone 17 Series_SB_RSoV
2026-03-29,0.0,0.0,0,0,0.0,0,0.0,0,0,CPC,PAUSED,0.0,10.0,0,0,0.0,0,424328412665476,0.0,0,0.0,EUR,0,0.0,0,0.0,0,0,0,0.0,0,0.0,0,0,0,0.0,0,DAILY_BUDGET,0,0,0,0,0.0,0.0,0,0,0,0,0,0.0,0,0,0,0.0,0,0.0,12_14_00_00_A_Galaxy Z Flip7_SBV_Store Landing _250725
2026-03-13,0.0,0.0,0,0,0.0,0,0.0,0,0,CPC,ARCHIVED,0.0,50.0,0,0,0.0,0,341861192606036,0.0,0,0.0,EUR,0,0.0,0,0.0,0,0,0,0.0,0,0.0,0,0,0,0.0,0,DAILY_BUDGET,0,0,0,0,0.0,0.0,0,0,0,0,0,0.0,0,0,0,0.0,0,0.0,12_13_02_18_Switch 2 All_store_chaeeun_260106
2026-03-05,0.0,0.0,0,0,0.0,0,0.0,0,0,FIXED_PRICE,ENABLED,0.0,1340.0,0,0,0.0,0,521634240305616,0.0,0,0.0,EUR,0,0.0,0,0.0,0,0,0,0.0,0,0.0,0,0,0,0.0,0,LIFETIME_BUDGET,0,0,0,0,0.0,0.0,0,0,0,0,0,0.0,0,0,0,0.0,0,0.0,12_11_01_03_A_iPhone 17 Series_SB_RSoV
2026-03-31,199.92,37.7,14,143,85.3,14,234.36,0,1,CPC,ENABLED,1.3,40.0,0,13,16.576513697435004,14,378613130567765,85.71,0,214.2,EUR,0,234.36,0,21.43,14,4,0,16.53,0,4.18,12,4,1,199.92,12,DAILY_BUDGET,25,0,25,0,21.811202233467107,79.37,19,11462,12,4321,143,3.17,19,56,0,0.0,12,85.71,12_11_01_23_A_Galaxy S26_SB_image_MainKeyword
2026-03-26,16.8,22.22,2,11,50.0,2,33.6,0,2,CPC,ENABLED,25.0,30.0,0,2,61.72839506172839,2,535312472781723,50.0,0,33.6,EUR,21,33.6,44,11.11,2,1,45,5.08,0,19.08,1,1,2,16.8,1,DAILY_BUDGET,2,0,2,29,123.45679012345678,19.08,1,162,1,36,11,9.54,1,9,34,27.78,1,50.0,12_15_04_03_DE_iPhone 17 Pro AlignMaster S_SB Video_260112_yeseo
2026-03-21,0.0,0.0,0,0,0.0,0,0.0,0,0,CPC,PAUSED,0.0,50.0,0,0,0.0,0,351432764232362,0.0,0,0.0,EUR,0,0.0,0,0.0,0,0,0,0.0,0,0.0,0,0,0,0.0,0,DAILY_BUDGET,0,0,0,0,0.0,0.0,0,0,0,0,0,0.0,0,0,0,0.0,0,0.0,12_26_25_35_SDD_Tesla_SBV_JH_0306
2026-03-29,81.48,27.93,7,232,86.61,7,94.08,0,4,CPC,ENABLED,1.98,80.0,0,4,15.623372565357773,7,291349384295039,85.71,0,52.08,EUR,0,94.08,0,11.32,7,58,0,0.87,0,5.31,6,58,4,81.48,6,DAILY_BUDGET,11,0,11,0,11.45713988126237,79.68,15,9601,6,2682,232,7.24,15,53,0,0.0,6,85.71,12_11_01_03_A_iPhone 17e_SB_Image
2026-03-18,0.0,0.0,0,0,0.0,0,0.0,0,0,VCPM,ARCHIVED,0.0,40.0,0,0,0.0,0,296107517282911,0.0,0,0.0,EUR,0,0.0,0,0.0,0,0,0,0.0,0,0.0,0,0,0,0.0,0,DAILY_BUDGET,0,0,0,0,0.0,0.0,0,0,0,0,0,0.0,0,0,0,0.0,0,0.0,12_13_19_03_AirTag_All_BFCM_chaeeun_251114
2026-03-15,12.36,28.06,2,15,50.0,2,24.72,0,1,CPC,PAUSED,10.26,50.0,0,2,0.0,2,508156095648235,50.0,0,24.72,EUR,19,24.72,35,25.0,2,2,34,2.85,0,0.0,1,2,1,12.36,1,DAILY_BUDGET,3,0,3,21,215.82733812949638,5.65,0,139,1,39,15,1.88,0,4,28,24.46,1,50.0,12_15_04_03_DE_2025 BFCM iPhone 17 Series EZ Fit Line-Up (AMC)_SB Headline_251115_yeseo
2026-03-22,0.0,0.0,0,0,0.0,0,0.0,0,0,VCPM,PAUSED,0.0,50.0,0,0,0.0,0,456138777973673,0.0,0,0.0,EUR,0,0.0,0,0.0,0,0,0,0.0,0,0.0,0,0,0,0.0,0,DAILY_BUDGET,0,0,0,0,0.0,0.0,0,0,0,0,0,0.0,0,0,0,0.0,0,0.0,12_14_00_00_A_Galaxy S24_Vertical_Video_240508
2026-03-16,52.11,37.96,4,58,100.0,5,52.11,0,1,CPC,PAUSED,0.91,60.0,0,4,11.03317834344708,4,514232637993879,100.0,0,52.11,EUR,0,52.11,0,9.09,5,1,0,9.57,0,4.25,4,1,1,52.11,4,DAILY_BUDGET,6,0,6,0,4.728505004334463,59.57,14,12689,5,4817,58,9.93,14,44,0,0.0,5,100.0,12_11_01_23_B_GalaxyASeries_SB_EVENT
2026-03-25,0.0,0.0,0,0,0.0,0,0.0,0,0,VCPM,PAUSED,0.0,20.0,0,0,0.0,0,520821022662308,0.0,0,0.0,EUR,0,0.0,0,0.0,0,0,0,0.0,0,0.0,0,0,0,0.0,0,DAILY_BUDGET,0,0,0,0,0.0,0.0,0,0,0,0,0,0.0,0,0,0,0.0,0,0.0,12_11_01_09_A_Pixel 9a_HLS_251122
2026-03-13,85.13,64.81,8,1504,78.37,16,199.09,0,4,VCPM,ENABLED,3.25,100.0,0,10,313.6222169020828,16,494334679273461,75.0,0,110.81,EUR,0,95.84,0,13.64,8,205,0,37.96,0,0.9,12,34,18,156.02,7,DAILY_BUDGET,28,0,105,0,251.37658606655492,118.46,46,4177,12,2707,533,1.13,131,88,0,0.0,7,150.0,12_11_01_03_A_iPhone 17 Pro Max_SB_Image
2026-03-28,91.56,63.44,12,674,70.68,25,335.82,0,4,VCPM,ENABLED,2.15,100.0,0,21,147.34500973033082,25,494334679273461,72.0,0,278.34,EUR,0,145.65,0,36.73,12,131,0,36.13,0,1.89,18,16,13,237.36,8,DAILY_BUDGET,28,0,67,0,186.26633305532388,99.95,24,3597,18,2282,167,1.49,53,49,0,0.0,8,150.0,12_11_01_03_A_iPhone 17 Pro Max_SB_Image
2026-03-25,84.6,12.03,5,38,100.0,5,84.6,0,2,CPC,ENABLED,14.88,50.0,0,4,49.70178926441352,5,541096924569683,100.0,0,72.0,EUR,17,84.6,81,27.78,5,6,81,0.53,0,4.67,5,6,2,84.6,5,DAILY_BUDGET,6,0,6,27,59.64214711729622,23.36,5,1006,5,121,38,3.89,5,18,42,8.05,5,100.0,12_15_04_03_DE_iPhone 17/17 Pro EZ Fit Glas.tR Slim (2P)_Video SPN_250909_yeseo
2026-03-01,0.0,0.0,0,0,0.0,0,0.0,0,0,CPC,PAUSED,0.0,20.0,0,0,0.0,0,511130720651940,0.0,0,0.0,EUR,0,0.0,0,0.0,0,0,0,0.0,0,0.0,0,0,0,0.0,0,DAILY_BUDGET,0,0,0,0,0.0,0.0,0,0,0,0,0,0.0,0,0,0,0.0,0,0.0,12_26_08_01_EE673EU Black_SB(Brand)_Subin_250909
2026-03-27,0.0,0.0,0,0,0.0,0,0.0,0,0,VCPM,ARCHIVED,0.0,30.0,0,0,0.0,0,411155836014198,0.0,0,0.0,EUR,0,0.0,0,0.0,0,0,0,0.0,0,0.0,0,0,0,0.0,0,DAILY_BUDGET,0,0,0,0,0.0,0.0,0,0,0,0,0,0.0,0,0,0,0.0,0,0.0,12_13_02_03_PBDD_iPad Air 13/11_B0CW2C6WDL_251002
2026-03-02,0.0,0.0,0,0,0.0,0,0.0,0,0,VCPM,PAUSED,0.0,50.0,0,0,0.0,0,352155108161995,0.0,0,0.0,EUR,0,0.0,0,0.0,0,0,0,0.0,0,0.0,0,0,0,0.0,0,DAILY_BUDGET,0,0,0,0,0.0,0.0,0,0,0,0,0,0.0,0,0,0,0.0,0,0.0,12_11_01_03_A_iPhone 15_SB_Event
2026-03-30,10.92,37.05,1,37,100.0,1,10.92,0,2,CPC,ENABLED,7.23,40.0,0,1,178.57142857142856,1,496468467057265,100.0,0,10.92,EUR,0,10.92,0,8.33,1,3,0,2.38,0,2.46,1,3,2,10.92,1,DAILY_BUDGET,3,0,3,0,66.96428571428571,19.64,8,448,1,166,37,6.55,8,12,0,0.0,1,100.0,12_13_19_03_AirTag_SB_chaeeun_260225
2026-03-27,0.0,0.0,0,0,0.0,0,0.0,0,0,CPC,PAUSED,0.0,30.0,0,0,0.0,0,306804543838793,0.0,0,0.0,EUR,0,0.0,0,0.0,0,0,0,0.0,0,0.0,0,0,0,0.0,0,DAILY_BUDGET,0,0,0,0,0.0,0.0,0,0,0,0,0,0.0,0,0,0,0.0,0,0.0,12_15_04_09_DE_Pixel 10/10 Pro EZ Fit Privacy _Video SPN_250822_yeseo
2026-03-17,0.0,0.0,0,0,0.0,0,0.0,0,0,CPC,ARCHIVED,0.0,50.0,0,0,0.0,0,309905482996538,0.0,0,0.0,EUR,0,0.0,0,0.0,0,0,0,0.0,0,0.0,0,0,0,0.0,0,DAILY_BUDGET,0,0,0,0,0.0,0.0,0,0,0,0,0,0.0,0,0,0,0.0,0,0.0,12_13_19_01_Karabiner Serie_All_BFCM_chaeeun_251114
