amazon-order-id,merchant-order-id,purchase-date,last-updated-date,order-status,fulfillment-channel,sales-channel,order-channel,ship-service-level,product-name,sku,asin,number-of-items,item-status,quantity,currency,item-price,item-tax,shipping-price,shipping-tax,gift-wrap-price,gift-wrap-tax,item-promotion-discount,ship-promotion-discount,ship-city,ship-state,ship-postal-code,ship-country,promotion-ids,is-business-order,price-designation,buyer-company-name,license-state,license-expiration-date,is-iba,order-invoice-type
305-2084872-4505912,305-2084872-4505912,2026-03-26T20:22:09+00:00,2026-03-27T02:23:16+00:00,Shipped,Amazon,Amazon.de,,Standard,Spigen Ultra Hybrid für Samsung Galaxy S26 Ultra Hülle [Anti Vergilbung] Ultra Hybrid Case Handyhülle Transparent Schutzhülle Slim Dünn -Crystal,ACS11030PAN,B0FVBFT41L,,Shipped,1,EUR,16.99,2.71,1.12,,,,,1.12,Duisburg,,47169,DE,,False,,,,,False,
302-6232820-6967508,302-6232820-6967508,2026-03-08T09:44:13+00:00,2026-03-09T17:59:39+00:00,Shipped,Amazon,Amazon.de,,Expedited,"Spigen Glas.tR EZ Fit Pro Schutzfolie kompatibel mit Samsung Galaxy S26, 2 Stück, inklusive Installationskit, Kratzfest, Kristallklar, 10H+ Härte Fo",AGL11091PAN,B0G7QZ7RMD,,Shipped,1,EUR,23.99,3.08,,,,,3.92,,Attenweiler,Deutschland,88448,DE,"DE_골라담기 10%_GalaxyS26_hyomi_260225_2,PLM-03368c6e-208f-4ebc-9ad4-f82535855c78",False,,,,,False,
306-3498630-7326755,306-3498630-7326755,2026-03-10T20:28:38+00:00,2026-03-11T15:40:56+00:00,Pending,Amazon,Amazon.de,,Expedited,Spigen Rugged Armor Pro Hülle mit Armband Kompatibel mit Samsung Galaxy Watch 6 Classic 43mm 2023 - Schwarz,ACS06492PAN,B0C4G219XJ,,Unshipped,1,EUR,19.84,3.71,2.74,0.51,,,,,Dublin 8,,D08YP71,IE,,False,,,,,False,
306-6243361-5236314,306-6243361-5236314,2026-03-15T22:20:26+00:00,2026-03-16T20:46:42+00:00,Shipped,Amazon,Amazon.de,,Expedited,"Spigen Glas.tR EZ Fit Schutzfolie kompatibel mit iPhone 17 Pro, iPhone 17, iPhone 16 Pro, 2 Stück, Kratzfest, inklusive Installationskit, Kristallkla",AGL07928EUPB,B0D84YX465,,Shipped,1,EUR,15.19,2.37,,,,,0.3,,Nußloch,,69226,DE,DE_골라담기 상시진행 5%_iPhone 17_251002,False,,,,,False,
305-7380456-1330745,305-7380456-1330745,2026-03-27T21:56:20+00:00,2026-03-28T03:37:22+00:00,Shipped,Amazon,Amazon.de,,Expedited,"Spigen Schutzhülle für iPhone 17 Pro, Ultra-Hybrid, TPU-überzogene Kamerasteuerung, Anti-Vergilbung, kein Magnetring, Kristallklar",ACS10064PAN,B0FD2GGXR5,,Shipped,1,EUR,13.1,1.96,,,,,1.09,,Wien,,1170,AT,06c6bffb-d944-4044-a997-93d696d89934,False,,,,,False,
305-6902811-8119530,305-6902811-8119530,2026-03-27T06:25:20+00:00,2026-03-28T00:12:09+00:00,Shipped,Amazon,Amazon.de,,Expedited,"Spigen Glas.tR EZ Fit Schutzfolie kompatibel mit iPhone 17e, iPhone 16e, iPhone 14, iPhone 13, iPhone 13 Pro, 2 Stück, Kratzfest, 9H Härte Folie",AGL03385EUP,B095RTJH1M,,Shipped,1,EUR,16.99,2.71,4.99,0.8,,,,,Berlin,Berlin,10713,DE,,False,,,,,False,
306-5249413-1727546,306-5249413-1727546,2026-03-14T06:59:50+00:00,2026-03-15T19:06:36+00:00,Shipped,Amazon,Amazon.de,,Expedited,"Spigen Glas.tR EZ Fit Schutzfolie kompatibel mit iPhone 15 Pro, 2 Stück, Kratzfest, 9H Härte Folie",AGL06892EUP,B0C9RWRD7Y,,Shipped,1,EUR,16.14,2.58,,,,,,,Ascheberg,,59387,DE,,False,,,,,False,
304-0264887-7973103,304-0264887-7973103,2026-03-12T18:13:32+00:00,2026-03-13T04:41:34+00:00,Shipped,Amazon,Amazon.de,,Expedited,"Spigen Glas.tR EZ Fit Sichtschutz Schutzfolie kompatibel mit iPhone 17 Pro Max, iPhone 16 Pro Max, 2 Stück, Privacy Schutz, inklusive Installationski",AGL07908EUPA,B0D84JFDCS,,Shipped,1,EUR,19.19,3.06,,,,,,,Wallenhorst,Niedersachsen,49134,DE,,False,,,,,False,
302-5954533-7859528,302-5954533-7859528,2026-03-04T21:56:36+00:00,2026-03-05T21:36:05+00:00,Shipped,Amazon,Amazon.de,,Expedited,"Spigen Wasserdichte Handyhülle [Aqua Shield] [2 Stick] IPX8 wasserfeste Handytasche unterwasser Hülle kompatibel mit iPhone 16/15/14/13 Serien, Gala",AMP04528PAN,B09Y8QSHSS,,Shipped,1,EUR,18.67,2.71,,,,,,,Luxembourg,,L-1456,LU,,False,,,,,False,
302-5146795-3241960,302-5146795-3241960,2026-03-17T06:13:35+00:00,2026-03-17T21:57:24+00:00,Shipped,Amazon,Amazon.de,,Expedited,"Spigen Nano Pop MagFit Hülle für Samsung Galaxy Z Flip 7, Kompatibel mit MagSafe -Black Sesame",ACS11158PAN,B0FVN7LPVJ,,Shipped,1,EUR,32.99,5.27,,,,,,,Ingolstadt,Bayern,85055,DE,,False,,,,,False,
302-1917783-5491505,302-1917783-5491505,2026-03-02T16:48:27+00:00,2026-03-02T16:59:23+00:00,Cancelled,Amazon,Amazon.de,,Standard,Spigen Ultra Hybrid MagFit Hülle Kompatibel mit Samsung Galaxy S26 Ultra -Neo One,ACS10963PAN,B0FVBKD8N9,,Cancelled,0,,,,,,,,,,Łódź,,93-102,PL,,False,,,,,False,
306-9451678-6125115,306-9451678-6125115,2026-03-08T18:46:00+00:00,2026-03-09T14:43:33+00:00,Shipped,Amazon,Amazon.de,,Expedited,"Spigen Ultra Hybrid MagFit Hülle für Samsung Galaxy S25 Ultra, Kompatibel mit MagSafe -Zero One Black",amzn.gr.ACS08957PAN-_XKg4MQgbtqNypAOT-VG,B0DJ9TLYGX,,Shipped,1,EUR,25.49,4.07,,,,,,,Ilsede,,31246,DE,,False,,,,,False,
303-3313631-9414746,303-3313631-9414746,2026-03-28T20:46:13+00:00,2026-03-29T19:47:35+00:00,Shipped,Amazon,Amazon.de,,Expedited,"Spigen Glas.tR EZ Fit Pro Schutzfolie kompatibel mit Samsung Galaxy S26, 2 Stück, inklusive Installationskit, Kratzfest, Kristallklar, 10H+ Härte Fo",AGL11091PAN,B0G7QZ7RMD,,Shipped,1,EUR,23.99,3.45,,,,,2.02,,Reichshof,,51580,DE,PLM-5ba795ed-907c-4364-a5e3-4d3b175c275e,False,,,,,False,
305-2505886-0796312,305-2505886-0796312,2026-03-04T20:13:45+00:00,2026-03-05T17:04:35+00:00,Pending,Amazon,Amazon.de,,Standard,"Spigen Glas.tR EZ Fit Schutzfolie kompatibel mit iPhone 17 Pro, iPhone 17, iPhone 16 Pro, 2 Stück, Kratzfest, inklusive Installationskit, Kristallkla",AGL07928EUPB,B0D84YX465,,Unshipped,1,EUR,18.99,,,,,,,,Bochum,,44793,DE,PLM-ca9f59f7-9a9f-4012-b0e8-d495088a2966,False,,,,,False,
304-6526138-6843558,304-6526138-6843558,2026-03-11T19:21:57+00:00,2026-03-12T23:04:37+00:00,Shipped,Amazon,Amazon.de,,Standard,"Spigen Glas.tR EZ Fit Schutzfolie kompatibel mit Samsung Galaxy S22, 2 Stück, Kratzfest, Kristallklar, 9H Härte Folie",AGL05180PAN,B0B1ZKQ6Z5,,Shipped,1,EUR,18.69,2.98,,,,,,,Blekendorf,,24327,DE,,False,,,,,False,
306-9552418-8875528,306-9552418-8875528,2026-03-29T23:20:07+00:00,2026-03-30T17:53:35+00:00,Shipped,Amazon,Amazon.de,,Expedited,Spigen Ultra Hybrid MagFit für Samsung Galaxy S26 Ultra Hülle [Anti Vergilbung] Case Handyhülle Transparent Kompatibel mit MagSafe -Matte Black,ACS10959PAN,B0FVB57R9R,,Shipped,1,EUR,22.6,2.95,,,,,1.93,,Bettembourg,Luxembourg,0121,LU,ed4d03f6-5cd8-427f-b545-d548350b0ee7,False,,,,,False,
303-5527237-4057947,303-5527237-4057947,2026-03-03T22:34:04+00:00,2026-03-04T16:08:36+00:00,Pending,Amazon,Amazon.de,,Expedited,"Spigen Glas.tR EZ Fit Optik Pro Kameraschutz kompatibel mit iPhone Air, 2 Stück, Schwarz, Individuelle Kameraprotektion, 9H Härte Folie",AGL09863PAN,B0FBCRC5VX,,Unshipped,1,EUR,15.94,,,,,,,,Bucuresti,Bucuresti,031083,RO,"PLM-9aa63c97-3a2d-44fd-96d0-bf6fef983156,DE_골라담기 상시진행 5%_iPhone Air_251002",True,Business Price,MAHAL TRADE SRL,,,False,
306-6226606-3952303,306-6226606-3952303,2026-03-20T12:55:43+00:00,2026-03-21T14:56:34+00:00,Shipped,Amazon,Amazon.de,,Expedited,"Spigen Glas.tR AlignMaster S Schutzfolie kompatibel mit iPhone 17 Pro, 2 Stück, Präzise Berührung, Kratzfest, 9H Härte Folie",AGL11323PAN,B0G3P27ZW2,,Shipped,1,EUR,19.99,3.19,,,,,,,Schönau A. Königssee,,83471,DE,,False,,,,,False,
303-0501982-9897151,303-0501982-9897151,2026-03-22T09:08:25+00:00,2026-03-23T22:05:56+00:00,Shipped,Amazon,Amazon.de,,Standard,"Spigen iPhone 17e / iPhone 16e Hülle Signature Ultra Hybrid MagFit [Anti Vergilbung] Case Handyhülle Transparent, Kompatibel mit MagSafe Zubehör -C",ACS09139PAN,B0DKGB3K85,,Shipped,1,EUR,16.8,3.36,0.95,,,,,0.95,Copenhagen Ø,,2100,DK,,False,,,,,False,
302-5200373-8421118,302-5200373-8421118,2026-03-12T11:12:01+00:00,2026-03-13T11:01:41+00:00,Shipped,Amazon,Amazon.de,,Standard,Spigen Urban Fit Hülle Case Kompatibel mit MacBook Air 13 Zoll M5 (2026) / M4 / M3 / M2 A2681 (2025/24/22) Kratzfeste Hartschalen aus Premium-Stoff -,ACS05272PAN,B0B5YH8FZW,,Shipped,1,EUR,44.8,8.67,3.48,,,,,3.48,Athens (Greece),Attica,15121,GR,,False,,,,,False,
302-3228511-2903539,302-3228511-2903539,2026-03-16T05:31:42+00:00,2026-03-16T15:46:53+00:00,Shipped,Amazon,Amazon.de,,Expedited,"Spigen Glas.tR EZ Fit Schutzfolie kompatibel mit Samsung Galaxy S25, Galaxy S24, 2 Stück, Kratzfest, Kristallklar, 9H Härte Folie",AGL07438EUPA,B0CN8PRJW4,,Shipped,1,EUR,19.19,3.06,,,,,,,Espelkamp,,32339,DE,,False,,,,,False,
305-8710562-2023545,305-8710562-2023545,2026-03-24T13:22:37+00:00,2026-03-25T16:41:42+00:00,Shipped,Amazon,Amazon.de,,Expedited,Spigen Lite Fit Ersatzarmband Kompatibel mit Google Pixel Watch 4/3/2/1 41mm (2025/2024/2023/2022) - Schwarz,AMP06348PAN,B0C91HRWZN,,Shipped,1,EUR,16.99,2.71,,,,,,,Freiburg Im Breisgau,,79106,DE,,False,,,,,False,
305-9000879-6220304,305-9000879-6220304,2026-03-20T16:08:42+00:00,2026-03-20T19:24:57+00:00,Pending,Amazon,Amazon.de,,Expedited,"Spigen Glas.tR EZ Fit Schutzfolie kompatibel mit iPhone 12 Mini, 2 Stück, Kratzfest, 9H Härte Folie",AGL01811EUP,B08DQBT5P2,,Unshipped,1,EUR,18.14,,,,,,,,wien,wien,1120,AT,e921def6-1f7c-49bd-bd55-5f501eff70da,False,,,,,False,
302-1555842-1422758,302-1555842-1422758,2026-03-08T14:06:18+00:00,2026-03-09T03:50:01+00:00,Shipped,Amazon,Amazon.de,,Expedited,Spigen Ultra Hybrid MagFit für Google Pixel 10a Hülle [Anti Vergilbung] Case Handyhülle Transparent Kompatibel mit MagSafe -Frost Black,ACS11278PAN,B0FZPR73CB,,Shipped,1,EUR,19.54,3.12,,,,,,,Hamburg,,22335,DE,,False,,,,,False,
303-5131296-2173968,303-5131296-2173968,2026-03-05T18:48:20+00:00,2026-03-06T00:47:40+00:00,Shipped,Amazon,Amazon.de,,Expedited,"Spigen Glas.tR EZ Fit Pro Schutzfolie kompatibel mit Samsung Galaxy Z Fold7, 2 Stück, für externe Display, Kratzfest, Hüllenfreundlich, Touch reakt",AGL09576PAN,B0F8RDXNY5,,Shipped,1,EUR,26.99,4.31,,,,,,,Aichtal,,72631,DE,,False,,,,,False,
304-8669348-2725100,304-8669348-2725100,2026-03-08T10:10:13+00:00,2026-03-08T22:51:37+00:00,Shipped,Amazon,Amazon.de,,Standard,Spigen Ultra Hybrid MagFit für Google Pixel 10a Hülle [Anti Vergilbung] Case Handyhülle Transparent Kompatibel mit MagSafe -Frost Black,ACS11278PAN,B0FZPR73CB,,Shipped,1,EUR,20.36,3.94,4.67,0.9,,,,,Tartu,,50604,EE,,False,,,,,False,
028-2346701-1412309,028-2346701-1412309,2026-03-13T18:56:03+00:00,2026-03-14T01:42:59+00:00,Pending,Amazon,Amazon.de,,Expedited,"Spigen Glas.tR EZ Fit Schutzfolie kompatibel mit iPhone 17 Pro Max, iPhone 16 Pro Max, 2 Stück, Kratzfest, inklusive Installationskit, Kristallklar,",AGL07907EUPB,B0D84R9HYW,,Unshipped,1,EUR,14.71,2.35,,,,,,,Aschheim,Bayern,85609,DE,,False,,,,,False,
305-3316566-3017950,305-3316566-3017950,2026-03-12T19:19:25+00:00,2026-03-12T19:19:34+00:00,Pending,Amazon,Amazon.de,,Expedited,Spigen Ultra Hybrid MagFit für Samsung Galaxy S26 Hülle [Anti Vergilbung] Case Handyhülle Transparent Kompatibel mit MagSafe -Light Blue,ACS11166PAN,B0FWGVKRW9,,Unshipped,1,EUR,19.19,,,,,,,,Tönisvorst,,47918,DE,DE_골라담기 10%_GalaxyS26_hyomi_260225_2,False,,,,,False,
305-0177598-1142745,305-0177598-1142745,2026-03-02T21:04:12+00:00,2026-03-03T16:42:12+00:00,Shipped,Amazon,Amazon.de,,Standard,Spigen Slim Armor CS Hülle Kompatibel mit Samsung Galaxy S23 Ultra 5G -Black,ACS05628PAN,B0BJRZFVMV,,Shipped,1,EUR,20.99,3.35,0.67,,,,,0.67,Frankfurt Am Main,,60598,DE,,False,,,,,False,
305-1396441-9444346,305-1396441-9444346,2026-03-10T12:23:47+00:00,2026-03-10T17:32:03+00:00,Shipped,Amazon,Amazon.de,,Expedited,"Spigen Glas.tR EZ Fit Schutzfolie kompatibel mit Samsung Galaxy S22, 2 Stück, Kratzfest, Kristallklar, 9H Härte Folie",AGL05180PAN,B0B1ZKQ6Z5,,Shipped,1,EUR,18.69,2.98,,,,,,,Greußen,,99718,DE,,False,,,,,False,
303-2207106-7552321,303-2207106-7552321,2026-03-24T17:41:13+00:00,2026-03-24T22:23:58+00:00,Shipped,Amazon,Amazon.de,,Expedited,Spigen Ultra Hybrid Kompatibel mit iPhone 13 Pro Max Hülle [Air Cushion Technologie] Handyhülle dünn transparent hardcase silikon -Sierra Blue,ACS04131PAN,B09LB9ZCBZ,,Shipped,1,EUR,16.99,2.71,,,,,,,Marburg,,35039,DE,,False,,,,,False,
028-8886721-3698707,028-8886721-3698707,2026-03-31T19:26:50+00:00,2026-03-31T19:26:56+00:00,Pending,Amazon,Amazon.de,,Standard,"Spigen wasserdichte Handyhülle [Aqua Shield] [2 Stick] IPX8 wasserfeste Handytasche Hülle kompatibel mit iPhone 16/15/14/13 Serien, Galaxy S25/S24/S",AMP03098PAN,B094JBDRKX,,Unshipped,1,EUR,14.99,,,,,,,,Lohmar,Nordrhein-Westfalen,53797,DE,,False,,,,,False,
303-8083692-2780319,303-8083692-2780319,2026-03-06T16:42:50+00:00,2026-03-06T16:42:58+00:00,Pending,Amazon,Amazon.de,,Standard,Spigen Lock Fit Hülle Kompatibel mit Samsung Galaxy Buds 4 Pro/Buds 4 (2026) - Matt Schwarz,ACS11202PAN,B0G7N15XXS,,Unshipped,1,EUR,26.99,,,,,,,,Elmshorn,,25336,DE,,False,,,,,False,
302-0530222-4581910,302-0530222-4581910,2026-03-15T19:27:22+00:00,2026-03-16T21:20:11+00:00,Shipped,Amazon,Amazon.de,,Expedited,"Spigen NanoPop MagFit Hülle für Google Pixel 10 und Pixel 10 Pro, Kompatibel Mit Pixelsnap und MagSafe [2025 Neue Funktion] [Made for Google] -Papay",ACS09712PAN,B0F49DRBCD,,Shipped,1,EUR,21.24,3.39,,,,,,,Dresden,Sachsen,01109,DE,,False,,,,,False,
305-1237697-4931528,305-1237697-4931528,2026-03-11T12:57:48+00:00,2026-03-11T23:27:49+00:00,Shipped,Amazon,Amazon.de,,Expedited,"Spigen Ultra Hybrid S MagFit für Samsung Galaxy S26 Plus Hülle [3 Standmodi Ständer] Case Handyhülle Stoßfest Kratzfest, Kompatibel mit MagSafe -",ACS11050PAN,B0FVB661VQ,,Shipped,1,EUR,21.89,3.5,4.19,,,,,4.19,Esslingen am Neckar,Baden-Württemberg,73730,DE,,False,,,,,False,
306-1225605-4697156,306-1225605-4697156,2026-03-14T07:07:46+00:00,2026-03-15T17:29:47+00:00,Shipped,Amazon,Amazon.de,,Expedited,"Spigen Parallax MagFit Hülle für Samsung Galaxy S25, Kompatibel mit MagSafe -Sage Green",ACS09063PAN,B0DL7BYJXV,,Shipped,1,EUR,21.42,3.57,,,,,,,Leibnitz,,8430,AT,,False,,,,,False,
303-6170338-7217908,303-6170338-7217908,2026-03-01T13:22:49+00:00,2026-03-02T02:07:08+00:00,Shipped,Amazon,Amazon.de,,Expedited,"Spigen DA20 Apple Pencil Stifthalter für Pro und 2. Generation Kompatibel mit iPad Pro 11""/ 13"", iPad Air 11"" /13"" und Anderen iPad-Serien - Schwarz",APP04545PAN,B09V1V34TV,,Shipped,1,EUR,29.99,4.79,,,,,,,Hamburg,,22609,DE,,False,,,,,False,
304-5078766-0829926,304-5078766-0829926,2026-03-21T15:48:11+00:00,2026-03-22T12:06:19+00:00,Shipped,Amazon,Amazon.de,,Expedited,"Spigen iPhone 17e / iPhone 16e Hülle [rutschfest] Liquid Air MagFit Case Slim TPU mit Truss-Design, Kompatibel mit MagSafe Zubehör -Matte Black",ACS09151PAN,B0DKGBS22K,,Shipped,1,EUR,14.99,2.39,,,,,,,Brackenheim,,74336,DE,,False,,,,,False,
305-4279153-4911560,305-4279153-4911560,2026-03-06T14:40:46+00:00,2026-03-06T18:43:39+00:00,Shipped,Amazon,Amazon.de,,Expedited,Spigen iPhone 17 Hülle [Spigen Premium Qualität] Tough Armor MagFit Case Handyhülle mit Kickstand Kompatibel mit MagSafe -Schwarz,ACS09984PAN,B0FD2G2GS7,,Shipped,1,EUR,34.99,5.59,,,,,,,Teublitz,,93158,DE,,False,,,,,False,
303-3220623-5285948,303-3220623-5285948,2026-03-30T06:36:27+00:00,2026-03-31T02:48:03+00:00,Pending,Amazon,Amazon.de,,Standard,Spigen Rugged Armor Hülle Kompatibel mit Xiaomi 17 -Matte Black,ACS10458PAN,B0FKJVZ9MK,,Unshipped,1,EUR,15.35,,,,,,,,Krmelj,Sevnica,8296,SI,3f717c38-02f5-4be5-b217-80b5c267b28f,True,Business Price,Amazon Business EU SARL,,,True,
306-4648098-3650704,306-4648098-3650704,2026-03-15T12:47:34+00:00,2026-03-15T12:48:13+00:00,Pending,Amazon,Amazon.de,,Expedited,"Spigen Tough Armor (AI) MagFit Hülle für iPhone 16 Pro, Kompatibel mit MagSafe Zubehör -Schwarz",ACS08146PAN,B0D21LGLX7,,Unshipped,1,EUR,26.56,,,,,,,,Wien,,1230,AT,,False,,,,,False,
304-0230838-0613145,304-0230838-0613145,2026-03-15T23:52:48+00:00,2026-03-16T10:01:57+00:00,Shipped,Amazon,Amazon.de,,Expedited,"Spigen Glas.tR EZ Fit Optik Kameraschutz kompatibel mit Google Pixel 9 Pro, 2 Stück, Kristallklar, Anti-Kratzer, 9H Härte Schutzfolie",AGL08444PAN,B0D85SML7F,,Cancelled,0,,,,,,,,,,Kanzem,,54441,DE,,False,,,,,False,
302-7439882-7289951,302-7439882-7289951,2026-03-17T12:48:15+00:00,2026-03-18T10:36:20+00:00,Shipped,Amazon,Amazon.de,,Expedited,"Spigen Optik Armor MagFit für Samsung Galaxy S26 Ultra Hülle [Kamera-Schutz] Case, Militärgeprüfter Schutz Handyhülle -Schwarz",ACS11040PAN,B0FVBPV3QF,,Shipped,1,EUR,18.46,,,,,,,,Grafing B. München,,85567,DE,,True,Business Price,Amazon Business EU SARL,,,True,
304-9210902-6120337,304-9210902-6120337,2026-03-15T08:37:05+00:00,2026-03-16T00:53:51+00:00,Shipped,Amazon,Amazon.de,,Expedited,"Spigen Glas.tR EZ Fit Schutzfolie kompatibel mit iPhone 17 Pro Max, iPhone 16 Pro Max, 2 Stück, Kratzfest, inklusive Installationskit, Kristallklar,",AGL07907EUPB,B0D84R9HYW,,Shipped,1,EUR,14.71,2.35,,,,,,,Wehrheim,,61273,DE,,False,,,,,False,
305-8076828-2633118,305-8076828-2633118,2026-03-10T12:38:36+00:00,2026-03-11T18:21:18+00:00,Shipped,Amazon,Amazon.de,,Standard,"Spigen Liquid Air MagFit Hülle für Google Pixel 10 und Pixel 10 Pro, Kompatibel Mit Pixelsnap und MagSafe [2025 Neue Funktion] [Made for Google] -Sc",ACS09695PAN,B0F49G24KV,,Shipped,1,EUR,16.99,2.71,0.66,,,,,0.66,Dresden,,01187,DE,,False,,,,,False,
303-4941310-1265128,303-4941310-1265128,2026-03-04T10:00:15+00:00,2026-03-05T00:46:56+00:00,Shipped,Amazon,Amazon.de,,Expedited,"Spigen Glas.tR EZ Fit Pro Schutzfolie kompatibel mit Samsung Galaxy Z Fold7, 2 Stück, für externe Display, Kratzfest, Hüllenfreundlich, Touch reakt",AGL09576PAN,B0F8RDXNY5,,Shipped,1,EUR,26.99,4.31,,,,,,,Aichtal,,72631,DE,,False,,,,,False,
028-3880044-8283527,028-3880044-8283527,2026-03-27T13:47:08+00:00,2026-03-28T03:26:15+00:00,Shipped,Amazon,Amazon.de,,Expedited,"Spigen AlignMaster Schutzfolie kompatibel mit Google Pixel 8, 2 Stück, Kratzfest, 9H Härte Folie",AGL07396EUP,B0CMRDVTGP,,Shipped,1,EUR,20.0,3.19,,,,,,,Vreden,,48691,DE,,False,,,,,False,
028-0236776-8743533,028-0236776-8743533,2026-03-17T13:19:05+00:00,2026-03-17T13:35:17+00:00,Pending,Amazon,Amazon.de,,Standard,Spigen Ultra Hybrid Hülle für Google Pixel 9 Pro und Pixel 9 [Made for Google] -Crystal Clear,ACS07687PAN,B0CVRL6KNT,,Unshipped,1,EUR,16.99,,,,,,,,Stuttgart,,70190,DE,,False,,,,,False,
305-2876790-5328362,305-2876790-5328362,2026-03-16T01:23:58+00:00,2026-03-16T04:30:03+00:00,Shipped,Amazon,Amazon.de,,Expedited,"Spigen Glas.tR EZ Fit Schutzfolie kompatibel mit Samsung Galaxy Watch Ultra, 47mm, 2 Stück, Kratzfest, 9H Härte Folie",AGL08349PAN,B0D3SNHXQH,,Shipped,1,EUR,11.93,1.9,,,,,,,Hennef (sieg),,53773,DE,,False,,,,,False,
304-7193086-4946721,304-7193086-4946721,2026-03-24T17:46:26+00:00,2026-03-25T15:48:37+00:00,Shipped,Amazon,Amazon.de,,Expedited,"Spigen Schutzhülle für iPhone 17 Pro Max, Ultra-Hybrid, TPU-überzogene Kamerasteuerung, Vergilbungsschutz, kein Magnetring, kristallklar",ACS10033PAN,B0FD25XK76,,Shipped,1,EUR,12.99,2.07,,,,,,,Erfurt,Thüringen,99092,DE,,False,,,,,False,
302-5430435-3153901,302-5430435-3153901,2026-03-17T14:21:52+00:00,2026-03-17T14:24:43+00:00,Cancelled,Amazon,Amazon.de,,Standard,"Spigen Thin Fit Kompatibel mit MacBook Air A2337 M1, A2179, A1932 Retina 13 Zoll Hülle (2020/2019/2018) - Schwarz",071CS25963PAN,B07V5KKM21,,Cancelled,0,,,,,,,,,,Zürich,Switzerland,8050,CH,,False,,,,,False,
304-2472022-5425936,304-2472022-5425936,2026-03-20T16:55:19+00:00,2026-03-21T02:24:06+00:00,Shipped,Amazon,Amazon.de,,Expedited,Spigen Air Skin Hülle Kompatibel mit Samsung Galaxy Z Flip 6 und Z Flip 7 FE -Crystal Clear,ACS07836PAN,B0CXTYW1GL,,Shipped,1,EUR,24.99,3.99,,,,,,,Kernen Im Remstal,,71394,DE,,False,,,,,False,
305-3648814-3042753,305-3648814-3042753,2026-03-01T22:10:52+00:00,2026-03-02T16:53:54+00:00,Shipped,Amazon,Amazon.de,,Standard,Spigen Rugged Armor Hülle Kompatibel mit Galaxy S20 FE - Schwarz,ACS01847PAN,B08C943M8G,,Shipped,1,EUR,13.99,2.23,0.84,,,,,0.84,München,,81673,DE,,False,,,,,False,
028-8119407-8623554,028-8119407-8623554,2026-03-02T22:49:18+00:00,2026-03-03T12:52:47+00:00,Pending,Amazon,Amazon.de,,Standard,Spigen Classic Fit Hülle Kompatibel mit Samsung Galaxy Buds 4 Pro/Buds 4 (2026) - Matt Schwarz,ACS11203PAN,B0G7MY5GYV,,Unshipped,1,EUR,20.99,,,,,,,,Kabelsketal,,06184,DE,"DE_골라담기 10%_GalaxyS26_hyomi_260225_2,DE_골라담기 10%_GalaxyS26 Plus_hyomi_260225_2,DE_골라담기 10%_GalaxyS26 Ultra_hyomi_260225_2",False,,,,,False,
306-0966040-2706721,306-0966040-2706721,2026-03-22T18:39:22+00:00,2026-03-23T15:48:43+00:00,Shipped,Amazon,Amazon.de,,Expedited,"Spigen Tough Armor MagFit für Samsung Galaxy S26 Hülle [XRD-Pad Stoßdämpfung] [Militärgeprüfter Schutz] Case Handyhülle, Kompatibel mit MagSafe",ACS11062PAN,B0FVB9TM8Q,,Shipped,1,EUR,29.99,4.31,,,,,2.52,,Lehnstedt,,99441,DE,DE_골라담기 10%_GalaxyS26_hyomi_260225_2,False,,,,,False,
306-7995004-2773103,306-7995004-2773103,2026-03-31T08:50:44+00:00,2026-04-01T13:39:45+00:00,Pending,Amazon,Amazon.de,,Standard,"Spigen iPhone 17e / iPhone 16e Hülle [rutschfest] Liquid Air MagFit Case Slim TPU mit Truss-Design, Kompatibel mit MagSafe Zubehör -Matte Black",ACS09151PAN,B0DKGBS22K,,Unshipped,1,EUR,14.99,,,,,,,,St. Georgen im Schwarzwald,,78112,DE,,True,,ALPRO MEDICAL GMBH,,,False,
028-4446173-2500367,028-4446173-2500367,2026-03-23T21:07:59+00:00,2026-03-24T03:05:32+00:00,Shipped,Amazon,Amazon.de,,Expedited,Spigen Ultra Hybrid MagFit für Samsung Galaxy S26 Ultra Hülle [Anti Vergilbung] Case Handyhülle Transparent Kompatibel mit MagSafe -Frost Black,ACS10960PAN,B0FVBKG9ZP,,Shipped,1,EUR,24.99,3.59,1.0,0.16,,,2.1,,Marburg,,35037,DE,"3f717c38-02f5-4be5-b217-80b5c267b28f,DE_골라담기 10%_GalaxyS26 Ultra_hyomi_260305",False,,,,,False,
304-2880781-1358717,304-2880781-1358717,2026-03-12T10:36:28+00:00,2026-03-12T10:36:37+00:00,Pending,Amazon,Amazon.de,,Standard,Spigen iPhone 17 Pro Max Hülle [2025 Upgrade Kamerasteuerung] Ultra Hybrid T MagFit [Dura Clear Tech] Case Handyhülle Transparent Kompatibel mit Mag,ACS10468PAN,B0FH5TQSL2,,Unshipped,1,EUR,20.98,,,,,,,,Thessaloniki,Kalamaria,55132,GR,,True,Business Price,CONTECH SOLUTIONS LTD,,,False,
303-3211419-7902750,303-3211419-7902750,2026-03-16T11:23:18+00:00,2026-03-16T11:23:56+00:00,Pending,Amazon,Amazon.de,,Standard,"Spigen AlignMaster Schutzfolie kompatibel mit Google Pixel 8 Pro, 2 Stück, Kratzfest, 9H Härte Folie",AGL07395EUP,B0CMRJSVY5,,Unshipped,1,EUR,19.95,,,,,,,,Zagreb,Grad Zagreb,10110,HR,,False,,,,,False,
305-9886864-1473905,305-9886864-1473905,2026-03-02T20:07:43+00:00,2026-03-03T11:10:30+00:00,Shipped,Amazon,Amazon.de,,Standard,"Spigen Glas.tR EZ Fit Pro Schutzfolie kompatibel mit Samsung Galaxy S26 Ultra, 2 Stück, inklusive Installationskit, Kratzfest, Kristallklar, 10H+ Hä",AGL11068PAN,B0G7S8J7SJ,,Shipped,1,EUR,23.99,3.45,,,,,2.02,,Hohenkammer,,85411,DE,PLM-03368c6e-208f-4ebc-9ad4-f82535855c78,False,,,,,False,
305-2495725-9941924,305-2495725-9941924,2026-03-18T19:05:55+00:00,2026-03-19T01:21:14+00:00,Shipped,Amazon,Amazon.de,,Expedited,Spigen für Samsung Galaxy S24 FE Hülle [Anti Vergilbung] Ultra Hybrid Handyhülle Samsung S24 FE Transparent Durchsichtig -Crystal Clear,ACS08620PAN,B0D7NR6Q87,,Shipped,1,EUR,17.14,2.86,,,,,,,Oberwaltersdorf,,2522,AT,,False,,,,,False,
302-4889006-1791510,302-4889006-1791510,2026-03-28T11:05:52+00:00,2026-03-29T18:21:36+00:00,Shipped,Amazon,Amazon.de,,Expedited,Spigen Ultra Hybrid Pro Hülle Kompatibel mit iPad Pro 13 Zoll M5 (2025) / M4 (2024) Chip Case mit Transparente Hartschale Auto Schlaf/Wach Funktion S,ACS07006PAN,B0CW2DRJ9R,,Shipped,1,EUR,31.99,4.87,,,,,1.27,,Telgte,,48291,DE,"e921def6-1f7c-49bd-bd55-5f501eff70da,직판4팀_DE_골라담기_2차_5%_iPad Pro 13 M5_chaeeun_251125",False,,,,,False,
028-4395140-8804342,028-4395140-8804342,2026-03-12T23:22:59+00:00,2026-03-13T09:27:07+00:00,Shipped,Amazon,Amazon.de,,Standard,"Spigen Rugged Armor Hülle Kompatibel mit iPhone SE, iPhone 5s und iPhone 5 -Schwarz",041CS20167PAN,B01BEDNUDK,,Shipped,1,EUR,13.39,2.68,8.03,1.61,,,,,Copenhagen,,2450,DK,,False,,,,,False,
028-4568095-9065117,028-4568095-9065117,2026-03-30T20:34:17+00:00,2026-03-31T18:57:57+00:00,Cancelled,Amazon,Amazon.de,,Standard,"Spigen Volkswagen Schlüsselhülle [1 Stück], TPU Schlüsselgehäuse, Autoschlüssel Hülle für VW, SKODA mit Karabiner und Riemen, Kompatibel mit V",ACS10426PAN,B0FQRC6K3T,,Cancelled,0,,,,,,,,,,Klettgau,,79771,DE,,False,,,,,False,
305-0755487-7223505,305-0755487-7223505,2026-03-25T00:14:34+00:00,2026-03-25T00:15:14+00:00,Cancelled,Amazon,Amazon.de,,Expedited,Spigen für iPhone 16 Pro Hülle [Anti-Yellowing] Ultra Hybrid MagFit Case Handyhülle Transparent Dünn Slim Kompatibel mit MagSafe -Neo One,ACS08792PAN,B0D9MWQBL7,,Cancelled,0,,,,,,,,,,Davos,Graubünden,7270,CH,,False,,,,,False,
302-1539306-0185151,302-1539306-0185151,2026-03-13T07:33:43+00:00,2026-03-13T14:38:55+00:00,Shipped,Amazon,Amazon.de,,Expedited,"Spigen Liquid Air für Samsung Galaxy S26 Hülle [rutschfest] Slim TPU mit Truss-Design, Militärgeprüfter Schutz, Sound Tunnel Technologie Case Hand",ACS11054PAN,B0FVB2PF8R,,Shipped,1,EUR,13.59,2.17,,,,,,,Nürnberg,,90469,DE,,False,,,,,False,
302-8628723-3558767,302-8628723-3558767,2026-03-29T12:02:37+00:00,2026-03-30T01:06:03+00:00,Shipped,Amazon,Amazon.de,,Expedited,"Spigen Liquid Air für Samsung Galaxy S26 Hülle [rutschfest] Slim TPU mit Truss-Design, Militärgeprüfter Schutz, Sound Tunnel Technologie Case Hand",ACS11054PAN,B0FVB2PF8R,,Shipped,1,EUR,16.99,2.71,,,,,,,Sasbach,Baden-Würtemberg,77880,DE,,False,,,,,False,
306-7427375-4537953,306-7427375-4537953,2026-03-14T01:15:18+00:00,2026-03-14T01:15:26+00:00,Pending,Amazon,Amazon.de,,Expedited,"Spigen iPhone Air Hülle [2025 Upgrade 360° Ständer] [Dura Clear] Ultra Hybrid S MagFit Case Handyhülle Stoßfest Kratzfest, Kompatibel mit MagSafe",ACS09926PAN,B0FD2FMDS8,,Unshipped,1,EUR,21.24,,,,,,,,München,,81369,DE,,False,,,,,False,
028-9689017-4749950,028-9689017-4749950,2026-03-21T11:32:34+00:00,2026-03-21T11:32:45+00:00,Pending,Amazon,Amazon.de,,Standard,"Spigen Glas.tR EZ Fit Schutzfolie kompatibel mit Samsung Galaxy Watch8, 40mm, 2 Stück, Nicht hüllenfreundlich, Kratzfest, 9H Härte Folie",AGL09874EUP,B0F97TWP9R,,Unshipped,1,EUR,16.17,,,,,,,,Zolder,limburg,3550,BE,,False,,,,,False,
306-0998716-0684319,306-0998716-0684319,2026-03-19T01:35:39+00:00,2026-03-20T00:34:25+00:00,Shipped,Amazon,Amazon.de,,Standard,"Spigen Parallax MagFit Hülle für Google Pixel 10 und Pixel 10 Pro, Kompatibel Mit Pixelsnap und MagSafe [2025 Neue Funktion] -Midnight Blue",ACS09710PAN,B0F49GQVQ3,,Shipped,1,EUR,25.41,4.41,3.3,0.57,,,,,Brno,Jihomoravsky kraj,63900,CZ,,False,,,,,False,
028-1591745-6174722,028-1591745-6174722,2026-03-24T15:36:31+00:00,2026-03-24T21:41:47+00:00,Shipped,Amazon,Amazon.de,,Expedited,Spigen iPhone 17 Hülle [Spigen Signature] Ultra Hybrid MagFit [Dura Clear Tech] Case Handyhülle Transparent Kompatibel mit MagSafe -Clear White,ACS10082PAN,B0FD2K58MF,,Shipped,1,EUR,19.99,3.19,,,,,,,Weiden i.d.OPf.,Bayern,92637,DE,,False,,,,,False,
304-8568900-3928314,304-8568900-3928314,2026-03-03T10:50:03+00:00,2026-03-03T20:03:41+00:00,Shipped,Amazon,Amazon.de,,Expedited,Spigen Vault Hülle Case Kompatibel mit AirPods Pro 3. Generation (2025) mit Sicherem Magnetverschluss - Matt Schwarz,ACS09826PAN,B0FCVK9G1F,,Shipped,1,EUR,17.99,2.87,,,,,,,Much,,53804,DE,,False,,,,,False,
305-2830508-1426755,305-2830508-1426755,2026-03-28T22:57:07+00:00,2026-03-28T22:57:15+00:00,Pending,Amazon,Amazon.de,,Standard,Spigen Optik Armor Hülle Kompatibel mit Samsung Galaxy A55 5G -Schwarz,ACS07535PAN,B0CQ3S3X5G,,Unshipped,1,EUR,20.99,,,,,,,,Münster,NRW,48153,DE,,False,,,,,False,
305-6858096-3505100,305-6858096-3505100,2026-03-25T10:19:50+00:00,2026-03-25T10:20:29+00:00,Pending,Amazon,Amazon.de,,Standard,"Spigen Schutzhülle für iPhone 17 Pro Max, Ultra-Hybrid, TPU-überzogene Kamerasteuerung, Vergilbungsschutz, kein Magnetring, kristallklar",ACS10033PAN,B0FD25XK76,,Unshipped,1,EUR,13.65,,,,,,,,Pandrup,Nordjylland,9490,DK,,False,,,,,False,
302-7241318-9258733,302-7241318-9258733,2026-03-23T21:37:01+00:00,2026-03-24T01:25:58+00:00,Shipped,Amazon,Amazon.de,,Expedited,Spigen Ultra Hybrid für Samsung Galaxy S26 Ultra Hülle [Anti Vergilbung] Ultra Hybrid Case Handyhülle Transparent Schutzhülle Slim Dünn -Crystal,ACS11030PAN,B0FVBFT41L,,Shipped,1,EUR,16.99,2.44,,,,,1.43,,Wernberg-köblitz,,92533,DE,DE_골라담기 10%_GalaxyS26 Ultra_hyomi_260305,False,,,,,False,
028-4668626-9550751,028-4668626-9550751,2026-03-28T14:34:54+00:00,2026-03-29T09:09:59+00:00,Shipped,Amazon,Amazon.de,,Expedited,"Spigen Tough Armor MagFit für Samsung Galaxy S26 Ultra Hülle [XRD-Pad Stoßdämpfung] [Militärgeprüfter Schutz] Case Handyhülle, Kompatibel mit M",ACS11033PAN,B0FVBHT64R,,Shipped,1,EUR,29.99,4.79,,,,,,,Hilchenbach,,57271,DE,,False,,,,,False,
302-6698286-3375521,302-6698286-3375521,2026-03-27T15:01:52+00:00,2026-03-27T18:52:35+00:00,Shipped,Amazon,Amazon.de,,Expedited,"Spigen Glas.tR EZ Fit Pro Schutzfolie kompatibel mit Samsung Galaxy S26 Ultra, 2 Stück, inklusive Installationskit, Kratzfest, Kristallklar, 10H+ Hä",AGL11068PAN,B0G7S8J7SJ,,Shipped,1,EUR,23.99,3.83,,,,,,,Weilburg,Deutschland,35781,DE,DE_골라담기 10%_GalaxyS26 Ultra / Galaxy Buds4 Pro/4_yeseo_260327,False,,,,,False,
303-2324145-8548355,303-2324145-8548355,2026-03-01T13:25:08+00:00,2026-03-01T16:02:01+00:00,Shipped,Amazon,Amazon.de,,Expedited,"Spigen Glas.tR EZ Fit Pro Schutzfolie kompatibel mit Samsung Galaxy S26 Ultra, 2 Stück, inklusive Installationskit, Kratzfest, Kristallklar, 10H+ Hä",AGL11068PAN,B0G7S8J7SJ,,Shipped,1,EUR,23.99,3.45,,,,,2.02,,Zossen,,15806,DE,PLM-03368c6e-208f-4ebc-9ad4-f82535855c78,False,,,,,False,
303-4050526-6826752,303-4050526-6826752,2026-03-21T14:27:29+00:00,2026-03-22T21:25:43+00:00,Shipped,Amazon,Amazon.de,,Expedited,Spigen Tough Armor Hülle Kompatibel mit Samsung Galaxy S23 Ultra 5G -Black,ACS05623PAN,B0BJSNT7H8,,Shipped,1,EUR,21.99,3.51,,,,,,,Rheinau,Baden-Württemberg,77866,DE,,False,,,,,False,
302-4442555-1271522,302-4442555-1271522,2026-03-14T22:44:26+00:00,2026-03-15T13:38:19+00:00,Shipped,Amazon,Amazon.de,,Expedited,"Spigen Schutzhülle für iPhone 17 Pro, Ultra-Hybrid, TPU-überzogene Kamerasteuerung, Anti-Vergilbung, kein Magnetring, Kristallklar",ACS10064PAN,B0FD2GGXR5,,Shipped,1,EUR,9.09,1.45,,,,,,,Bonn,,53111,DE,,False,,,,,False,
302-8979533-8142708,302-8979533-8142708,2026-03-02T14:30:50+00:00,2026-03-03T05:53:19+00:00,Shipped,Amazon,Amazon.de,,Expedited,"Spigen iPhone 17 Pro Hülle [rutschfest] [DURCHDACHTE Details] Liquid Air Case Slim TPU mit Truss-Design, Militärgeprüfter Schutz, Sound Tunnel Tech",ACS09943PAN,B0FD1PBKD8,,Shipped,1,EUR,15.99,2.55,,,,,,,Wunstorf,,31515,DE,,False,,,,,False,
028-9814660-9124324,028-9814660-9124324,2026-03-12T18:36:36+00:00,2026-03-13T03:11:33+00:00,Shipped,Amazon,Amazon.de,,Expedited,Spigen iPhone 17 Hülle [Spigen Premium Qualität] Tough Armor MagFit Case Handyhülle mit Kickstand Kompatibel mit MagSafe -Gunmetal,ACS09985PAN,B0FD1ZN2DL,,Shipped,1,EUR,29.74,4.66,,,,,0.48,,Schenklengsfeld,Hessen,36277,DE,DE_골라담기 상시진행 5%_iPhone 17_251002,False,,,,,False,
306-2187498-1036329,306-2187498-1036329,2026-03-17T21:11:15+00:00,2026-03-18T01:20:39+00:00,Shipped,Amazon,Amazon.de,,Expedited,"Spigen Ultra Hybrid MagFit für Samsung Galaxy S25 Ultra Hülle mit [Anti-Vergilbung], [Air Cushion Tech], MagSafe kompatibel -Clear White",ACS08956PAN,B0DJ9TQLD1,,Shipped,1,EUR,30.24,5.04,,,,,,,Unterolberndorf,,2123,AT,,False,,,,,False,
304-4720747-9886709,304-4720747-9886709,2026-03-03T01:51:23+00:00,2026-03-03T22:51:44+00:00,Cancelled,Amazon,Amazon.de,,Expedited,"Spigen Urban Fit MagFit Magnetischer Kartenhalter 3-Karten Kompatibel mit magnetischer Hülle Entwickelt für Samsung Galaxy S26,S26+,S26 Ultra, S25 S",AFA09208PAN,B0DNH37LC9,,Cancelled,0,,,,,,,,,,Köln,,50937,DE,,False,,,,,False,
306-1178743-9653113,306-1178743-9653113,2026-03-13T19:40:09+00:00,2026-03-13T19:41:19+00:00,Pending,Amazon,Amazon.de,,Standard,"Spigen Ultra Hybrid MagFit für Samsung Galaxy S26 Ultra Hülle [Neo One Edition] [Hightech-Design] Case Handyhülle, Kompatibel mit MagSafe Zubehör",ACS10963PAN,B0FVBKD8N9,,Unshipped,1,EUR,23.53,,,,,,,,Taastrup,Denmark,2630,DK,DE_골라담기 10%_GalaxyS26 Ultra_hyomi_260305,False,,,,,False,
304-6984036-1389128,304-6984036-1389128,2026-03-06T08:10:56+00:00,2026-03-06T19:28:42+00:00,Shipped,Amazon,Amazon.de,,Expedited,Spigen für iPhone 16 Pro Hülle [Anti-Yellowing] Ultra Hybrid MagFit Case Handyhülle Transparent Dünn Slim Kompatibel mit MagSafe -Frost Clear,ACS08133PAN,B0D21X1FP9,,Shipped,1,EUR,22.99,3.67,,,,,,,Voerde (niederrhein),Nordrhein-Westfalen,46562,DE,,False,,,,,False,
305-1945181-5472309,305-1945181-5472309,2026-03-26T20:55:18+00:00,2026-03-27T04:00:54+00:00,Shipped,Amazon,Amazon.de,,Expedited,Spigen Liquid Air Hülle Kompatibel mit Samsung Galaxy S23 Ultra 5G -Schwarz,ACS05614PAN,B0BJSB91LK,,Shipped,1,EUR,15.99,2.55,,,,,,,Linden,Rheinland Pfalz,66851,DE,,False,,,,,False,
305-8098697-6210718,305-8098697-6210718,2026-03-24T12:19:36+00:00,2026-03-24T23:34:38+00:00,Shipped,Amazon,Amazon.de,,Expedited,"Spigen Tough Armor (AI) MagFit Hülle für iPhone 16, Kompatibel mit MagSafe Zubehör -Frost Black",ACS08515PAN,B0D79ZVNFL,,Shipped,1,EUR,30.99,4.95,,,,,,,Ludwigsburg,,71636,DE,,False,,,,,False,
028-0469825-5121163,028-0469825-5121163,2026-03-11T16:17:59+00:00,2026-03-12T08:51:15+00:00,Shipped,Amazon,Amazon.de,,Standard,"Spigen NanoPop MagFit Hülle für Google Pixel 10 und Pixel 10 Pro, Kompatibel Mit Pixelsnap und MagSafe [2025 Neue Funktion] [Made for Google] -Blueb",ACS09711PAN,B0F49G9S89,,Shipped,1,EUR,21.78,3.93,3.32,,,,,3.32,LJUBLJANA,,1000,SI,,False,,,,,False,
028-0261859-2341127,028-0261859-2341127,2026-03-06T08:39:06+00:00,2026-03-08T20:50:06+00:00,Shipped,Amazon,Amazon.de,,Expedited,Spigen Liquid Air Hülle Kompatibel mit Google Pixel 10 und Pixel 10 Pro [Made for Google] -Schwarz,ACS09714PAN,B0F49GLLY8,,Shipped,1,EUR,14.99,2.39,,,,,,,Düren,,52351,DE,,False,,,,,False,
306-0362521-4073917,306-0362521-4073917,2026-03-07T15:45:50+00:00,2026-03-08T00:09:04+00:00,Shipped,Amazon,Amazon.de,,Expedited,"Spigen Schutzhülle für iPhone 17 Pro, Ultra-Hybrid, TPU-überzogene Kamerasteuerung, Anti-Vergilbung, kein Magnetring, Kristallklar",ACS10064PAN,B0FD2GGXR5,,Shipped,1,EUR,12.99,2.07,,,,,,,Kamen,Nordrhein-Westfalen,59174,DE,,False,,,,,False,
028-4870950-5637153,028-4870950-5637153,2026-03-09T22:09:46+00:00,2026-03-10T06:28:25+00:00,Cancelled,Amazon,Amazon.de,,Standard,"Spigen iPhone 17e / iPhone 16e Hülle [rutschfest] Liquid Air Case Slim TPU mit Truss-Design, Militärgeprüfter Schutz -Matte Black",ACS09161PAN,B0DKWKYBLZ,,Cancelled,0,,,,,,,,,,Santa Venera,,SVR 1935,MT,,False,,,,,False,
306-8351458-5165168,306-8351458-5165168,2026-03-12T02:49:48+00:00,2026-03-12T11:16:45+00:00,Shipped,Amazon,Amazon.de,,Standard,Spigen Lite Fit Ersatzarmband Kompatibel mit Google Pixel Watch 4/3 45mm (2025/2024) Nylon Solo Loop Armband - Schwarz,AMP07601PAN,B0D3KZJW68,,Shipped,1,EUR,15.16,3.03,2.93,,,,,2.93,Vukovar,Vukovarsko-srijemska županija,32000,HR,,False,,,,,False,
304-4384704-3397120,304-4384704-3397120,2026-03-29T15:43:52+00:00,2026-03-30T00:40:10+00:00,Shipped,Amazon,Amazon.de,,Expedited,Spigen Liquid Air Hülle Kompatibel mit Samsung Galaxy S23 5G -Schwarz,ACS05712PAN,B0BJRJX8Z4,,Shipped,1,EUR,16.0,2.55,,,,,,,Kißlegg,,88353,DE,,False,,,,,False,
303-0555007-9716363,303-0555007-9716363,2026-03-14T13:23:03+00:00,2026-03-14T13:23:13+00:00,Pending,Amazon,Amazon.de,,Expedited,Spigen Liquid Air Hülle Kompatibel mit Google Pixel 9a -Navy Blue,ACS09040PAN,B0DJCJ2HW8,,Unshipped,1,EUR,12.85,,,,,,,,Wien,,1030,AT,,False,,,,,False,
303-0762614-7189967,303-0762614-7189967,2026-03-03T21:32:51+00:00,2026-03-03T21:35:08+00:00,Pending,Amazon,Amazon.de,,Expedited,"Spigen Parallax MagFit Hülle für Google Pixel 10 und Pixel 10 Pro, Kompatibel Mit Pixelsnap und MagSafe [2025 Neue Funktion] -Midnight Blue",ACS09710PAN,B0F49GQVQ3,,Unshipped,1,EUR,24.99,,,,,,,,Heidesheim am Rhein,Rheinland-Pfalz,55262,DE,,False,,,,,False,
305-5885962-0093948,305-5885962-0093948,2026-03-27T13:43:07+00:00,2026-03-28T10:32:12+00:00,Cancelled,Amazon,Amazon.de,,Standard,Spigen Tough Armor Hülle Kompatibel mit Samsung Galaxy S23 Plus 5G -Black,ACS05672PAN,B0BJSB4JTG,,Cancelled,0,,,,,,,,,,Wipperfürth,NRW,51688,DE,,False,,,,,False,
302-9982356-3089121,302-9982356-3089121,2026-03-23T22:00:21+00:00,2026-03-24T19:10:13+00:00,Shipped,Amazon,Amazon.de,,Expedited,"Spigen Glas.tR AlignMaster S Schutzfolie kompatibel mit iPhone 17 Pro, 2 Stück, Präzise Berührung, Kratzfest, 9H Härte Folie",AGL11323PAN,B0G3P27ZW2,,Shipped,1,EUR,19.99,2.71,,,,,2.52,,Rothenstein,,07751,DE,PLM-f96505a1-357a-4418-9b06-acf2e22101af,False,,,,,False,
302-4715432-4173162,302-4715432-4173162,2026-03-07T15:07:32+00:00,2026-03-07T15:07:41+00:00,Pending,Amazon,Amazon.de,,Standard,"Spigen Liquid Air für Samsung Galaxy S26 Hülle [rutschfest] Slim TPU mit Truss-Design, Militärgeprüfter Schutz, Sound Tunnel Technologie Case Hand",ACS11054PAN,B0FVB2PF8R,,Unshipped,1,EUR,16.99,,,,,,,,Grimburg,,54413,DE,,False,,,,,False,
304-2990605-1167543,304-2990605-1167543,2026-03-04T03:02:23+00:00,2026-03-05T15:57:04+00:00,Shipped,Amazon,Amazon.de,,Expedited,"Spigen Liquid Air MagFit für Samsung Galaxy S26 Ultra Hülle [rutschfest] Slim TPU mit Truss-Design, Militärgeprüfter Schutz Case Handyhülle, Komp",ACS11024PAN,B0FVBMCTG6,,Shipped,1,EUR,16.8,,16.35,,,,,,Hafnarfjörður,,220,IS,,False,,,,,False,
302-0787298-3444320,302-0787298-3444320,2026-03-01T17:59:05+00:00,2026-03-01T18:03:19+00:00,Cancelled,Amazon,Amazon.de,,Standard,"Spigen Urban Fit Hülle MacBook Pro 14 Zoll Case Kompatibel mit M5 (2025), M4 / M4 Pro / M4 Max (2024), M3 / M3 Pro / M3 Max / M2 Pro / M2 Max / M1 Pr",ACS04213PAN,B09R2KCXD2,,Cancelled,0,,,,,,,,,,Olomouc,Czech republic,77900,CZ,,False,,,,,False,
305-1380594-8223507,305-1380594-8223507,2026-03-10T08:12:50+00:00,2026-03-10T12:39:11+00:00,Shipped,Amazon,Amazon.de,,Expedited,"Spigen Glas.tR EZ Fit Optik Pro Kameraschutz kompatibel mit iPhone 17, iPhone 16, iPhone 16 Plus, 2 Stück, Schwarz, Individuelle Kameraprotektion, 9H",AGL07921PAN,B0D84T69WG,,Shipped,1,EUR,14.39,2.27,,,,,0.18,,Golchen,Mecklenburg-Vorpommern,17089,DE,DE_골라담기 상시진행 5%_iPhone 17_251002,False,,,,,False,
304-4522053-6738730,304-4522053-6738730,2026-03-02T10:18:43+00:00,2026-03-03T10:47:12+00:00,Shipped,Amazon,Amazon.de,,Standard,"Spigen Liquid Air für Samsung Galaxy S26 Hülle mit [Stoßdämpfender Schutz], leichtes TPU, Anti-Rutsch Design -Schwarz",ACS11054PAN,B0FVB2PF8R,,Shipped,1,EUR,17.28,2.7,4.65,0.81,,,1.43,,Riga,,LV-1029,LV,DE_골라담기 10%_GalaxyS26_hyomi_260225_2,False,,,,,False,
304-7271386-9524302,304-7271386-9524302,2026-03-13T22:55:57+00:00,2026-03-13T22:56:07+00:00,Pending,Amazon,Amazon.de,,Expedited,"Spigen Tough Armor (AI) MagFit für Samsung Galaxy S25 Hülle mit [Stoßdämpfendes Pad], [verstellbarem Kickstand], MagSafe kompatibel -Schwarz",ACS09008PAN,B0DJ9VF2M6,,Unshipped,1,EUR,22.94,,,,,,,,Engstingen,,72829,DE,,False,,,,,False,
304-3659642-3756367,304-3659642-3756367,2026-03-18T09:39:49+00:00,2026-03-18T21:09:45+00:00,Shipped,Amazon,Amazon.de,,Standard,"Spigen Liquid Air für Samsung Galaxy S25 Hülle mit [Stoßdämpfender Schutz], leichtes TPU, Anti-Rutsch Design -Schwarz",ACS09000PAN,B0DJ9T95PZ,,Shipped,1,EUR,13.99,2.23,1.0,0.16,,,,,Bielefeld,,33605,DE,,False,,,,,False,
305-5782398-4250761,305-5782398-4250761,2026-03-13T09:25:46+00:00,2026-03-13T12:11:14+00:00,Shipped,Amazon,Amazon.de,,Standard,"Spigen Glas.tR EZ Fit Optik Kameraschutz kompatibel mit Google Pixel 10 Pro, 2 Stück, Kristallklar, Rundumschutz, Anti-Kratzer, 9H Härte Schutzfolie",AGL09662PAN,B0FBDQ73HY,,Shipped,1,EUR,13.54,2.57,1.33,,,,0.23,1.33,Kos,Dodekanisa,85300,GR,DE_골라담기 상시진행_5%_Pixel 10 Pro / 10_250923,False,,,,,False,
303-5798269-2625908,303-5798269-2625908,2026-03-16T13:49:11+00:00,2026-03-17T08:28:54+00:00,Shipped,Amazon,Amazon.de,,Expedited,"Spigen Glas.tR EZ Fit Pro Schutzfolie kompatibel mit Samsung Galaxy Z Fold7, 2 Stück, für externe Display, Kratzfest, Hüllenfreundlich, Touch reakt",AGL09576PAN,B0F8RDXNY5,,Shipped,1,EUR,17.54,2.8,,,,,,,Göppingen,,73037,DE,,False,,,,,False,
304-5394631-1276367,304-5394631-1276367,2026-03-19T23:00:07+00:00,2026-03-20T03:20:47+00:00,Shipped,Amazon,Amazon.de,,Standard,"Spigen Glas.tR EZ Fit Optik Pro Kameraschutz kompatibel mit Samsung Galaxy S26 Ultra, 2 Stück, Schwarz, Individuelle Kameraprotektion, Anti-Kratzer,",AGL11071PAN,B0G7STMFKY,,Shipped,1,EUR,20.99,3.35,,,,,,,München,,80798,DE,,False,,,,,False,
028-6042286-6505916,028-6042286-6505916,2026-03-18T17:59:53+00:00,2026-03-19T01:17:03+00:00,Shipped,Amazon,Amazon.de,,Expedited,Spigen für iPhone 15 Pro Ultra Hybrid Hülle [Anti-Yellowing] Case Handyhülle Schutzhülle Cover Transparent Durchsichtig Dünn Slim -Crystal Clear,ACS06707PAN,B0C5S8CDT2,,Shipped,1,EUR,12.78,1.86,,,,,,,Luxembourg,Luxembourg,1845,LU,,False,,,,,False,
303-9618875-3554705,303-9618875-3554705,2026-03-17T19:31:51+00:00,2026-03-18T01:22:17+00:00,Shipped,Amazon,Amazon.de,,Expedited,"Spigen Schutzhülle für iPhone 17 Pro Max, Ultra-Hybrid, TPU-überzogene Kamerasteuerung, Vergilbungsschutz, kein Magnetring, kristallklar",ACS10033PAN,B0FD25XK76,,Shipped,1,EUR,13.1,2.18,,,,,,,Wien,,1220,AT,,False,,,,,False,
304-3286088-1375567,304-3286088-1375567,2026-03-19T16:27:16+00:00,2026-03-19T16:32:35+00:00,Cancelled,Amazon,Amazon.de,,Expedited,"Spigen Glas.tR EZ Fit Schutzfolie kompatibel mit iPhone 17 Pro, iPhone 17, iPhone 16 Pro, 2 Stück, Kratzfest, inklusive Installationskit, Kristallkla",AGL07928EUPB,B0D84YX465,,Cancelled,0,,,,,,,,,,Duisburg,,47055,DE,,False,,,,,False,
028-2753161-1221132,028-2753161-1221132,2026-03-01T19:42:42+00:00,2026-03-01T19:42:53+00:00,Pending,Amazon,Amazon.de,,Standard,Spigen Essential Cryomax MagFit Qi2.2 25W MagSafe Autohalterung mit Ladefunktion 【Peltier Kühler】 Kabelloses Ladegerät [inkl. 1m Ladekabel] Komp,ACP10511PAN,B0FPTKNYP3,,Unshipped,1,EUR,35.2,,,,,,,,Budapest,Pest,1077,HU,,False,,,,,False,
305-2813154-1317900,305-2813154-1317900,2026-03-20T23:25:43+00:00,2026-03-21T12:34:29+00:00,Pending,Amazon,Amazon.de,,Expedited,Spigen Ultra Hybrid MagFit für Samsung Galaxy S26 Ultra Hülle [Anti Vergilbung] Case Handyhülle Transparent Kompatibel mit MagSafe -Frost Black,ACS10960PAN,B0FVBKG9ZP,,Unshipped,1,EUR,24.99,,,,,,,,Hamburg,,21073,DE,DE_골라담기 10%_GalaxyS26 Ultra_hyomi_260305,False,,,,,False,
028-8614016-4903525,028-8614016-4903525,2026-03-22T15:56:09+00:00,2026-03-23T11:28:35+00:00,Shipped,Amazon,Amazon.de,,Expedited,"Spigen Armband Dynamic Shield [Ultra-Leicht] Handytasche Joggen Handy Handyhalterung Universal [Schnelltrocknend] Kompatibel mit iPhone, Samsung Galax",AMP04617PAN,B09Y8NTZ1Y,,Shipped,1,EUR,14.99,2.39,,,,,,,Kaarst,,41564,DE,,False,,,,,False,
028-9122629-4772343,028-9122629-4772343,2026-03-02T22:50:09+00:00,2026-03-02T22:53:25+00:00,Pending,Amazon,Amazon.de,,Standard,Spigen Ultra Hybrid S MagFit Hülle Kompatibel mit Samsung Galaxy S26 Ultra -Clear White,ACS11032PAN,B0FVBPTQT2,,Unshipped,1,EUR,29.99,,,,,,,,Bad Pyrmont,,31812,DE,PLM-0f843eda-34cd-415e-804c-fa1adf4c9c50,False,,,,,False,
302-4458246-6622740,302-4458246-6622740,2026-03-01T14:23:38+00:00,2026-03-01T21:52:25+00:00,Shipped,Amazon,Amazon.de,,Expedited,"Spigen Glas.tR AlignMaster S Schutzfolie kompatibel mit iPhone 17 Pro, 2 Stück, Präzise Berührung, Kratzfest, 9H Härte Folie",AGL11323PAN,B0G3P27ZW2,,Shipped,1,EUR,19.99,2.71,,,,,2.52,,Reinheim,,64354,DE,PLM-ee3dd092-03c2-4ed2-a788-52a326be3b85,False,,,,,False,
302-1254018-7843547,302-1254018-7843547,2026-03-09T10:28:17+00:00,2026-03-09T15:27:18+00:00,Shipped,Amazon,Amazon.de,,Expedited,"Spigen Liquid Air für Samsung Galaxy S26 Hülle [rutschfest] Slim TPU mit Truss-Design, Militärgeprüfter Schutz, Sound Tunnel Technologie Case Hand",ACS11054PAN,B0FVB2PF8R,,Shipped,1,EUR,16.99,2.71,,,,,,,Göttingen,,37073,DE,,False,,,,,False,
028-9461042-9439567,028-9461042-9439567,2026-03-26T09:31:18+00:00,2026-03-27T08:08:48+00:00,Shipped,Amazon,Amazon.de,,Expedited,"Spigen Glas.tR EZ Fit Pro Schutzfolie kompatibel mit Samsung Galaxy S26 Ultra, 2 Stück, inklusive Installationskit, Kratzfest, Kristallklar, 10H+ Hä",AGL11068PAN,B0G7S8J7SJ,,Shipped,1,EUR,23.99,3.45,,,,,2.02,,Sehnde,Niedersachsen,31319,DE,PLM-5ba795ed-907c-4364-a5e3-4d3b175c275e,False,,,,,False,
305-9302691-3625931,305-9302691-3625931,2026-03-22T14:13:27+00:00,2026-03-23T04:05:17+00:00,Shipped,Amazon,Amazon.de,,Expedited,Spigen Ultra Hybrid für Samsung Galaxy S26 Hülle [Anti Vergilbung] Ultra Hybrid Case Handyhülle Transparent Schutzhülle Slim Dünn -Crystal Clear,ACS11060PAN,B0FVB24LQ4,,Shipped,1,EUR,16.99,2.71,,,,,,,Osburg,Rheinland-Pfalz,54317,DE,,False,,,,,False,
028-5390928-9405166,028-5390928-9405166,2026-03-17T17:10:08+00:00,2026-03-18T01:25:07+00:00,Shipped,Amazon,Amazon.de,,Expedited,Spigen Ultra Hybrid MagFit für Samsung Galaxy S26 Ultra Hülle [Anti Vergilbung] Case Handyhülle Transparent Kompatibel mit MagSafe -Clear White,ACS10958PAN,B0FVBMVTRH,,Shipped,1,EUR,22.99,3.3,,,,,1.93,,Dahlheim,,56348,DE,06c6bffb-d944-4044-a997-93d696d89934,False,,,,,False,
302-3203406-5464363,302-3203406-5464363,2026-03-13T07:38:15+00:00,2026-03-14T15:56:32+00:00,Shipped,Amazon,Amazon.de,,Standard,"Spigen Glas.tR EZ Fit Optik Pro Kameraschutz kompatibel mit Samsung Galaxy S26, 2 Stück, Schwarz, Individuelle Kameraprotektion, Anti-Kratzer, 9H Hä",AGL11094PAN,B0G7RJH146,,Shipped,1,EUR,20.99,2.53,0.96,,,,4.29,0.96,Königs Wusterhausen,,15711,DE,"PLM-fcef7cfd-3969-458a-ab15-05ec7fba5833,DE_골라담기 10%_GalaxyS26_hyomi_260225_2",False,,,,,False,
305-9217330-9200366,305-9217330-9200366,2026-03-05T14:07:46+00:00,2026-03-05T21:36:46+00:00,Shipped,Amazon,Amazon.de,,Expedited,"Spigen Liquid Air für Samsung Galaxy S26 Ultra Hülle [rutschfest] Slim TPU mit Truss-Design, Militärgeprüfter Schutz, Sound Tunnel Technologie Cas",ACS11023PAN,B0FVB1GXJ7,,Shipped,1,EUR,16.99,2.04,,,,,3.53,,Magdeburg,Sachsen-Anhalt,39110,DE,"DE_골라담기 10%_GalaxyS26 Ultra_hyomi_260305,PLM-0f843eda-34cd-415e-804c-fa1adf4c9c50",False,,,,,False,
305-9384956-2368335,305-9384956-2368335,2026-03-02T10:15:48+00:00,2026-03-03T05:56:46+00:00,Shipped,Amazon,Amazon.de,,Expedited,"Spigen Glas.tR EZ Fit Schutzfolie für Tesla Model 3(2026-2024), Model Y Standard(2026-2025), Model Y Premium (2025), inkl. Installationsset, 15,4 Zol",AGL07152PAN,B0CHV4WP2C,,Shipped,2,EUR,83.98,13.4,,,,,,,Straubenhardt,,75334,DE,,False,,,,,False,
303-8101866-7521164,303-8101866-7521164,2026-03-29T12:20:51+00:00,2026-03-29T12:23:02+00:00,Pending,Amazon,Amazon.de,,Expedited,"Spigen Glas.tR EZ Fit Schutzfolie kompatibel mit iPhone 17 Pro, iPhone 17, iPhone 16 Pro, 2 Stück, Kratzfest, inklusive Installationskit, Kristallkla",AGL07928EUPB,B0D84YX465,,Unshipped,1,EUR,14.28,,,,,,,,Citywest,Dublin,D24V638,IE,,True,,Ibec,,,False,
303-1643838-9005117,303-1643838-9005117,2026-03-23T08:48:47+00:00,2026-03-23T08:48:56+00:00,Pending,Amazon,Amazon.de,,Standard,"Spigen Tesla Model Y (~2024) Vordere Kofferraummatte, Stoßfestes XPE-Material zum Schutz der Innenfächer, wasserdichte Oberfläche Kofferraumwanne f",ACP06529PAN,B0C76V5M1N,,Unshipped,1,EUR,42.35,,,,,,,,Sofia,Bulgaria,1000,BG,3f717c38-02f5-4be5-b217-80b5c267b28f,False,,,,,False,
303-3327271-1035559,303-3327271-1035559,2026-03-05T14:58:58+00:00,2026-03-06T01:56:58+00:00,Shipped,Amazon,Amazon.de,,Expedited,Spigen iPhone 17 Hülle [Spigen Signature] Ultra Hybrid MagFit Case Handyhülle Transparent Kompatibel mit MagSafe -Frost Black,ACS10085PAN,B0FD2P1ZRC,,Shipped,1,EUR,20.99,3.35,9.99,1.6,,,,,Twistringen,Niedersachsen,27239,DE,,False,,,,,False,
306-6324479-5268361,306-6324479-5268361,2026-03-24T12:54:27+00:00,2026-03-24T21:38:10+00:00,Shipped,Amazon,Amazon.de,,Expedited,"Spigen Thin Fit MagFit Hülle für Samsung Galaxy S25 Ultra, Kompatibel mit MagSafe -Schwarz",ACS08946PAN,B0DJ9VHQDX,,Shipped,1,EUR,22.99,3.3,,,,,1.93,,Braunschweig,,38100,DE,edb43e0e-9ebb-47b9-bebf-491011c5b779,False,,,,,False,
306-6537094-0102745,306-6537094-0102745,2026-03-19T08:13:37+00:00,2026-03-19T08:13:46+00:00,Pending,Amazon,Amazon.de,,Standard,"Spigen Valentinus MagFit MagSafe Kartenhalter 3-Karten Kompatibel mit iPhone 17/16/15, andere MagSafe-Modelle und Google Pixel 10-Serie mit Pixelsnap",AFA05760PAN,B0BGJT615B,,Unshipped,1,EUR,20.16,,,,,,,,Zagreb,Zagreb,10000,HR,,False,,,,,False,
306-6134102-2933931,306-6134102-2933931,2026-03-15T12:08:29+00:00,2026-03-16T01:06:41+00:00,Shipped,Amazon,Amazon.de,,Expedited,"Spigen Glas.tR EZ Fit Schutzfolie kompatibel mit iPhone 17 Pro, iPhone 17, iPhone 16 Pro, 2 Stück, Kratzfest, inklusive Installationskit, Kristallkla",AGL07928EUPB,B0D84YX465,,Shipped,1,EUR,15.19,2.37,,,,,0.31,,Hamburg,,22143,DE,DE_골라담기 상시진행 5%_iPhone 17_251002,False,,,,,False,
304-7822324-5638752,304-7822324-5638752,2026-03-07T23:42:26+00:00,2026-03-08T22:18:36+00:00,Shipped,Amazon,Amazon.de,,Expedited,"Spigen Schutzhülle für iPhone 17 Pro, Ultra-Hybrid, TPU-überzogene Kamerasteuerung, Anti-Vergilbung, kein Magnetring, Kristallklar",ACS10064PAN,B0FD2GGXR5,,Shipped,1,EUR,12.99,2.07,,,,,,,Gauting,,82131,DE,,False,,,,,False,
303-3913986-5438764,303-3913986-5438764,2026-03-23T15:33:36+00:00,2026-03-24T01:48:00+00:00,Shipped,Amazon,Amazon.de,,Expedited,Spigen Liquid Air Hülle für Samsung Galaxy A56 5G [Anti-Rutsch] Militärschutz Handyhülle mit Stoßfesten Schutzecken Case - Matte Black,ACS09291PAN,B0DQ64HR5T,,Shipped,1,EUR,13.99,2.01,,,,,1.18,,Bitterfeld-Wolfen OT Bobbau,Sachsen-Anhalt,06766,DE,b4df96f5-0474-454d-ae22-586dd39927bf,False,,,,,False,
304-2131723-7287513,304-2131723-7287513,2026-03-31T17:12:24+00:00,2026-04-01T02:45:10+00:00,Shipped,Amazon,Amazon.de,,Expedited,"Spigen Glas.tR EZ Fit Hartglas, kompatibel mit Samsung Galaxy S23, 2 Stück, kratzfest, 9H Displayschutz",AGL05958EUP,B0BMFLX891,,Shipped,1,EUR,22.99,3.67,,,,,,,Rodenbach,,67688,DE,,False,,,,,False,
303-9099418-0692366,303-9099418-0692366,2026-03-06T10:40:30+00:00,2026-03-06T14:27:25+00:00,Shipped,Amazon,Amazon.de,,Expedited,"Spigen Nano Pop MagFit für Samsung Galaxy S26 Hülle [Zweifarbiges Design] Stylisch Dünn Staubfrei Case Handyhülle, Kompatibel mit MagSafe -Blueber",ACS11065PAN,B0FVBFXHSW,,Shipped,1,EUR,23.99,2.88,,,,,4.99,,Marklohe,,31608,DE,"DE_골라담기 10%_GalaxyS26_hyomi_260225_2,PLM-0f843eda-34cd-415e-804c-fa1adf4c9c50",False,,,,,False,
028-6180538-2950737,028-6180538-2950737,2026-03-23T22:30:50+00:00,2026-03-24T04:56:15+00:00,Shipped,Amazon,Amazon.de,,Expedited,"Spigen Glas.tR AlignMaster S Schutzfolie kompatibel mit iPhone 17 Pro, 2 Stück, Präzise Berührung, Kratzfest, 9H Härte Folie",AGL11323PAN,B0G3P27ZW2,,Shipped,1,EUR,19.99,2.71,,,,,2.52,,büttelborn,Hessen,64572,DE,PLM-f96505a1-357a-4418-9b06-acf2e22101af,False,,,,,False,
303-5165167-4381107,303-5165167-4381107,2026-03-25T15:56:21+00:00,2026-03-26T12:37:00+00:00,Shipped,Amazon,Amazon.de,,Expedited,"Spigen Glas.tR EZ Fit Pro Anti-Reflex Schutzfolie kompatibel mit Samsung Galaxy S26 Ultra, 2 Stück, inklusive Installationskit, Kratzfest, Kristallkl",AGL11069PAN,B0G877D436,,Shipped,1,EUR,27.99,3.83,,,,,3.36,,Lohfelden,,34253,DE,"DE_골라담기 10%_GalaxyS26 Ultra_hyomi_260305,PLM-5ba795ed-907c-4364-a5e3-4d3b175c275e",False,,,,,False,
303-5278927-8714752,303-5278927-8714752,2026-03-01T19:56:18+00:00,2026-03-01T19:56:28+00:00,Pending,Amazon,Amazon.de,,Expedited,Spigen Ultra Hybrid Hülle Kompatibel mit Samsung Galaxy S25 Ultra -Crystal Clear,ACS08961PAN,B0DJ9TJYT9,,Unshipped,1,EUR,18.99,,,,,,,,Heidelberg,,69115,DE,,False,,,,,False,
028-6029462-7521913,028-6029462-7521913,2026-03-07T22:00:35+00:00,2026-03-07T22:00:44+00:00,Pending,Amazon,Amazon.de,,Standard,Spigen Dual Grip Hülle Kompatibel mit Nintendo Switch 2 2025 Case Zubehör - Schwarz,ACS09310PAN,B0DQ67JGXW,,Unshipped,1,EUR,20.16,,,,,,,,Villach,,9500,AT,a89f705b-e111-4510-a95f-814ccf692511,False,,,,,False,
306-7431446-2424332,306-7431446-2424332,2026-03-21T21:58:06+00:00,2026-03-21T21:58:14+00:00,Pending,Amazon,Amazon.de,,Expedited,Spigen iPhone 17 Pro Max Hülle [Spigen Premium Qualität] [2025 Upgrade Kamerasteuerung] Enzo Aramid T MagFit Case [Kevlar 1500D] Dünn Slim Stoßfes,ACS09906PAN,B0FD1X2Y3D,,Unshipped,1,EUR,39.99,,,,,,,,München,,80333,DE,,False,,,,,False,
306-4536746-4688308,306-4536746-4688308,2026-03-13T07:38:23+00:00,2026-03-14T01:40:10+00:00,Shipped,Amazon,Amazon.de,,Expedited,"Spigen Tough Armor (AI) MagFit Hülle für Google Pixel 10 und Pixel 10 Pro, Kompatibel Mit Pixelsnap und MagSafe [2025 Neue Funktion] -Abyss Green",ACS09707PAN,B0F49G682D,,Shipped,1,EUR,21.24,3.31,,,,,0.42,,Stolzenau,,31592,DE,DE_골라담기 상시진행_5%_Pixel 10 Pro / 10_250923,False,,,,,False,
028-3371313-7898723,028-3371313-7898723,2026-03-22T16:49:31+00:00,2026-03-23T22:47:54+00:00,Shipped,Amazon,Amazon.de,,Expedited,"Spigen Liquid Air MagFit Hülle für Google Pixel 10 Pro XL, Kompatibel Mit Pixelsnap und MagSafe [2025 Neue Funktion] [Made for Google] -Schwarz",ACS09718PAN,B0F497T8NG,,Shipped,1,EUR,19.99,3.19,,,,,,,Steinberg,Bayern,84163,DE,,False,,,,,False,
304-8265856-3977903,304-8265856-3977903,2026-03-08T11:48:26+00:00,2026-03-09T19:50:46+00:00,Shipped,Amazon,Amazon.de,,Expedited,"Spigen Tesla Model Y 2025 2026 Juniper 3 Highland 2024 2025, Aufbewahrungsbox unter dem Bildschirm, Tablet Organizer Box Tablet Halterung für Tesla M",ACP08373PAN,B0D7N5CB6X,,Shipped,1,EUR,45.99,7.34,,,,,,,Wollmerath,,56826,DE,,False,,,,,False,
305-2112800-9096344,305-2112800-9096344,2026-03-12T10:07:41+00:00,2026-03-13T00:40:28+00:00,Shipped,Amazon,Amazon.de,,Expedited,Spigen iPhone 17 Pro Hülle [Spigen Signature] Ultra Hybrid MagFit Case Handyhülle Transparent Kompatibel mit MagSafe -Frost Black,ACS10069PAN,B0FD1RNHHL,,Shipped,1,EUR,13.59,2.17,,,,,,,Pfaffenweiler,,79292,DE,,False,,,,,False,
306-6092056-3375520,306-6092056-3375520,2026-03-24T12:43:03+00:00,2026-03-25T22:54:44+00:00,Shipped,Amazon,Amazon.de,,Standard,"Spigen Glas.tR EZ Fit Pro Anti-Reflex Schutzfolie kompatibel mit Samsung Galaxy S26 Ultra, 2 Stück, inklusive Installationskit, Kratzfest, Kristallkl",AGL11069PAN,B0G877D436,,Shipped,1,EUR,28.46,4.24,3.5,0.61,,,3.35,,ALMERE,Flevoland,1339KD,NL,"PLM-5ba795ed-907c-4364-a5e3-4d3b175c275e,DE_골라담기 10%_GalaxyS26 Ultra_hyomi_260305",False,,,,,False,
302-0511315-0784364,302-0511315-0784364,2026-03-08T11:44:23+00:00,2026-03-08T21:14:19+00:00,Shipped,Amazon,Amazon.de,,Expedited,Spigen Liquid Air Hülle Kompatibel mit Samsung Galaxy S23 5G -Schwarz,ACS05712PAN,B0BJRJX8Z4,,Shipped,1,EUR,16.0,2.55,,,,,,,Göttingen,Niedersachsen,37081,DE,,False,,,,,False,
305-1316336-6614727,305-1316336-6614727,2026-03-29T09:33:35+00:00,2026-03-30T07:45:44+00:00,Shipped,Amazon,Amazon.de,,Expedited,"Spigen Glas.tR EZ Fit Schutzfolie kompatibel mit iPhone 16, iPhone 15, 2 Stück, Kratzfest, 9H Härte Folie",AGL06903EUPC,B0C9RX4MLV,,Shipped,1,EUR,18.99,3.03,,,,,,,Greven,,48268,DE,,False,,,,,False,
305-6333554-3302704,305-6333554-3302704,2026-03-28T11:31:11+00:00,2026-03-28T11:33:53+00:00,Cancelled,Amazon,Amazon.de,,Expedited,"Spigen Rugged Armor MagFit Hülle für Google Pixel 9a, Kompatibel mit MagSafe -Matte Black",ACS09041PAN,B0DJCKXKPH,,Cancelled,0,,,,,,,,,,Heddesheim,Baden-Württemberg,68542,DE,,False,,,,,False,
304-9401950-0651530,304-9401950-0651530,2026-03-15T21:45:27+00:00,2026-03-16T14:09:09+00:00,Shipped,Amazon,Amazon.de,,Expedited,"Spigen Liquid Air für Samsung Galaxy S25 Hülle mit [Stoßdämpfender Schutz], leichtes TPU, Anti-Rutsch Design -Schwarz",ACS09000PAN,B0DJ9T95PZ,,Shipped,1,EUR,11.89,1.9,,,,,,,Jüterbog,,14913,DE,,False,,,,,False,
305-3633538-4185156,305-3633538-4185156,2026-03-16T09:58:04+00:00,2026-03-17T09:09:05+00:00,Shipped,Amazon,Amazon.de,,Expedited,Spigen iPhone 17 Pro Hülle [2025 Upgrade Kamerasteuerung] Ultra Hybrid T MagFit [Dura Clear Tech] Case Handyhülle Transparent Kompatibel mit MagSafe,ACS10077PAN,B0FD21GLV5,,Shipped,1,EUR,21.42,3.57,,,,,,,Stephanshart,,3321,AT,,False,,,,,False,
302-2844651-2777938,302-2844651-2777938,2026-03-29T18:45:46+00:00,2026-03-30T06:29:43+00:00,Shipped,Amazon,Amazon.de,,Standard,Spigen Rugged Armor Hülle Kompatibel mit Sony WF-1000XM5 (2023) - Matt Schwarz,ACS07086PAN,B0CHGKS7HG,,Shipped,1,EUR,18.99,2.73,,,,,1.6,,Weimar,,99425,DE,edb43e0e-9ebb-47b9-bebf-491011c5b779,False,,,,,False,
028-8876207-7742718,028-8876207-7742718,2026-03-14T09:42:26+00:00,2026-03-14T09:42:34+00:00,Pending,Amazon,Amazon.de,,Expedited,"Spigen Optik Armor für Samsung Galaxy S25 Ultra Hülle mit [Objektivschutz], [Air Cushion Tech] und Anti-Rutsch Design -Abyss Green",ACS08970PAN,B0DJ9SZVBL,,Unshipped,1,EUR,18.69,,,,,,,,Stade,Niedersachsen,21684,DE,,False,,,,,False,
028-2638387-6033100,028-2638387-6033100,2026-03-02T04:14:08+00:00,2026-03-03T01:58:15+00:00,Shipped,Amazon,Amazon.de,,Expedited,Spigen Air Skin Aramid MagFit Hülle Kompatibel mit Samsung Galaxy S26 Ultra -Schwarz,ACS11029PAN,B0FVB22GHK,,Shipped,1,EUR,43.99,5.97,,,,,5.55,,Kuchen,,73329,DE,PLM-0f843eda-34cd-415e-804c-fa1adf4c9c50,False,,,,,False,
302-3088031-1639545,302-3088031-1639545,2026-03-11T13:43:40+00:00,2026-03-12T07:15:39+00:00,Shipped,Amazon,Amazon.de,,Standard,"Spigen Glas.tR EZ Fit Schutzfolie kompatibel mit iPhone 17 Pro, iPhone 17, iPhone 16 Pro, 2 Stück, Kratzfest, inklusive Installationskit, Kristallkla",AGL07928EUPB,B0D84YX465,,Shipped,2,EUR,30.62,4.98,1.11,,,,0.65,1.11,Wien,,1140,AT,DE_골라담기 상시진행 5%_iPhone 17_251002,False,,,,,False,
028-4258285-4824355,028-4258285-4824355,2026-03-24T12:56:31+00:00,2026-03-25T13:23:30+00:00,Shipped,Amazon,Amazon.de,,Standard,"Spigen Glas.tR Slim Schutzfolie kompatibel mit Tesla Model 3(2026-2024), Model Y(2026/2025) Für Hinten Display, 8 Zoll, Blendschutz, Anti-Fingerabdru",AGL07586PAN,B0CS1DQPR9,,Shipped,1,EUR,27.9,5.22,2.77,0.52,,,,,Rathkeale,Limerick,V94 R68N,IE,,False,,,,,False,
303-7359330-6389917,303-7359330-6389917,2026-03-01T20:05:40+00:00,2026-03-02T14:41:19+00:00,Shipped,Amazon,Amazon.de,,Standard,"Spigen Schutzhülle für iPhone 17 Pro Max, Ultra-Hybrid, TPU-überzogene Kamerasteuerung, Vergilbungsschutz, kein Magnetring, kristallklar",ACS10033PAN,B0FD25XK76,,Shipped,1,EUR,12.99,2.07,2.0,0.32,,,,,Heidelberg,,69118,DE,,False,,,,,False,
028-3349143-0137102,028-3349143-0137102,2026-03-13T08:11:16+00:00,2026-03-13T08:11:27+00:00,Pending,Amazon,Amazon.de,,Standard,"Spigen Glas.tR EZ Fit Schutzglas kompatibel mit iPad Air 13 Zoll M4(2026), M3(2025), Zoll M2(2024), 1. Generation, Installationsschablone, Kristallkla",AGL07803PAN,B0CWSH8F9L,,Unshipped,1,EUR,23.78,,,,,,,,Freienfeld,BZ,39040,IT,,False,,,,,False,
303-4269464-1705916,303-4269464-1705916,2026-03-04T19:28:56+00:00,2026-03-04T23:16:55+00:00,Shipped,Amazon,Amazon.de,,Expedited,"Spigen Glas.tR EZ Fit Pro Schutzfolie kompatibel mit Samsung Galaxy S26 Plus, 2 Stück, inklusive Installationskit, Kratzfest, Kristallklar, 10H+ Här",AGL11079PAN,B0G7RD3G98,,Shipped,1,EUR,24.19,3.21,,,,,4.1,,Innsbruck,,6020,AT,"DE_골라담기 10%_GalaxyS26 Plus_hyomi_260225_2,PLM-03368c6e-208f-4ebc-9ad4-f82535855c78",False,,,,,False,
304-1785778-7380343,304-1785778-7380343,2026-03-10T04:15:02+00:00,2026-03-11T21:23:41+00:00,Shipped,Amazon,Amazon.de,,Standard,Spigen Joy-Con Controller Grip NS100 Kompatibel mit Nintendo Switch 2 Joy-Con (2025) 2 Stück - Schwarz,AGP10162PAN,B0FCZLWVMQ,,Shipped,2,EUR,22.84,,,,,,0.57,,Helgoland,,27498,DE,DE_골라담기_3차_5%_Nintendo Switch 2_chaeeun_250106,False,,,,,False,
303-0452232-1809947,303-0452232-1809947,2026-03-11T21:55:28+00:00,2026-03-12T03:52:41+00:00,Shipped,Amazon,Amazon.de,,Expedited,Spigen Rugged Armor Hülle Kompatibel mit Sony Xperia 10 VII -Matte Black,ACS09592PAN,B0F22KK63Q,,Shipped,1,EUR,12.74,2.03,,,,,,,Mühlhausen/thüringen,,99974,DE,,False,,,,,False,
303-8316108-3258757,303-8316108-3258757,2026-03-05T16:45:36+00:00,2026-03-05T16:45:45+00:00,Pending,Amazon,Amazon.de,,Standard,Spigen Ultra Hybrid für Samsung Galaxy S26 Ultra Hülle [Anti Vergilbung] Ultra Hybrid Case Handyhülle Transparent Schutzhülle Slim Dünn -Crystal,ACS11030PAN,B0FVBFT41L,,Unshipped,1,EUR,16.99,,,,,,,,Daleiden,Rheinland-Pfalz,54689,DE,PLM-0f843eda-34cd-415e-804c-fa1adf4c9c50,False,,,,,False,
305-3501912-6121132,305-3501912-6121132,2026-03-09T12:33:19+00:00,2026-03-10T01:39:22+00:00,Shipped,Amazon,Amazon.de,,Expedited,Spigen iPhone 17 Hülle [Spigen Signature] Ultra Hybrid MagFit [Dura Clear Tech] Case Handyhülle Transparent Kompatibel mit MagSafe -Clear White,ACS10082PAN,B0FD2K58MF,,Shipped,1,EUR,19.99,3.11,,,,,0.41,,Augsburg,,86157,DE,DE_골라담기 상시진행 5%_iPhone 17_251002,False,,,,,False,
303-6292564-1425141,303-6292564-1425141,2026-03-11T15:51:48+00:00,2026-03-11T15:54:08+00:00,Cancelled,Amazon,Amazon.de,,Standard,"Spigen Liquid Crystal Hülle für AirPods Pro 3. Generation (2025), TPU-Schutzhülle mit silbernem Lanyard - Kristallklar",ACS10019PAN,B0FCV9SC23,,Cancelled,0,,,,,,,,,,Brunnen,,6440,CH,,False,,,,,False,
305-6895670-5417105,305-6895670-5417105,2026-03-23T15:34:35+00:00,2026-03-24T12:15:26+00:00,Shipped,Amazon,Amazon.de,,Standard,"Spigen Glas.tR EZ Fit Schutzfolie kompatibel mit Google Pixel 10 Pro XL, Pixel 9 Pro XL, 2 Stück, Kratzfest, inklusive Installationskit, Kristallklar",AGL08445EUP,B0D854KDG3,,Shipped,1,EUR,22.99,3.67,1.99,0.32,,,,,Großbeeren,,14979,DE,,False,,,,,False,
303-9255893-3312317,303-9255893-3312317,2026-03-14T12:12:42+00:00,2026-03-15T07:19:32+00:00,Shipped,Amazon,Amazon.de,,Expedited,Spigen iPhone 17 Pro Max Hülle [Spigen Signature] Ultra Hybrid MagFit [Dura Clear Tech] Case Handyhülle Transparent Kompatibel mit MagSafe -Clear Wh,ACS10035PAN,B0FD1TT96X,,Shipped,1,EUR,11.99,1.91,,,,,,,Schneeberg,,08289,DE,,False,,,,,False,
303-7590330-2787567,303-7590330-2787567,2026-03-14T18:04:05+00:00,2026-03-15T15:00:13+00:00,Pending,Amazon,Amazon.de,,Expedited,Spigen Tough Armor Hülle Kompatibel mit iPhone XR -Schwarz,064CS24876PAN,B07GJKQC4R,,Unshipped,1,EUR,19.46,3.11,,,,,,,Dresden,,01127,DE,,False,,,,,False,
305-3060848-1310753,,2026-03-03T09:45:34+00:00,2026-03-03T17:20:59+00:00,Pending,Merchant,Amazon.de,WebsiteOrderChannel,Standard,"Spigen DA30S-LS Handykette [Retro Macintosh Design]- Premium Monotone Stone Design, Sicherer Verschluss, Anti-Diebstahl & Anti-Verlust Handschlaufe für Smartphones - Stone",AFA10617PAN,B0FRB7G4K1,1.0,Unshipped,1,EUR,14.99,2.27,,,,,0.63,,Marktschellenberg,,83487,DE,PLM-60d26af6-6ae6-4f9a-995b-8f4985b947b9,False,,,,,False,
304-0127686-4654777,304-0127686-4654777,2026-03-26T20:16:54+00:00,2026-03-26T20:17:04+00:00,Pending,Amazon,Amazon.de,,Expedited,Spigen Ultra Hybrid für Google Pixel 10a Hülle [Anti Vergilbung] Ultra Hybrid Case Handyhülle Transparent Schutzhülle Slim Dünn -Crystal Clear,ACS11279PAN,B0FZPY2FT6,,Unshipped,1,EUR,16.99,,,,,,,,Dresden,Sachsen,01159,DE,e921def6-1f7c-49bd-bd55-5f501eff70da,False,,,,,False,
306-1963800-7422720,306-1963800-7422720,2026-03-25T20:48:56+00:00,2026-03-26T02:24:45+00:00,Shipped,Amazon,Amazon.de,,Expedited,Spigen iPhone 17 Pro Max Hülle [Spigen Signature] Ultra Hybrid MagFit [Dura Clear Tech] Case Handyhülle Transparent Kompatibel mit MagSafe -Clear Wh,ACS10035PAN,B0FD1TT96X,,Shipped,1,EUR,15.99,2.29,,,,,1.34,,Werl,,59457,DE,e921def6-1f7c-49bd-bd55-5f501eff70da,False,,,,,False,
304-4063469-7072303,304-4063469-7072303,2026-03-08T10:21:12+00:00,2026-03-09T02:17:15+00:00,Shipped,Amazon,Amazon.de,,Expedited,"Spigen Glas.tR EZ Fit Optik Kameraschutz kompatibel mit Google Pixel 8a, 2 Stück, Kristallklar, Anti-Kratzer, 9H Härte Schutzfolie",AGL07465EUP,B0CT653JFV,,Shipped,1,EUR,14.99,2.39,,,,,,,Dresden,Sachsen,01277,DE,,False,,,,,False,
303-3973333-1926744,303-3973333-1926744,2026-03-07T07:54:33+00:00,2026-03-08T14:48:34+00:00,Shipped,Amazon,Amazon.de,,Expedited,"Spigen Glas.tR EZ Fit Sichtschutz Schutzfolie kompatibel mit iPhone 17 Pro, iPhone 17, iPhone 16 Pro, 2 Stück, Privacy Schutz, inklusive Installation",AGL07929EUPA,B0D84JFDCB,,Shipped,1,EUR,23.99,3.74,,,,,0.45,,Alsbach,,56237,DE,DE_골라담기 상시진행 5%_iPhone 17_251002,False,,,,,False,
302-7403703-5821157,302-7403703-5821157,2026-03-09T19:44:46+00:00,2026-03-10T22:50:13+00:00,Shipped,Amazon,Amazon.de,,Expedited,"Spigen Liquid Air für Samsung Galaxy S26 Ultra Hülle [rutschfest] Slim TPU mit Truss-Design, Militärgeprüfter Schutz, Sound Tunnel Technologie Cas",ACS11023PAN,B0FVB1GXJ7,,Shipped,1,EUR,16.99,2.71,,,,,,,München,,81829,DE,,False,,,,,False,
303-9685199-9580346,303-9685199-9580346,2026-03-27T01:23:42+00:00,2026-03-27T23:06:06+00:00,Shipped,Amazon,Amazon.de,,Expedited,Spigen Essential 15W MagSafe Ladegerät Charger [inkl. 60W USB-C Kabel] Magnetische Kabellose Ladestation für iPhone 17e 17 Pro Max & MagSafe Hüllen,ACH10441PAN,B0GJZZRMJF,,Shipped,1,EUR,17.99,2.87,,,,,,,Tuttlingen,Baden-Württemberg,78532,DE,,False,,,,,False,
302-0487721-7169127,302-0487721-7169127,2026-03-29T18:47:04+00:00,2026-03-29T18:47:12+00:00,Pending,Amazon,Amazon.de,,Standard,Spigen Liquid Air Hülle Kompatibel mit Samsung Galaxy Watch 7 40mm (2024) - Matt Schwarz,ACS07899PAN,B0D4G43WY2,,Unshipped,1,EUR,15.99,,,,,,,,Zerbst/Anhalt,,39261,DE,3f717c38-02f5-4be5-b217-80b5c267b28f,False,,,,,False,
304-3956927-3193114,304-3956927-3193114,2026-03-09T17:41:22+00:00,2026-03-10T02:18:16+00:00,Shipped,Amazon,Amazon.de,,Expedited,"Spigen Glas.tR EZ Fit Pro Schutzfolie kompatibel mit Samsung Galaxy S26 Ultra, 2 Stück, inklusive Installationskit, Kratzfest, Kristallklar, 10H+ Hä",AGL11068PAN,B0G7S8J7SJ,,Shipped,1,EUR,24.19,3.63,,,,,2.02,,Passail,,8162,AT,DE_골라담기 10%_GalaxyS26 Ultra_hyomi_260305,False,,,,,False,
306-6358743-2787524,306-6358743-2787524,2026-03-30T18:45:59+00:00,2026-03-30T18:47:19+00:00,Pending,Amazon,Amazon.de,,Expedited,Spigen Slim Armor CS Hülle Kompatibel mit Google Pixel 7 Pro -Schwarz,ACS04731PAN,B09YMCD3NS,,Unshipped,1,EUR,20.99,,,,,,,,Fürth,,90766,DE,,False,,,,,False,
305-6932036-5184308,305-6932036-5184308,2026-03-18T11:18:24+00:00,2026-03-18T21:57:39+00:00,Shipped,Amazon,Amazon.de,,Expedited,"Spigen Glas.tR EZ Fit Schutzfolie kompatibel mit Samsung Galaxy S24 Ultra, 2 Stück, Kratzfest, Kristallklar, 9H Härte Folie",AGL07493EUP,B0CP32NCGL,,Shipped,1,EUR,23.99,3.45,,,,,2.02,,Ludwigsburg,,71636,DE,e921def6-1f7c-49bd-bd55-5f501eff70da,False,,,,,False,
028-8589427-8993969,028-8589427-8993969,2026-03-06T13:17:38+00:00,2026-03-06T16:00:17+00:00,Shipped,Amazon,Amazon.de,,Standard,"Spigen iPhone 17 Pro Hülle [rutschfest] [DURCHDACHTE Details] Liquid Air Case Slim TPU mit Truss-Design, Militärgeprüfter Schutz, Sound Tunnel Tech",ACS09942PAN,B0FD2HG9F4,,Shipped,1,EUR,16.26,2.79,1.2,0.21,,,0.17,,ILLETES (SES),Baleares,07181,ES,"DE_골라담기 상시진행 5%_Apple Watch 11 46mm_251002,DE_골라담기 상시진행 5%_Apple Watch Ultra 3_251002,DE_골라담기 상시진행 5%_Apple Watch 11 42mm_251002",False,,,,,False,
303-3862366-4369926,303-3862366-4369926,2026-03-11T08:00:37+00:00,2026-03-12T09:33:56+00:00,Shipped,Amazon,Amazon.de,,Standard,"Spigen Glas.tR EZ Fit Sichtschutz Schutzfolie kompatibel mit iPhone 17 Pro Max, iPhone 16 Pro Max, 2 Stück, Privacy Schutz, inklusive Installationski",AGL07908EUPA,B0D84JFDCS,,Shipped,1,EUR,19.19,3.06,,,,,,,Neu-Ulm,,89231,DE,,True,,Zuken E3 GmbH,,,False,
302-6552150-7339518,302-6552150-7339518,2026-03-14T21:20:41+00:00,2026-03-15T20:56:18+00:00,Shipped,Amazon,Amazon.de,,Expedited,Spigen Rugged Armor Hülle Kompatibel mit Google Pixel 8 Pro -Schwarz,ACS06314PAN,B0BZ5VLZY6,,Shipped,1,EUR,12.96,2.25,,,,,,,Gent,oostvlaanderen,9040,BE,,False,,,,,False,
304-3388753-1345945,304-3388753-1345945,2026-03-11T20:03:07+00:00,2026-03-12T00:00:04+00:00,Shipped,Amazon,Amazon.de,,Expedited,Spigen Ultra Hybrid Hülle Kompatibel mit Nothing Phone (3a) -Space Crystal,ACS09373PAN,B0DV62HC7M,,Shipped,1,EUR,14.44,2.31,,,,,,,Ludwigshafen am Rhein,Rheinland-Pfalz,67063,DE,,False,,,,,False,
028-8819191-1935541,028-8819191-1935541,2026-03-07T13:51:04+00:00,2026-03-08T22:42:49+00:00,Shipped,Amazon,Amazon.de,,Expedited,Spigen Rugged Armor Hülle Kompatibel mit Samsung Galaxy Buds 4 Pro/Buds 4 (2026) - Matt Schwarz,ACS11200PAN,B0G7ML9BVQ,,Shipped,1,EUR,20.99,3.35,,,,,,,Taucha,,04425,DE,,False,,,,,False,
302-6321269-0987519,302-6321269-0987519,2026-03-07T11:33:36+00:00,2026-03-08T22:53:57+00:00,Shipped,Amazon,Amazon.de,,Expedited,"Spigen iPhone 17 Hülle [rutschfest] [DURCHDACHTE Details] Liquid Air Case Slim TPU mit Truss-Design, Militärgeprüfter Schutz, Sound Tunnel Technolo",ACS09978PAN,B0FD2HGY7X,,Shipped,1,EUR,15.99,2.55,,,,,,,Tamm,,71732,DE,,False,,,,,False,
305-7043658-9449156,305-7043658-9449156,2026-03-07T12:36:45+00:00,2026-03-08T08:12:40+00:00,Shipped,Amazon,Amazon.de,,Expedited,"Spigen Glas.tR EZ Fit Pro Schutzfolie kompatibel mit Samsung Galaxy S26, 2 Stück, inklusive Installationskit, Kratzfest, Kristallklar, 10H+ Härte Fo",AGL11091PAN,B0G7QZ7RMD,,Shipped,1,EUR,23.99,3.08,,,,,3.92,,Osnabrück,,49076,DE,"DE_골라담기 10%_GalaxyS26_hyomi_260225_2,PLM-03368c6e-208f-4ebc-9ad4-f82535855c78",False,,,,,False,
302-9870925-7280353,302-9870925-7280353,2026-03-19T07:59:15+00:00,2026-03-20T01:54:27+00:00,Shipped,Amazon,Amazon.de,,Expedited,Spigen Ultra Hybrid für Samsung Galaxy S26 Plus Hülle [Anti Vergilbung] Ultra Hybrid Case Handyhülle Transparent Schutzhülle Slim Dünn -Crystal C,ACS11049PAN,B0FV9RK8P8,,Shipped,1,EUR,14.26,,,,,,,,Altenahr,RLP,53505,DE,,True,Business Price,Elektro- und Kommunikationstechnik Knieps,,,False,
028-5458629-9461968,028-5458629-9461968,2026-03-28T22:30:03+00:00,2026-03-29T10:28:17+00:00,Shipped,Amazon,Amazon.de,,Standard,"Spigen Glas.tR EZ Fit Schutzfolie kompatibel mit Samsung Galaxy S25, Galaxy S24, 2 Stück, Kratzfest, Kristallklar, 9H Härte Folie",AGL07438EUPA,B0CN8PRJW4,,Shipped,1,EUR,21.79,1.63,3.23,,,,,3.23,Schlatt TG,,8252,CH,,False,,,,,False,
304-2536682-2058736,304-2536682-2058736,2026-03-18T20:16:36+00:00,2026-03-19T03:52:09+00:00,Shipped,Amazon,Amazon.de,,Expedited,Spigen Liquid Crystal Hülle Kompatibel mit Samsung Galaxy A36 5G -Crystal Clear,ACS09167PAN,B0DKR8DY9W,,Shipped,1,EUR,13.99,2.23,,,,,,,Friedeburg,Niedersachsen,26446,DE,,False,,,,,False,
306-1792401-0932347,306-1792401-0932347,2026-03-11T21:41:26+00:00,2026-03-11T21:44:45+00:00,Cancelled,Amazon,Amazon.de,,Expedited,"Spigen Ultra Hybrid MagFit für Samsung Galaxy S26 Ultra Hülle [Neo One Edition] [Hightech-Design] Case Handyhülle, Kompatibel mit MagSafe Zubehör",ACS10963PAN,B0FVBKD8N9,,Cancelled,0,,,,,,,,,,Bad Kreuznach,,55543,DE,,False,,,,,False,
304-4830714-0927514,304-4830714-0927514,2026-03-30T15:44:10+00:00,2026-03-30T15:44:18+00:00,Pending,Amazon,Amazon.de,,Expedited,"Spigen Liquid Air für Samsung Galaxy S25 Hülle mit [Stoßdämpfender Schutz], leichtes TPU, Anti-Rutsch Design -Schwarz",ACS09000PAN,B0DJ9T95PZ,,Unshipped,1,EUR,13.99,,,,,,,,Leipzig,,04229,DE,,False,,,,,False,
306-4030619-3399508,306-4030619-3399508,2026-03-01T15:06:50+00:00,2026-03-02T00:40:35+00:00,Shipped,Amazon,Amazon.de,,Expedited,"Spigen Schutzhülle für iPhone 17, Ultra-Hybrid, TPU-überzogene Kamerasteuerung, Vergilbungsschutz, kein Magnetring, Kristallklar",ACS10080PAN,B0FD2CC4QZ,,Shipped,1,EUR,12.99,2.07,,,,,,,Moers,,47441,DE,,False,,,,,False,
306-0005099-9313971,306-0005099-9313971,2026-03-18T20:22:13+00:00,2026-03-19T02:00:10+00:00,Shipped,Amazon,Amazon.de,,Expedited,Spigen Tough Armor Hülle Kompatibel mit iPhone 13 -Schwarz,ACS03539PAN,B096H6ZM74,,Shipped,1,EUR,23.99,3.83,,,,,,,Dresden,Sachsen,01069,DE,,False,,,,,False,
302-0950126-9193107,302-0950126-9193107,2026-03-19T18:44:09+00:00,2026-03-20T04:03:03+00:00,Shipped,Amazon,Amazon.de,,Expedited,"Spigen Glas.tR EZ Fit Schutzfolie kompatibel mit iPhone 17 Pro Max, iPhone 16 Pro Max, 2 Stück, Kratzfest, inklusive Installationskit, Kristallklar,",AGL07907EUPB,B0D84R9HYW,,Shipped,1,EUR,15.44,,,,,,,,Markkleeberg,Sachsen,04416,DE,,True,Business Price,Amazon Business EU SARL,,,True,
306-9924304-0366756,306-9924304-0366756,2026-03-11T01:03:48+00:00,2026-03-11T12:16:17+00:00,Shipped,Amazon,Amazon.de,,Standard,"Spigen Rugged Armor MagFit Hülle für Samsung Galaxy S25 Ultra, Kompatibel mit MagSafe -Schwarz",ACS08951PAN,B0DJ9V6CP6,,Shipped,1,EUR,18.14,3.15,3.88,,,,,3.88,Vilnius,Vilnius,04141,LT,,False,,,,,False,
302-3331053-0208363,302-3331053-0208363,2026-03-20T08:46:18+00:00,2026-03-20T18:58:08+00:00,Shipped,Amazon,Amazon.de,,Standard,"Spigen Ultra Hybrid MagFit Hülle für Google Pixel 10 und Pixel 10 Pro, Kompatibel Mit Pixelsnap und MagSafe [2025 Neue Funktion] [Made for Google] -",ACS09702PAN,B0F49GQVQ4,,Shipped,1,EUR,21.99,3.51,1.12,,,,,1.12,Rostock,,18055,DE,,False,,,,,False,
302-0812406-0502758,302-0812406-0502758,2026-03-03T07:32:48+00:00,2026-03-03T16:08:56+00:00,Shipped,Amazon,Amazon.de,,Expedited,"Spigen Tough Armor MagFit für Samsung Galaxy S26 Ultra Hülle mit [Stoßdämpfendes Pad], [verstellbarem Kickstand], MagSafe kompatibel -Schwarz",ACS11033PAN,B0FVBHT64R,,Shipped,1,EUR,29.99,3.6,,,,,6.23,,Köln,,51147,DE,"DE_골라담기 10%_GalaxyS26 Ultra_hyomi_260225_2,PLM-0f843eda-34cd-415e-804c-fa1adf4c9c50",False,,,,,False,
305-5220151-2785166,305-5220151-2785166,2026-03-30T20:09:52+00:00,2026-03-30T20:10:00+00:00,Pending,Amazon,Amazon.de,,Expedited,"Spigen Lite Fit Ultra Armband Entwickelt für Apple Watch Ultra 3/2/1 49mm, Serie 11/10 46mm, Serie 9/8/7/SE 45mm,44mm Einstellbare Nylon-Solo-Strap -",AMP05983PAN,B0BNM1GMD7,,Unshipped,1,EUR,17.99,,,,,,,,Oelde,,59302,DE,,False,,,,,False,
303-3257363-9617922,303-3257363-9617922,2026-03-04T11:21:43+00:00,2026-03-04T21:28:46+00:00,Shipped,Amazon,Amazon.de,,Expedited,"Spigen Glas.tR EZ Fit Optik Pro Kameraschutz kompatibel mit iPhone 17 Pro/Pro Max, iPhone 16 Pro/Pro Max, iPhone 15 Pro/Pro Max, 2 Stück, Schwarz, In",AGL05205EUP,B0B27WT562,,Shipped,1,EUR,18.99,3.03,,,,,,,Dreieich,,63303,DE,,False,,,,,False,
306-5119475-3988366,306-5119475-3988366,2026-03-10T07:33:50+00:00,2026-03-10T07:50:39+00:00,Cancelled,Amazon,Amazon.de,,Expedited,"Spigen Glas.tR EZ Fit Schutzfolie kompatibel mit Google Pixel 10, Pixel 10 Pro, Pixel 9, Pixel 9 Pro, 2 Stück, Kratzfest, inklusive Installationskit,",AGL08442EUP,B0D851Z6N8,,Cancelled,0,,,,,,,,,,Wien,,1030,AT,,False,,,,,False,
304-7930602-5577159,304-7930602-5577159,2026-03-20T11:52:10+00:00,2026-03-20T21:32:59+00:00,Shipped,Amazon,Amazon.de,,Expedited,"Spigen Ultra Hybrid MagFit für Samsung Galaxy S25 Hülle mit [Anti-Vergilbung], [Air Cushion Tech], MagSafe kompatibel -Clear White",ACS09002PAN,B0DJ9T34WK,,Shipped,1,EUR,26.99,4.31,,,,,,,Neustetten,,72149,DE,,False,,,,,False,
306-6473991-4445123,306-6473991-4445123,2026-03-06T16:35:23+00:00,2026-03-07T01:32:58+00:00,Shipped,Amazon,Amazon.de,,Standard,"Spigen Glas.tR EZ Fit Pro Schutzfolie kompatibel mit Samsung Galaxy S26 Ultra, 2 Stück, inklusive Installationskit, Kratzfest, Kristallklar, 10H+ Hä",AGL11068PAN,B0G7S8J7SJ,,Shipped,1,EUR,23.99,3.45,,,,,2.02,,Baar-Ebenhausen,Bayern,85107,DE,PLM-03368c6e-208f-4ebc-9ad4-f82535855c78,False,,,,,False,
305-7082219-5876313,305-7082219-5876313,2026-03-08T11:02:11+00:00,2026-03-08T11:02:20+00:00,Pending,Amazon,Amazon.de,,Standard,"Spigen Tesla Model Y Juniper 2025~ & Model 3 Highland 2024~ (Nur Standard & Premium) Handyhalterung Auto für MagSafe Autohalterung, Handy Halterung A",ACP10259PANA,B0FLRDQYV3,,Unshipped,1,EUR,27.3,,,,,,,,Ålesund,,6014,NO,,False,,,,,False,
304-7935256-9137963,304-7935256-9137963,2026-03-04T17:58:05+00:00,2026-03-04T19:42:55+00:00,Cancelled,Amazon,Amazon.de,,Expedited,"Spigen Liquid Air MagFit für Samsung Galaxy S26 Ultra Hülle [rutschfest] Slim TPU mit Truss-Design, Militärgeprüfter Schutz Case Handyhülle, Komp",ACS11024PAN,B0FVBMCTG6,,Cancelled,0,,,,,,,,,,Sendenhorst,,48324,DE,,False,,,,,False,
028-9724650-0223503,028-9724650-0223503,2026-03-01T09:37:43+00:00,2026-03-01T21:15:50+00:00,Shipped,Amazon,Amazon.de,,Expedited,"Spigen Liquid Air für Samsung Galaxy S26 Ultra Hülle mit [Stoßdämpfender Schutz], leichtes TPU, Anti-Rutsch Design -Schwarz",ACS11023PAN,B0FVB1GXJ7,,Shipped,1,EUR,16.99,2.3,,,,,2.14,,Rosenheim,,83024,DE,PLM-0f843eda-34cd-415e-804c-fa1adf4c9c50,False,,,,,False,
028-7648135-9977960,028-7648135-9977960,2026-03-05T13:12:36+00:00,2026-03-05T22:55:54+00:00,Shipped,Amazon,Amazon.de,,Expedited,"Spigen Liquid Air für Samsung Galaxy S26 Ultra Hülle [rutschfest] Slim TPU mit Truss-Design, Militärgeprüfter Schutz, Sound Tunnel Technologie Cas",ACS11023PAN,B0FVB1GXJ7,,Shipped,1,EUR,16.99,2.3,,,,,2.14,,Schmitten,Hessen,61389,DE,PLM-0f843eda-34cd-415e-804c-fa1adf4c9c50,False,,,,,False,
306-4314774-5441124,306-4314774-5441124,2026-03-26T11:16:12+00:00,2026-03-26T11:53:33+00:00,Cancelled,Amazon,Amazon.de,,Expedited,Spigen iPhone 17 Pro Hülle [Spigen Signature] Ultra Hybrid MagFit [Dura Clear Tech] Case Handyhülle Transparent Kompatibel mit MagSafe -Clear White,ACS10066PAN,B0FD28CZDK,,Cancelled,0,,,,,,,,,,Woluwe-Saint-Lambert,,1200,BE,,False,,,,,False,
304-8777874-0867536,304-8777874-0867536,2026-03-12T16:24:14+00:00,2026-03-13T01:20:23+00:00,Shipped,Amazon,Amazon.de,,Expedited,"Spigen Athlex Air Armband Entwickelt für Apple Watch Ultra 3/2/1 49mm, Serie 11/10 46mm, Serie 9/8/7/SE 45mm,44mm - Actives Schwarz",AMP09033PAN,B0DJB7K59S,,Shipped,1,EUR,16.99,2.71,,,,,,,Niederndodeleben,,39167,DE,,False,,,,,False,
302-5529980-7245145,302-5529980-7245145,2026-03-23T20:13:28+00:00,2026-03-23T20:15:37+00:00,Pending,Amazon,Amazon.de,,Standard,"Spigen Liquid Air MagFit Hülle für Google Pixel 10 und Pixel 10 Pro, Kompatibel Mit Pixelsnap und MagSafe [2025 Neue Funktion] [Made for Google] -Sc",ACS09695PAN,B0F49G24KV,,Unshipped,1,EUR,20.66,,,,,,,,Detva,Slovakia,96212,SK,,False,,,,,False,
306-3807194-3082729,306-3807194-3082729,2026-03-26T12:36:44+00:00,2026-03-26T12:51:50+00:00,Cancelled,Amazon,Amazon.de,,Standard,Spigen Rugged Armor Pro Hülle Kompatibel mit iPad Air 8. M4 (2026) / 7. M3 (2025) / 6. M2 (2024) / 5. (2022) / 4. Generation (2020) 11 Zoll und 10.9,ACS02054PAN,B08HGZW3PJ,,Cancelled,0,,,,,,,,,,Ljubljana,,1000,SI,,False,,,,,False,
306-3732771-7870749,306-3732771-7870749,2026-03-31T22:36:52+00:00,2026-03-31T22:37:00+00:00,Pending,Amazon,Amazon.de,,Standard,Spigen Life Trinkbecher Tasche LF500 Magnetischer Flaschenhalter für Gym Passend für 20oz-40oz Wasserflaschen mit Fach für Handy und kleine Gegenst,AFA09382PAN,B0FB1V9S7D,,Unshipped,1,EUR,30.99,,,,,,,,Bubenreuth,Bayern,91088,DE,,False,,,,,False,
304-0985878-9698755,304-0985878-9698755,2026-03-19T14:08:30+00:00,2026-03-20T07:32:58+00:00,Shipped,Amazon,Amazon.de,,Expedited,"Spigen iPhone 17 Pro Hülle [rutschfest] [DURCHDACHTE Details] Liquid Air Case Slim TPU mit Truss-Design, Militärgeprüfter Schutz, Sound Tunnel Tech",ACS09944PAN,B0FD1YH78G,,Shipped,1,EUR,15.99,2.55,,,,,,,Celle,,29229,DE,,False,,,,,False,
303-7694247-1862769,303-7694247-1862769,2026-03-25T18:43:48+00:00,2026-03-26T03:08:17+00:00,Shipped,Amazon,Amazon.de,,Expedited,Spigen Ultra Hybrid Pro Hülle für iPad Air 13 Zoll 8. M4 / 7. M3 / 6. Generation M2 (2026/25/24) mit Stifthalter Auto Schlaf/Wach Funktion Transpare,ACS07668PAN,B0CW2C6WDL,,Shipped,1,EUR,29.99,4.79,,,,,,,Wesendorf,,29392,DE,,False,,,,,False,
303-5421232-4656326,303-5421232-4656326,2026-03-15T17:04:50+00:00,2026-03-15T17:05:00+00:00,Pending,Amazon,Amazon.de,,Standard,Spigen für iPhone 16 Pro Hülle [rutschfest] Liquid Air Case Handyhülle Schutzhülle Cover Dünn Slim -Natural Titanium,ACS08120PAN,B0D21NL6VM,,Unshipped,1,EUR,14.57,,,,,,,,Sofia,Sofia,1612,BG,,False,,,,,False,
302-7995629-8411500,302-7995629-8411500,2026-03-09T20:20:37+00:00,2026-03-09T20:23:48+00:00,Cancelled,Amazon,Amazon.de,,Standard,"Spigen Liquid Air für Samsung Galaxy S26 Hülle [rutschfest] Slim TPU mit Truss-Design, Militärgeprüfter Schutz, Sound Tunnel Technologie Case Hand",ACS11054PAN,B0FVB2PF8R,,Cancelled,0,,,,,,,,,,Großbottwar,,71723,DE,,False,,,,,False,
302-8380045-4734766,302-8380045-4734766,2026-03-05T04:15:42+00:00,2026-03-05T07:01:41+00:00,Shipped,Amazon,Amazon.de,,Standard,"Spigen Glas.tR EZ Fit Pro Schutzfolie kompatibel mit Samsung Galaxy S26 Ultra, 2 Stück, inklusive Installationskit, Kratzfest, Kristallklar, 10H+ Hä",AGL11068PAN,B0G7S8J7SJ,,Shipped,1,EUR,23.99,3.83,0.84,,,,,0.84,Wiesbaden,,65201,DE,,False,,,,,False,
302-0030341-7665101,302-0030341-7665101,2026-03-10T14:59:36+00:00,2026-03-11T22:21:29+00:00,Shipped,Amazon,Amazon.de,,Expedited,Spigen Rugged Armor Hülle für Samsung Galaxy A56 5G -Matte Black,ACS09225PAN,B0DTX981XB,,Shipped,4,EUR,56.88,9.08,,,,,,,Bopfingen,,73441,DE,,True,Quantity Price,Amazon Business EU SARL,,,True,
304-2223071-6746758,304-2223071-6746758,2026-03-08T18:37:28+00:00,2026-03-08T18:37:40+00:00,Pending,Amazon,Amazon.de,,Standard,Spigen Ultra Hybrid MagFit für Google Pixel 10a Hülle [Anti Vergilbung] Case Handyhülle Transparent Kompatibel mit MagSafe -Clear White,ACS11276PAN,B0FZQ1LS5Y,,Unshipped,2,EUR,39.28,,,,,,,,STOCKHOLM,,11267,SE,DE_골라담기 10%_Pixel10a_hyomi_260219,False,,,,,False,
306-0624069-9835523,306-0624069-9835523,2026-03-26T14:04:11+00:00,2026-03-27T01:51:02+00:00,Shipped,Amazon,Amazon.de,,Expedited,"Spigen Glas.tR EZ Fit Schutzfolie kompatibel mit iPad mini 7 (2024), iPad mini 6 (2021), 8.3 Zoll, Schablone für Installation, Kristallklar, Kratzfes",AGL03824PAN,B09GGC6TD6,,Shipped,1,EUR,21.99,3.51,0.99,0.16,,,,,Norderstedt,,22848,DE,,False,,,,,False,
303-4251190-9007509,303-4251190-9007509,2026-03-03T14:24:38+00:00,2026-03-04T00:59:53+00:00,Shipped,Amazon,Amazon.de,,Expedited,"Spigen AlignMaster Schutzfolie kompatibel mit Google Pixel 8 Pro, 2 Stück, Kratzfest, 9H Härte Folie",AGL07395EUP,B0CMRJSVY5,,Shipped,1,EUR,18.99,3.03,,,,,,,Leipzig,sachsen,04229,DE,,False,,,,,False,
306-1685250-7049931,306-1685250-7049931,2026-03-05T09:49:42+00:00,2026-03-05T18:49:53+00:00,Shipped,Amazon,Amazon.de,,Expedited,"Spigen iPhone 17e / iPhone 16e Hülle [rutschfest] Liquid Air MagFit Case Slim TPU mit Truss-Design, Kompatibel mit MagSafe Zubehör -Matte Black",ACS09151PAN,B0DKGBS22K,,Shipped,1,EUR,16.99,2.3,,,,,2.14,,Molfsee,,24113,DE,PLM-4485441e-ca31-4b82-a050-0f30ee65bb44,False,,,,,False,
306-2667534-2393100,306-2667534-2393100,2026-03-11T11:27:49+00:00,2026-03-11T17:06:10+00:00,Shipped,Amazon,Amazon.de,,Standard,Spigen Liquid Crystal Glitter Hülle Kompatibel mit iPhone 15 Pro -Crystal Quartz,ACS06701PAN,B0C5SB14VK,,Shipped,1,EUR,14.44,2.31,1.12,,,,,1.12,Kirchheim Unter Teck,,73230,DE,,False,,,,,False,
305-6333532-8290765,305-6333532-8290765,2026-03-18T15:17:17+00:00,2026-03-18T17:29:43+00:00,Cancelled,Amazon,Amazon.de,,Expedited,Spigen iPhone 17 Pro Max Hülle [Spigen Signature] Ultra Hybrid MagFit Case Handyhülle Transparent Kompatibel mit MagSafe -Frost Black,ACS10038PAN,B0FD1RV1BQ,,Cancelled,0,,,,,,,,,,Beindersheim,,67259,DE,,False,,,,,False,
304-2242951-1535527,304-2242951-1535527,2026-03-04T12:49:05+00:00,2026-03-04T18:17:48+00:00,Cancelled,Amazon,Amazon.de,,Expedited,Spigen Liquid Air Hülle Kompatibel mit Samsung Galaxy S21 5g Handyhülle -Schwarz,ACS02422PAN,B08LK27MLH,,Cancelled,0,,,,,,,,,,,,,,,False,,,,,False,
305-8335351-3409902,305-8335351-3409902,2026-03-25T10:59:18+00:00,2026-03-25T19:26:39+00:00,Shipped,Amazon,Amazon.de,,Expedited,"Spigen Tough Armor (AI) MagFit für Samsung Galaxy S25 Ultra Hülle mit [Stoßdämpfendes Pad], [verstellbarem Kickstand], MagSafe kompatibel -Schwarz",amzn.gr.ACS08964PAN-ZzTVk1nfpIH1nN_xY-VG,B0DJ9SYLMJ,,Shipped,1,EUR,27.19,4.34,,,,,,,Grünhain-Beierfeld,Sachsen,08344,DE,,False,,,,,False,
303-3111684-8885940,303-3111684-8885940,2026-03-04T09:53:37+00:00,2026-03-05T02:55:13+00:00,Shipped,Amazon,Amazon.de,,Expedited,Spigen für iPhone 15 Ultra Hybrid Hülle [Anti-Yellowing] Case Handyhülle Schutzhülle Cover Transparent Durchsichtig Dünn Slim -Crystal Clear,ACS06793PAN,B0C5S8XR9H,,Shipped,1,EUR,13.99,2.23,,,,,,,Krefeld,NRW,47809,DE,,False,,,,,False,
302-3095860-9167506,302-3095860-9167506,2026-03-29T08:27:24+00:00,2026-03-30T01:06:48+00:00,Shipped,Amazon,Amazon.de,,Expedited,"Spigen Glas.tR EZ Fit Schutzfolie kompatibel mit iPhone 17 Pro, iPhone 17, iPhone 16 Pro, 2 Stück, Kratzfest, inklusive Installationskit, Kristallkla",AGL07928EUPB,B0D84YX465,,Shipped,1,EUR,16.99,2.44,,,,,1.43,,Höxter,,37671,DE,3f717c38-02f5-4be5-b217-80b5c267b28f,False,,,,,False,
305-6792022-7541941,305-6792022-7541941,2026-03-10T07:13:38+00:00,2026-03-11T12:31:53+00:00,Shipped,Amazon,Amazon.de,,Expedited,"Spigen Liquid Air für Samsung Galaxy S26 Ultra Hülle [rutschfest] Slim TPU mit Truss-Design, Militärgeprüfter Schutz, Sound Tunnel Technologie Cas",ACS11023PAN,B0FVB1GXJ7,,Shipped,1,EUR,13.59,1.95,,,,,1.14,,Herzogenaurach,,91074,DE,DE_골라담기 10%_GalaxyS26 Ultra_hyomi_260305,False,,,,,False,
306-0530899-3289967,306-0530899-3289967,2026-03-19T07:24:55+00:00,2026-03-19T23:30:17+00:00,Shipped,Amazon,Amazon.de,,Standard,"Spigen Glas.tR EZ Fit Schutzfolie kompatibel mit iPhone 15 Pro, 2 Stück, Kratzfest, 9H Härte Folie",AGL06892EUP,B0C9RWRD7Y,,Shipped,1,EUR,18.99,3.03,0.84,,,,,0.84,Nürnberg,,90408,DE,,False,,,,,False,
303-8991656-9140322,303-8991656-9140322,2026-03-27T18:13:14+00:00,2026-03-28T16:23:59+00:00,Shipped,Amazon,Amazon.de,,Standard,"Spigen Glas.tR AlignMaster S Schutzfolie kompatibel mit iPhone 17 Pro Max, 2 Stück, Präzise Berührung, Kratzfest, 9H Härte Folie",AGL11322PAN,B0G3P32XRC,,Shipped,1,EUR,20.16,3.36,1.11,,,,,1.11,Klagenfurt,Österreich,9020,AT,,False,,,,,False,
028-3193382-2487541,028-3193382-2487541,2026-03-21T05:41:58+00:00,2026-03-21T08:10:42+00:00,Shipped,Amazon,Amazon.de,,Expedited,"Spigen Glas.tR AlignMaster S Schutzfolie kompatibel mit iPhone 17 Pro Max, 2 Stück, Präzise Berührung, Kratzfest, 9H Härte Folie",AGL11322PAN,B0G3P32XRC,,Shipped,1,EUR,19.99,2.71,,,,,2.52,,Berlin,,12247,DE,PLM-f96505a1-357a-4418-9b06-acf2e22101af,False,,,,,False,
303-1827266-1548311,303-1827266-1548311,2026-03-01T16:19:10+00:00,2026-03-03T07:56:03+00:00,Shipped,Amazon,Amazon.de,,Standard,"Spigen Glas.tR EZ Fit Pro Schutzfolie kompatibel mit Samsung Galaxy S26 Ultra, 2 Stück, inklusive Installationskit, Kratzfest, Kristallklar, 10H+ Hä",AGL11068PAN,B0G7S8J7SJ,,Shipped,1,EUR,24.19,3.42,0.99,0.17,,,3.05,,Bretigny Sur Orge,,91220,FR,"PLM-03368c6e-208f-4ebc-9ad4-f82535855c78,DE_골라담기 10%_GalaxyS26 Ultra_hyomi_260225_2",False,,,,,False,
306-1880132-9037143,306-1880132-9037143,2026-03-16T12:15:01+00:00,2026-03-17T04:31:59+00:00,Shipped,Amazon,Amazon.de,,Expedited,"Spigen Glas.tR EZ Fit Schutzfolie kompatibel mit iPhone 15 Pro, 2 Stück, Kratzfest, 9H Härte Folie",AGL06892EUP,B0C9RWRD7Y,,Shipped,1,EUR,16.14,2.58,,,,,,,Neuried,Bayern,82061,DE,,False,,,,,False,
302-7255126-0972362,302-7255126-0972362,2026-03-24T23:29:37+00:00,2026-03-25T02:23:59+00:00,Shipped,Amazon,Amazon.de,,Expedited,"Spigen Schutzhülle für iPhone 17 Pro Max, Ultra-Hybrid, TPU-überzogene Kamerasteuerung, Vergilbungsschutz, kein Magnetring, kristallklar",ACS10033PAN,B0FD25XK76,,Shipped,1,EUR,12.99,1.86,,,,,1.09,,Stuhr,,28816,DE,b4df96f5-0474-454d-ae22-586dd39927bf,False,,,,,False,
306-7323490-0709916,306-7323490-0709916,2026-03-20T01:50:08+00:00,2026-03-21T00:26:55+00:00,Shipped,Amazon,Amazon.de,,Expedited,"Spigen iPhone 17 Hülle [rutschfest] [DURCHDACHTE Details] Liquid Air Case Slim TPU mit Truss-Design, Militärgeprüfter Schutz, Sound Tunnel Technolo",ACS09979PAN,B0FD21MCFX,,Shipped,1,EUR,15.99,2.55,,,,,,,Münster,,48147,DE,,False,,,,,False,
305-9266854-3467502,305-9266854-3467502,2026-03-22T21:37:56+00:00,2026-03-23T17:09:56+00:00,Shipped,Amazon,Amazon.de,,Expedited,"Spigen NanoPop MagFit Hülle für Google Pixel 10 und Pixel 10 Pro, Kompatibel Mit Pixelsnap und MagSafe [2025 Neue Funktion] [Made for Google] -Black",ACS09713PAN,B0F49BMSLX,,Shipped,1,EUR,24.99,3.99,,,,,,,Koblenz,RLP,56070,DE,,False,,,,,False,
303-9077890-2668317,303-9077890-2668317,2026-03-08T09:21:57+00:00,2026-03-09T00:03:23+00:00,Shipped,Amazon,Amazon.de,,Expedited,Spigen Thin Fit Hülle Kompatibel mit Apple Watch Ultra 3 (2025) / 2 (2023) / 1 (2022) 49mm - Schwarz,ACS05458PAN,B0BBKGB11N,,Shipped,1,EUR,14.99,2.39,,,,,,,Albersweiler,,76857,DE,,False,,,,,False,
028-4777722-1359520,028-4777722-1359520,2026-03-28T14:29:28+00:00,2026-03-28T14:29:36+00:00,Pending,Amazon,Amazon.de,,Standard,"Spigen Glas.tR EZ Fit Pro Sichtschutz Schutzfolie kompatibel mit Galaxy S26, 2 Stück, Privacy Schutz, inklusive Installationskit, Kratzfest, 10H+ Hä",AGL11093PAN,B0G7RYP439,,Unshipped,1,EUR,25.99,,,,,,,,Boerssum,,38312,DE,DE_골라담기 5%_GalaxyS26 / Galaxy Buds4 Pro/4_yeseo_260327,False,,,,,False,
028-6572151-2857114,028-6572151-2857114,2026-03-03T21:29:37+00:00,2026-03-04T01:30:50+00:00,Shipped,Amazon,Amazon.de,,Expedited,Spigen Rugged Armor Pro Hülle Entwickelt für Samsung Galaxy Tab S10 FE (2025) / Galaxy Tab S9 (2023) Schutzhülle mit S Pen Halter und Ladeunterstü,ACS09380PAN,B0DYQCQVXB,,Shipped,1,EUR,29.23,4.63,,,,,1.22,,Schrattenberg,,2172,AT,PLM-7925491e-da49-469a-9768-7c319d1c3c0c,False,,,,,False,
302-8032293-6193926,302-8032293-6193926,2026-03-30T18:58:52+00:00,2026-03-30T19:03:51+00:00,Cancelled,Amazon,Amazon.de,,Expedited,"Spigen Glas.tR EZ Fit Pro Schutzfolie kompatibel mit iPhone 17 Pro, iPhone 17, iPhone 16 Pro, 2 Stück, inklusive Installationskit, Kratzfest, Kristal",AGL09999PAN,B0FCFC9WL2,,Cancelled,0,,,,,,,,,,Wuppertal,,42119,DE,,False,,,,,False,
302-0626732-1669136,302-0626732-1669136,2026-03-03T10:30:10+00:00,2026-03-04T02:12:51+00:00,Shipped,Amazon,Amazon.de,,Expedited,Spigen Classic Fit Hülle Kompatibel mit Google Pixel Buds Pro 2 (2024) und Pixel Buds Pro 1 (2022) - Schwarz,ACS07605PAN,B0CX6QC6D2,,Shipped,1,EUR,20.99,3.35,,,,,,,Plauen,,08527,DE,,False,,,,,False,
306-5744395-7120310,306-5744395-7120310,2026-03-06T21:31:11+00:00,2026-03-08T11:50:54+00:00,Shipped,Amazon,Amazon.de,,Standard,"Spigen Liquid Air für Samsung Galaxy S26 Hülle [rutschfest] Slim TPU mit Truss-Design, Militärgeprüfter Schutz, Sound Tunnel Technologie Case Hand",ACS11054PAN,B0FVB2PF8R,,Shipped,2,EUR,33.98,4.88,,,,,2.86,,Eislingen,Baden-Württemberg,73054,DE,DE_골라담기 10%_GalaxyS26_hyomi_260225_2,False,,,,,False,
305-8853769-1523503,305-8853769-1523503,2026-03-09T20:20:59+00:00,2026-03-10T04:10:01+00:00,Shipped,Amazon,Amazon.de,,Expedited,"Spigen Glas.tR EZ Fit Schutzfolie kompatibel mit Google Pixel 10, Pixel 10 Pro, Pixel 9, Pixel 9 Pro, 2 Stück, Kratzfest, inklusive Installationskit,",AGL08442EUP,B0D851Z6N8,,Shipped,1,EUR,23.99,3.83,,,,,,,Jena,,07743,DE,,False,,,,,False,
306-9088325-9427544,306-9088325-9427544,2026-03-25T05:51:15+00:00,2026-03-25T08:52:14+00:00,Shipped,Amazon,Amazon.de,,Expedited,"Spigen Tough Armor (AI) MagFit Hülle für Google Pixel 10 Pro XL, Kompatibel Mit Pixelsnap und MagSafe [2025 Neue Funktion] -Abyss Green",ACS09730PAN,B0F49863CF,,Shipped,1,EUR,24.99,3.99,4.19,,,,,4.19,Düsseldorf,,40597,DE,,False,,,,,False,
305-1331662-9882724,305-1331662-9882724,2026-03-31T16:58:24+00:00,2026-03-31T19:49:00+00:00,Shipped,Amazon,Amazon.de,,Expedited,Spigen Liquid Air Hülle für Samsung Galaxy A56 5G [Anti-Rutsch] Militärschutz Handyhülle mit Stoßfesten Schutzecken Case - Matte Black,ACS09291PAN,B0DQ64HR5T,,Shipped,1,EUR,14.11,2.35,2.49,0.42,,,,,Neusiedl an der Zaya,,2183,AT,,False,,,,,False,
304-2077742-5675564,304-2077742-5675564,2026-03-23T07:29:46+00:00,2026-03-24T08:56:15+00:00,Shipped,Amazon,Amazon.de,,Standard,"Spigen Tough Armor (AI) MagFit Hülle für Google Pixel 10 und Pixel 10 Pro, Kompatibel Mit Pixelsnap und MagSafe [2025 Neue Funktion] -Schwarz",ACS09705PAN,B0F49G6MNX,,Shipped,1,EUR,24.99,3.99,,,,,,,Attenkirchen,,85395,DE,,False,,,,,False,
305-1781074-9725150,305-1781074-9725150,2026-03-27T15:01:23+00:00,2026-03-27T18:51:23+00:00,Shipped,Amazon,Amazon.de,,Expedited,Spigen Hülle für iPhone 15 Pro Max Tough Armor MagFit Kompatibel mit MagSafe -Schwarz,ACS06594PAN,B0C5S94188,,Shipped,1,EUR,29.09,4.64,,,,,,,Beelitz,Brandenburg,14547,DE,,False,,,,,False,
304-3528693-1841939,304-3528693-1841939,2026-03-26T12:59:44+00:00,2026-03-26T16:43:51+00:00,Shipped,Amazon,Amazon.de,,Expedited,Spigen iPhone 17 Hülle [Militärgeprüfter Schutz] Thin Fit MagFit Case Handyhülle Slim Kompatibel mit MagSafe -Schwarz,ACS09969PAN,B0FD16J1ZS,,Shipped,1,EUR,25.97,4.15,,,,,,,Berlin,,10117,DE,,True,Business Price,Amazon Business EU SARL,,,True,
302-8602979-2613122,302-8602979-2613122,2026-03-31T06:50:37+00:00,2026-04-01T03:12:36+00:00,Shipped,Amazon,Amazon.de,,Expedited,"Spigen Glas.tR EZ Fit Optik Pro Kameraschutz kompatibel mit iPhone 17 Pro, iPhone 17 Pro Max, iPhone 15 Pro, iPhone 15 Pro Max, 2 Stück, Tiefblau, In",AGL07164EUP,B0CJ5SVBKZ,,Shipped,1,EUR,18.99,3.03,,,,,,,Berlin,Berlin,13627,DE,,False,,,,,False,
304-5107831-3441167,304-5107831-3441167,2026-03-08T11:42:50+00:00,2026-03-09T13:43:32+00:00,Pending,Amazon,Amazon.de,,Standard,"Spigen Glas.tR EZ Fit Schutzfolie kompatibel mit iPhone 17 Pro, iPhone 17, iPhone 16 Pro, 2 Stück, Kratzfest, inklusive Installationskit, Kristallkla",AGL07928EUPB,B0D84YX465,,Unshipped,1,EUR,19.63,,,,,,,,Lisboa,,1300-494,PT,,False,,,,,False,
305-1016129-3097163,305-1016129-3097163,2026-03-18T09:57:32+00:00,2026-03-18T14:12:00+00:00,Shipped,Amazon,Amazon.de,,Standard,"Spigen Glas.tR EZ Fit Schutzfolie kompatibel mit Google Pixel 10, Pixel 10 Pro, Pixel 9, Pixel 9 Pro, 2 Stück, Kratzfest, inklusive Installationskit,",AGL08442EUP,B0D851Z6N8,,Shipped,1,EUR,20.14,,,,,,,,Merelbeke-Melle,East-Flanders,9090,BE,,True,Business Price,Amazon Business EU SARL,,,True,
303-8627963-3089119,303-8627963-3089119,2026-03-22T11:27:12+00:00,2026-03-22T11:30:12+00:00,Cancelled,Amazon,Amazon.de,,Expedited,"Spigen für Samsung Galaxy A17 4G/5G Hülle [Fallschutz in Militärqualität, Karbonfaser Akzente] Rugged Armor Handyhülle case -Matte Black",ACS09844PAN,B0FDN82XKK,,Cancelled,0,,,,,,,,,,Haan,,42781,DE,,False,,,,,False,
302-6807092-3737156,302-6807092-3737156,2026-03-30T18:29:49+00:00,2026-03-31T14:40:20+00:00,Shipped,Amazon,Amazon.de,,Expedited,"Spigen für Samsung Galaxy A17 4G/5G Hülle [Fallschutz in Militärqualität, Karbonfaser Akzente] Rugged Armor Handyhülle case -Matte Black",ACS09844PAN,B0FDN82XKK,,Shipped,1,EUR,13.99,2.23,,,,,,,Bautzen,,02625,DE,,False,,,,,False,
304-5322258-7301966,304-5322258-7301966,2026-03-21T22:15:24+00:00,2026-03-22T10:26:41+00:00,Cancelled,Amazon,Amazon.de,,Expedited,"Spigen Glas.tR EZ Fit Schutzfolie kompatibel mit Samsung Galaxy Watch 6 44mm, 2 Stück, Kratzfest, 9H Härte Folie",AGL06520PAN,B0C4R3JBC8,,Cancelled,0,,,,,,,,,,Dachau,Bayern,85221,DE,,False,,,,,False,
028-5208025-4760353,028-5208025-4760353,2026-03-25T16:15:13+00:00,2026-03-26T21:17:11+00:00,Shipped,Amazon,Amazon.de,,Standard,"Spigen Optik Armor für Samsung Galaxy S26 Ultra Hülle [Kamera-Schutz] Case, Militärgeprüfter Schutz Handyhülle -Schwarz",ACS11040PAN,B0FVBPV3QF,,Shipped,1,EUR,22.55,4.07,2.03,,,,,2.03,Zabnica,Kranj,4209,SI,,False,,,,,False,
304-4780444-2492357,304-4780444-2492357,2026-03-21T16:11:19+00:00,2026-03-22T12:24:36+00:00,Shipped,Amazon,Amazon.de,,Expedited,"Spigen Glas.tR EZ Fit Schutzfolie kompatibel mit iPhone 15 Pro, 2 Stück, Kratzfest, 9H Härte Folie",AGL06892EUP,B0C9RWRD7Y,,Shipped,1,EUR,18.99,2.73,,,,,1.6,,Hamburg,,22589,DE,f05e3a98-5018-4dfb-b847-3b28d4476ebd,False,,,,,False,
028-4058889-6276315,028-4058889-6276315,2026-03-06T08:50:45+00:00,2026-03-07T01:56:34+00:00,Shipped,Amazon,Amazon.de,,Expedited,"Spigen Tough Armor MagFit für Samsung Galaxy S26 Hülle [XRD-Pad Stoßdämpfung] [Militärgeprüfter Schutz] Case Handyhülle, Kompatibel mit MagSafe",ACS11062PAN,B0FVB9TM8Q,,Shipped,1,EUR,29.99,4.07,,,,,3.78,,Bitburg,Rheinland-Pfalz,54634,DE,PLM-0f843eda-34cd-415e-804c-fa1adf4c9c50,False,,,,,False,
302-6755214-6343538,302-6755214-6343538,2026-03-30T08:13:59+00:00,2026-03-31T02:36:23+00:00,Shipped,Amazon,Amazon.de,,Expedited,Spigen für Samsung Galaxy S24 FE Hülle [Integrierter Kickstand] Tough Armor Handyhülle Samsung S24 FE -Schwarz,ACS08623PAN,B0D7NG832K,,Shipped,1,EUR,20.82,3.18,7.65,1.17,,,,,Il-Mellieha,,MLH1025,MT,,False,,,,,False,
303-0547639-1728300,303-0547639-1728300,2026-03-25T15:40:04+00:00,2026-03-26T01:17:27+00:00,Shipped,Amazon,Amazon.de,,Expedited,"Spigen Schutzhülle für iPhone 17 Pro Max, Ultra-Hybrid, TPU-überzogene Kamerasteuerung, Vergilbungsschutz, kein Magnetring, kristallklar",ACS10033PAN,B0FD25XK76,,Shipped,1,EUR,12.99,2.07,,,,,,,Erkrath,,40699,DE,,False,,,,,False,
304-6878748-2450742,304-6878748-2450742,2026-03-02T09:04:54+00:00,2026-03-03T22:18:48+00:00,Pending,Amazon,Amazon.de,,Standard,"Spigen Glas.tR EZ Fit Schutzfolie kompatibel mit iPhone 11 Pro Max, iPhone XS Max, 2 Stück, Kratzfest, 9H Härte Folie",065GL25359PAN,B07HRZPYP2,,Unshipped,1,EUR,15.99,,,,,,,,marburg,hessen,35039,DE,,False,,,,,False,
305-1494289-1768318,305-1494289-1768318,2026-03-26T12:54:57+00:00,2026-03-27T21:56:07+00:00,Shipped,Amazon,Amazon.de,,Standard,Spigen Thin Fit Hülle Kompatibel mit iPhone 13 Pro Max -Schwarz,ACS03674PAN,B09CDB1MDN,,Shipped,1,EUR,20.03,4.07,2.54,0.52,,,,,Lahti,Päijät-Häme,15140,FI,,False,,,,,False,
028-0575790-4265135,028-0575790-4265135,2026-03-05T10:54:24+00:00,2026-03-05T15:06:28+00:00,Pending,Amazon,Amazon.de,,Standard,"Spigen Glas.tR EZ Fit Schutzfolie kompatibel mit Samsung Galaxy S25 Plus, Galaxy S24 Plus, 2 Stück, Kratzfest, Kristallklar, 9H Härte Folie",AGL07430EUPA,B0CN8T556T,,Unshipped,1,EUR,20.14,,,,,,,,Limassol,,3048,CY,,True,Business Price,Antonis Louka,,,False,
306-2058804-5484345,306-2058804-5484345,2026-03-16T19:39:12+00:00,2026-03-17T09:00:00+00:00,Shipped,Amazon,Amazon.de,,Expedited,Spigen iPhone 17 Pro Max Hülle [2025 Upgrade Kamerasteuerung] Ultra Hybrid T MagFit Case Handyhülle Transparent Kompatibel mit MagSafe -Matte Black,ACS10047PAN,B0FD16MTLJ,,Shipped,1,EUR,19.99,3.19,,,,,,,weißenburg i.bay.,,91781,DE,,False,,,,,False,
305-5467486-8177964,305-5467486-8177964,2026-03-31T10:06:53+00:00,2026-04-01T02:02:03+00:00,Shipped,Amazon,Amazon.de,,Expedited,"Spigen AlignMaster Schutzfolie kompatibel mit Samsung Galaxy A54 5G, 2 Stück, Kratzfest, 9H Härte Folie",AGL05966PAN,B0BWXSWB5J,,Shipped,1,EUR,13.99,2.23,,,,,,,Halle (saale),,06118,DE,,False,,,,,False,
