sku,fnsku,asin,product-name,condition,your-price,mfn-listing-exists,mfn-fulfillable-quantity,afn-listing-exists,afn-warehouse-quantity,afn-fulfillable-quantity,afn-unsellable-quantity,afn-reserved-quantity,afn-total-quantity,per-unit-volume,afn-inbound-working-quantity,afn-inbound-shipped-quantity,afn-inbound-receiving-quantity,afn-researching-quantity,afn-reserved-future-supply,afn-future-supply-buyable,afn-fulfillable-quantity-local,afn-fulfillable-quantity-remote,store,report_date
ACS11040PAN,B0FVBPV3QF,B0FVBPV3QF,"Spigen Optik Armor für Samsung Galaxy S26 Ultra Hülle [Kamera-Schutz] Case, Militärgeprüfter Schutz Handyhülle –Schwarz",New,21.99,No,,Yes,2917,2402,3,506,2917,313.98,0,0,0,6,0,0,2402,0,,20260326
AGL01811EUP,X001WWPZ03,B08DQBT5P2,"Spigen Glas.tR EZ Fit Schutzfolie kompatibel mit iPhone 12 Mini, 2 Stück, Kratzfest, 9H Härte Folie",New,17.99,No,,Yes,160,153,0,7,360,545.36,0,200,0,0,0,0,153,0,,20260307
amzn.gr.ACP10031PAN-S84lr07HGzARpALMC-LN,X002I98AMT,B0FCJC4QW4,"Spigen Tesla Model Y Juniper (Nur Premium & Performance 2025 2026) Mittelkonsole Abdeckung für Kabelloses Ladepad [Ultradünnes 0,8mm Design] Silikonabdeckung für Model Y Juniper 2025 Zubehör - Schwarz",UsedLikeNew,17.99,No,,Yes,1,1,0,0,1,952.74,0,0,0,0,0,0,1,0,,20260309
ACS09002PAN,B0DJ9T34WK,B0DJ9T34WK,"Spigen Ultra Hybrid MagFit für Samsung Galaxy S25 Hülle mit [Anti-Vergilbung], [Air Cushion Tech], MagSafe kompatibel –Clear White",New,26.99,No,,Yes,328,320,2,5,328,1717.53,0,0,0,1,0,0,320,0,,20260326
APP04545PAN,B09V1V34TV,B09V1V34TV,"Spigen DA20 Apple Pencil Stifthalter für Pro und 2. Generation Kompatibel mit iPad Pro 11""/ 13"", iPad Air 11"" /13"" und Anderen iPad-Serien - Schwarz",New,29.99,No,,Yes,101,89,0,12,115,179.6,0,10,4,0,0,0,89,0,,20260325
ACS09906PAN,B0FD1X2Y3D,B0FD1X2Y3D,Spigen iPhone 17 Pro Max Hülle [Spigen Premium Qualität] [2025 Upgrade Kamerasteuerung] Enzo Aramid T MagFit Case [Kevlar 1500D] Dünn Slim Stoßfest -Black Black,New,39.99,No,,Yes,82,72,5,5,82,307.26,0,0,0,0,0,260,72,0,,20260328
ACS09714PAN,B0F49GLLY8,B0F49GLLY8,Spigen Liquid Air Hülle Kompatibel mit Google Pixel 10 und Pixel 10 Pro [Made for Google] -Schwarz,New,14.99,No,,Yes,435,407,6,22,435,273.66,0,0,0,0,0,0,407,0,,20260322
ACS07006PAN,B0CW2DRJ9R,B0CW2DRJ9R,Spigen Ultra Hybrid Pro Hülle Kompatibel mit iPad Pro 13 Zoll M5 (2025) / M4 (2024) Chip Case mit Transparente Hartschale Auto Schlaf/Wach Funktion Stiftfreundlich - Schwarz,New,31.99,No,,Yes,294,288,5,1,294,1623.47,0,0,0,0,0,0,288,0,,20260314
ACS06793PAN,B0C5S8XR9H,B0C5S8XR9H,Spigen für iPhone 15 Ultra Hybrid Hülle [Anti-Yellowing] Case Handyhülle Schutzhülle Cover Transparent Durchsichtig Dünn Slim -Crystal Clear,New,13.99,No,,Yes,385,365,0,19,595,1136.28,0,210,0,1,0,0,365,0,,20260301
ACS08792PAN,B0D9MWQBL7,B0D9MWQBL7,Spigen für iPhone 16 Pro Hülle [Anti-Yellowing] Ultra Hybrid MagFit Case Handyhülle Transparent Dünn Slim Kompatibel mit MagSafe -Neo One,New,30.99,No,,Yes,101,99,0,2,101,273.83,0,0,0,0,0,0,99,0,,20260318
AGL06520PAN,B0C4R3JBC8,B0C4R3JBC8,"Spigen Glas.tR EZ Fit Schutzfolie kompatibel mit Samsung Galaxy Watch 6 44mm, 2 Stück, Kratzfest, 9H Härte Folie",New,15.99,No,,Yes,84,82,1,1,84,191.4,0,0,0,0,0,0,82,0,,20260311
amzn.gr.ACS03322PAN-O2-_qHJgwUjxC7guv-VG,X001QCMYX5,B096HJ1D6M,Spigen Ultra Hybrid MagFit Hülle Kompatibel mit iPhone 13 Mini Kompatibel mit MagSafe Magnetisch -Weiß,UsedVeryGood,22.94,No,,Yes,1,1,0,0,1,301.36,0,0,0,0,0,0,1,0,,20260309
amzn.gr.ACS09076PAN-NAD4SODJbWzqRfyeE-LN,X002A5BBXB,B0DNGX5Q2P,Spigen Nano Pop Hülle Kompatibel mit Nintendo Switch 2 2025 Case mit Abdeckung für den eingebauten Ständer Zubehör - Blaubeer Navy,UsedLikeNew,21.59,No,,Yes,0,0,0,0,0,1088.59,0,0,0,0,0,0,0,0,,20260325
amzn.gr.ACS09879PAN-MwvpNI0XFLU4ibRfQ-LN,X002F4IM3J,B0FD1RXXWT,Spigen iPhone 17 Pro Max Hülle [Militärgeprüfter Schutz] Thin Fit MagFit Case Handyhülle Slim Kompatibel mit MagSafe –Schwarz,UsedLikeNew,23.39,No,,Yes,10,10,0,0,10,336.75,0,0,0,0,0,0,10,0,,20260321
AGL07164EUP,X001W18BKP,B0CJ5SVBKZ,"Spigen Glas.tR EZ Fit Optik Pro Kameraschutz kompatibel mit iPhone 17 Pro, iPhone 17 Pro Max, iPhone 15 Pro, iPhone 15 Pro Max, 2 Stück, Tiefblau, Individuelle Kameraprotektion, 9H Härte Folie",New,18.99,No,,Yes,2007,1987,2,18,2007,269.57,0,0,0,0,0,0,1987,0,,20260312
amzn.gr.AFA04270PAN-eC4M5Sh6gD-PWQ09R-VG,X002CE6YT1,B09N9Y7X2Z,"Spigen Rugged Armor Pro Tasche MacBook 14 Zoll Pouch Kompatibel mit M5 (2025), M4 / M4 Pro / M4 Max (2024), M3 / M3 Pro / M3 Max / M2 Pro / M2 Max / M1 Pro und M1 Max (2023/2021) - Schwarz",UsedVeryGood,39.09,No,,Yes,2,2,0,0,2,4985.93,0,0,0,0,0,0,2,0,,20260302
amzn.gr.ACS10470PAN-eDGjeMHgfiuS8Ry9X-VG,X002FO27WB,B0FH5V4RL6,Spigen iPhone 17 Pro Hülle [2025 Upgrade Kamerasteuerung] Ultra Hybrid T MagFit [Dura Clear Tech] Case Handyhülle Transparent Kompatibel mit MagSafe –Matte Blue,UsedVeryGood,22.94,No,,Yes,1,1,0,0,1,660.73,0,0,0,0,0,0,1,0,,20260322
ACS05712PAN,B0BJRJX8Z4,B0BJRJX8Z4,Spigen Liquid Air Hülle Kompatibel mit Samsung Galaxy S23 5G -Schwarz,New,16.0,No,,Yes,774,357,0,318,774,246.13,0,0,0,99,0,0,357,0,,20260324
ACS10082PAN,B0FD2K58MF,B0FD2K58MF,Spigen iPhone 17 Hülle [Spigen Signature] Ultra Hybrid MagFit [Dura Clear Tech] Case Handyhülle Transparent Kompatibel mit MagSafe -Clear White,New,19.99,No,,Yes,1571,1369,7,194,1921,237.45,0,350,0,1,0,0,1369,0,,20260325
ACS08133PAN,B0D21X1FP9,B0D21X1FP9,Spigen für iPhone 16 Pro Hülle [Anti-Yellowing] Ultra Hybrid MagFit Case Handyhülle Transparent Dünn Slim Kompatibel mit MagSafe -Frost Clear,New,22.99,No,,Yes,94,87,0,7,104,290.71,0,10,0,0,0,0,87,0,,20260314
amzn.gr.AFA06997PAN-6ovdmJJCP_f89UxLU-VG,X002IH8CMT,B0C8W5NJGT,"Caseology by Spigen Nano Pop MagFit MagSafe Kartenhalter Kompatibel mit iPhone 17/16/15, andere MagSafe-Modelle und Google Pixel 10-Serie mit Pixelsnap - Schwarzer Sesam",UsedVeryGood,24.64,No,,Yes,1,1,0,0,1,183.86,0,0,0,0,0,0,1,0,,20260308
amzn.gr.ACS09056PAN-oxgmtS-SrD5M9s1CD-VG,X002BW78K3,B0DL7NWC79,"Spigen NanoPop MagFit Hülle für Samsung Galaxy S25 Ultra, Kompatibel mit MagSafe -Blueberry Navy",UsedVeryGood,23.79,No,,Yes,4,4,0,0,4,306.77,0,0,0,0,0,0,4,0,,20260311
amzn.gr.ACS04848PAN-AuA3kxhW7rQW5YimN-AC,X002EKEVOX,B0B1PCXZ2K,Spigen Optik Armor MagFit Hülle Kompatibel mit iPhone 14 Pro Max -Schwarz,UsedAcceptable,22.49,No,,Yes,0,0,0,0,0,338.23,0,0,0,0,0,0,0,0,,20260322
AGL08445EUP,X00230X6TZ,B0D854KDG3,"Spigen Glas.tR EZ Fit Schutzfolie kompatibel mit Google Pixel 10 Pro XL, Pixel 9 Pro XL, 2 Stück, Kratzfest, inklusive Installationskit, Kristallklar, 9H Härte Folie",New,22.99,No,,Yes,4778,4738,7,27,4778,593.54,0,0,0,6,0,490,4738,0,,20260305
amzn.gr.AFA09442PAN-GbYzBIq2jRZzYxjxd-LN,X002FJTDWD,B0F5TRC2N6,"Spigen Valentinus Pro Magfit MagSafe Kartenhalter bis zu 3 Karten und 10 Geldscheine Kompatibel mit iPhone 17/16/15, andere MagSafe-Modelle und Google Pixel 10-Serie mit Pixelsnap - Schwarz",UsedLikeNew,25.19,No,,Yes,2,2,0,0,2,400.83,0,0,0,0,0,0,2,0,,20260327
AFA06418PAN,B0CN8ZNJS2,B0CN8ZNJS2,"Spigen Valentinus Laptoptasche Hülle Tasche 15 15,6 16 Zoll, Leder Laptop Hülle Kompatibel mit MacBook Pro/Air, M1 / M2 / M3 / M4, Dell, Acer, ASUS, Hp, Lenovo, LG Gram usw - Grau",New,29.99,No,,Yes,32,29,0,3,32,3978.12,0,0,0,0,0,0,29,0,,20260312
AGL07921PAN,B0D84T69WG,B0D84T69WG,"Spigen Glas.tR EZ Fit Optik Pro Kameraschutz kompatibel mit iPhone 17, iPhone 16, iPhone 16 Plus, 2 Stück, Schwarz, Individuelle Kameraprotektion, 9H Härte Folie",New,17.99,No,,Yes,1272,1256,2,12,1272,251.05,0,0,0,2,0,0,1256,0,,20260323
AGL06520PAN,B0C4R3JBC8,B0C4R3JBC8,"Spigen Glas.tR EZ Fit Schutzfolie kompatibel mit Samsung Galaxy Watch 6 44mm, 2 Stück, Kratzfest, 9H Härte Folie",New,15.99,No,,Yes,92,90,1,1,92,191.4,0,0,0,0,0,0,90,0,,20260301
ACS09002PAN,B0DJ9T34WK,B0DJ9T34WK,"Spigen Ultra Hybrid MagFit für Samsung Galaxy S25 Hülle mit [Anti-Vergilbung], [Air Cushion Tech], MagSafe kompatibel –Clear White",New,26.99,No,,Yes,425,409,3,13,425,1717.53,0,0,0,0,0,0,409,0,,20260304
ACS09844PAN,B0FDN82XKK,B0FDN82XKK,"Spigen für Samsung Galaxy A17 4G/5G Hülle [Fallschutz in Militärqualität, Karbonfaser Akzente] Rugged Armor Handyhülle case -Matte Black",New,13.99,No,,Yes,489,227,0,259,959,318.24,40,430,0,3,0,370,227,0,,20260303
ACS08217PAN,B0D21XS5RX,B0D21XS5RX,"Spigen Tough Armor (AI) MagFit Hülle für iPhone 16, Kompatibel mit MagSafe Zubehör -Navy Blue",New,28.67,No,,Yes,42,39,0,3,42,287.76,0,0,0,0,0,0,39,0,,20260331
amzn.gr.ACS06704PAN-iSzzDA-I5vedSOAif-LN,X001W834L9,B0C5S8ZN7Y,Spigen Hülle für iPhone 15 Pro Liquid Air Case Handyhülle Schutzhülle Cover Dünn Slim -Schwarz,UsedLikeNew,14.96,No,,Yes,2,2,0,0,2,139.45,0,0,0,0,0,0,2,0,,20260315
ACS11202PAN,B0G7N15XXS,B0G7N15XXS,Spigen Lock Fit Hülle Kompatibel mit Samsung Galaxy Buds 4 Pro/Buds 4 (2026) - Matt Schwarz,New,26.99,No,,Yes,143,0,0,143,313,334.13,90,80,0,0,0,130,0,0,,20260316
ACS09730PAN,B0F49863CF,B0F49863CF,"Spigen Tough Armor (AI) MagFit Hülle für Google Pixel 10 Pro XL, Kompatibel Mit Pixelsnap und MagSafe [2025 Neue Funktion] -Abyss Green",New,24.99,No,,Yes,87,70,2,15,87,323.15,0,0,0,0,0,300,70,0,,20260302
ACS08120PAN,B0D21NL6VM,B0D21NL6VM,Spigen für iPhone 16 Pro Hülle [rutschfest] Liquid Air Case Handyhülle Schutzhülle Cover Dünn Slim -Natural Titanium,New,16.99,No,,Yes,77,74,2,1,77,532.58,0,0,0,0,0,0,74,0,,20260302
ACP10259PANA,B0FLRDQYV3,B0FLRDQYV3,"Spigen Tesla Model Y Juniper 2025~ Model 3 Highland 2024~ (Nur Standard & Premium, Nicht Performance) Handyhalterung Auto für MagSafe Autohalterung, Tesla Zubehör für iPhone 17 16 15 Pro Max 17e",New,25.99,No,,Yes,31,0,1,30,41,306.44,0,10,0,0,0,0,0,0,,20260325
amzn.gr.AMP06402PAN-n8asJTS-Jvn_E4k1N-LN,X0020TSXBF,B0C8VNS486,"Spigen MagSafe Selfie Stick Stativ [Wondersnap] [MagFit-Technologie & Bluetooth] Tripod kompatibel mit iPhone 16/15/14/13 Serien, Galaxy S25/S24/S23 und Allen Smartphones - Majestic Black",UsedLikeNew,29.69,No,,Yes,15,13,0,2,15,675.97,0,0,0,0,0,0,13,0,,20260304
AFA09208PAN,B0DNH37LC9,B0DNH37LC9,"Spigen Urban Fit MagFit Magnetischer Kartenhalter 3-Karten Kompatibel mit magnetischer Hülle Entwickelt für Samsung Galaxy S26,S26+,S26 Ultra, S25 Serie und Z Fold 7 - Schwarz",New,28.99,No,,Yes,9,0,1,7,9,198.78,0,0,0,1,0,0,0,0,,20260330
ACS05628PAN,B0BJRZFVMV,B0BJRZFVMV,Spigen Slim Armor CS Hülle Kompatibel mit Samsung Galaxy S23 Ultra 5G -Black,New,20.99,No,,Yes,13,10,0,3,13,373.13,0,0,0,0,0,0,10,0,,20260307
AGL07929EUPA,X002BGLTJF,B0D84JFDCB,"Spigen Glas.tR EZ Fit Sichtschutz Schutzfolie kompatibel mit iPhone 17 Pro, iPhone 17, iPhone 16 Pro, 2 Stück, Privacy Schutz, inklusive Installationskit, Kratzfest, 9H Härte Folie",New,23.99,No,,Yes,1828,1459,7,361,1828,339.38,0,0,0,1,0,0,1459,0,,20260319
ACS05488PAN,B0B8KLYZQN,B0B8KLYZQN,"CYRILL von Spigen Ultra Color Mag Kompatibel mit iPhone 14 Pro Max (6,7"") [Kompatibel mit MagSafe] Magnetisches Kabelloses Laden Dünne Handyhülle iPhone 14 Pro Max Case - Taro",Unknown,,,,,0,0,0,0,0,356.25,0,0,0,0,0,0,0,0,,20260328
ACS09167PAN,B0DKR8DY9W,B0DKR8DY9W,Spigen Liquid Crystal Hülle Kompatibel mit Samsung Galaxy A36 5G -Crystal Clear,New,13.99,No,,Yes,49,46,0,3,159,316.76,0,110,0,0,0,0,46,0,,20260317
AGL06520PAN,B0C4R3JBC8,B0C4R3JBC8,"Spigen Glas.tR EZ Fit Schutzfolie kompatibel mit Samsung Galaxy Watch 6 44mm, 2 Stück, Kratzfest, 9H Härte Folie",New,15.99,No,,Yes,69,67,1,1,69,191.4,0,0,0,0,0,0,67,0,,20260327
ACS05458PAN,B0BBKGB11N,B0BBKGB11N,Spigen Thin Fit Hülle Kompatibel mit Apple Watch Ultra 3 (2025) / 2 (2023) / 1 (2022) 49mm - Schwarz,New,14.99,No,,Yes,243,195,0,44,413,208.44,100,70,0,4,0,0,195,0,,20260330
ACS09151PAN,B0DKGBS22K,B0DKGBS22K,"Spigen iPhone 17e / iPhone 16e Hülle [rutschfest] Liquid Air MagFit Case Slim TPU mit Truss-Design, Kompatibel mit MagSafe Zubehör -Matte Black",New,14.99,No,,Yes,158,123,1,27,168,286.12,0,0,10,7,0,0,123,0,,20260320
amzn.gr.ACS09711PAN-u2KEdmZg5p45wExGn-LN,X002F7LMDN,B0F49G9S89,"Spigen NanoPop MagFit Hülle für Google Pixel 10 und Pixel 10 Pro, Kompatibel Mit Pixelsnap und MagSafe [2025 Neue Funktion] [Made for Google] -Blueberry Navy",UsedLikeNew,22.49,No,,Yes,1,1,0,0,1,292.18,0,0,0,0,0,0,1,0,,20260307
ACS07834PAN,B0CXTX3JPK,B0CXTX3JPK,Spigen Ultra Hybrid Pro Hülle Kompatibel mit Samsung Galaxy Z Flip 6 und Z Flip 7 FE -Crystal Clear,New,41.99,No,,Yes,0,0,0,0,0,368.71,0,0,0,0,0,0,0,0,,20260320
ACS03674PAN,B09CDB1MDN,B09CDB1MDN,Spigen Thin Fit Hülle Kompatibel mit iPhone 13 Pro Max -Schwarz,New,18.99,No,,Yes,13,12,0,1,13,338.23,0,0,0,0,0,0,12,0,,20260311
AGL07803PAN,B0CWSH8F9L,B0CWSH8F9L,"Spigen Glas.tR EZ Fit Schutzglas kompatibel mit iPad Air 13 Zoll M4(2026), M3(2025), Zoll M2(2024), 1. Generation, Installationsschablone, Kristallklar, 9H Folie",New,28.99,No,,Yes,424,415,1,8,424,1571.36,0,0,0,0,0,0,415,0,,20260324
ACS09926PAN,B0FD2FMDS8,B0FD2FMDS8,"Spigen iPhone Air Hülle [2025 Upgrade 360° Ständer] [Dura Clear] Ultra Hybrid S MagFit Case Handyhülle Stoßfest Kratzfest, Kompatibel mit MagSafe -Clear White",New,24.99,No,,Yes,70,70,0,0,70,336.92,0,0,0,0,0,0,70,0,,20260326
ACP10511PAN,B0FPTKNYP3,B0FPTKNYP3,Spigen Essential Cryomax MagFit Qi2.2 25W MagSafe Autohalterung mit Ladefunktion 【Peltier Kühler】 Kabelloses Ladegerät [inkl. 1m Ladekabel] Kompatibel mit iPhone 17 16 15 14 13 Pro Max Air - Lüftung,New,32.99,No,,Yes,343,97,11,233,351,553.06,0,8,0,2,0,0,97,0,,20260329
AFA05760PAN,B0BGJT615B,B0BGJT615B,"Spigen Valentinus MagFit MagSafe Kartenhalter 3-Karten Kompatibel mit iPhone 17/16/15, andere MagSafe-Modelle und Google Pixel 10-Serie mit Pixelsnap - Schwarz",New,23.99,No,,Yes,506,452,2,51,718,139.13,100,110,2,1,0,0,452,0,,20260306
amzn.gr.ACS08979PAN-ITLL3mknWEXcFbwqZ-LN,X0028FBXLD,B0DJ9V6783,"Spigen Liquid Air für Samsung Galaxy S25 Plus Hülle mit [Stoßdämpfender Schutz], leichtes TPU, Anti-Rutsch Design –Schwarz",UsedLikeNew,0.0,No,,Yes,4,4,0,0,4,356.25,0,0,0,0,0,0,4,0,,20260328
amzn.gr.ACS07352PAN-dsbnVKDUL_jGZJ1l--VG,X002BZH4J5,B0CM4NTS3Q,Spigen Ultra Hybrid Hülle Kompatibel mit Samsung Galaxy S24 -Schwarz,UsedVeryGood,14.44,No,,Yes,1,1,0,0,1,292.35,0,0,0,0,0,0,1,0,,20260330
ACS09730PAN,B0F49863CF,B0F49863CF,"Spigen Tough Armor (AI) MagFit Hülle für Google Pixel 10 Pro XL, Kompatibel Mit Pixelsnap und MagSafe [2025 Neue Funktion] -Abyss Green",New,24.99,No,,Yes,103,86,1,16,103,323.15,0,0,0,0,0,300,86,0,,20260318
amzn.gr.ACS06288PAN-Bf0Ou2_q-A0ob_wVN-LN,X00203LEPN,B0BZ689ZB4,Spigen Thin Fit Hülle Kompatibel mit Google Pixel 8 -Schwarz,UsedLikeNew,17.99,No,,Yes,0,0,0,0,0,328.56,0,0,0,0,0,0,0,0,,20260301
ACS06793PAN,B0C5S8XR9H,B0C5S8XR9H,Spigen für iPhone 15 Ultra Hybrid Hülle [Anti-Yellowing] Case Handyhülle Schutzhülle Cover Transparent Durchsichtig Dünn Slim -Crystal Clear,New,13.99,No,,Yes,345,326,0,16,475,1136.28,0,130,0,3,0,0,326,0,,20260331
ACS11276PAN,B0FZQ1LS5Y,B0FZQ1LS5Y,Spigen Ultra Hybrid MagFit für Google Pixel 10a Hülle [Anti Vergilbung] Case Handyhülle Transparent Kompatibel mit MagSafe -Clear White,New,21.99,No,,Yes,721,718,0,3,721,273.66,0,0,0,0,0,0,718,0,,20260325
AMP03098PAN,B094JBDRKX,B094JBDRKX,"Spigen wasserdichte Handyhülle [Aqua Shield] [2 Stick] IPX8 wasserfeste Handytasche Hülle kompatibel mit iPhone 16/15/14/13 Serien, Galaxy S25/S24/S23 und Allen Smartphones - Crystal Clear",New,14.99,No,,Yes,48,44,0,4,48,3213.99,0,0,0,0,0,0,44,0,,20260321
ACS11158PAN,B0FVN7LPVJ,B0FVN7LPVJ,"Spigen Nano Pop MagFit Hülle für Samsung Galaxy Z Flip 7, Kompatibel mit MagSafe -Black Sesame",New,32.99,No,,Yes,231,132,2,7,311,368.38,50,30,0,90,0,150,132,0,,20260316
ACS11054PAN,B0FVB2PF8R,B0FVB2PF8R,"Spigen Liquid Air für Samsung Galaxy S26 Hülle [rutschfest] Slim TPU mit Truss-Design, Militärgeprüfter Schutz, Sound Tunnel Technologie Case Handyhülle –Matte Black",New,16.99,No,,Yes,1054,712,0,341,1807,276.61,0,750,3,1,0,400,712,0,,20260322
AGL03385EUP,X001O45AYP,B095RTJH1M,"Spigen Glas.tR EZ Fit Schutzfolie kompatibel mit iPhone 17e, iPhone 16e, iPhone 14, iPhone 13, iPhone 13 Pro, 2 Stück, Kratzfest, 9H Härte Folie",New,16.99,No,,Yes,6641,5694,7,939,6648,334.62,0,0,7,1,0,0,5694,0,,20260329
AGL07164EUP,X001W18BKP,B0CJ5SVBKZ,"Spigen Glas.tR EZ Fit Optik Pro Kameraschutz kompatibel mit iPhone 17 Pro, iPhone 17 Pro Max, iPhone 15 Pro, iPhone 15 Pro Max, 2 Stück, Tiefblau, Individuelle Kameraprotektion, 9H Härte Folie",New,18.99,No,,Yes,1882,1871,1,8,1882,269.57,0,0,0,2,0,0,1871,0,,20260320
ACS05672PAN,B0BJSB4JTG,B0BJSB4JTG,Spigen Tough Armor Hülle Kompatibel mit Samsung Galaxy S23 Plus 5G -Black,New,21.99,No,,Yes,226,180,0,46,226,334.79,0,0,0,0,0,0,180,0,,20260318
ACS09151PAN,B0DKGBS22K,B0DKGBS22K,"Spigen iPhone 17e / iPhone 16e Hülle [rutschfest] Liquid Air MagFit Case Slim TPU mit Truss-Design, Kompatibel mit MagSafe Zubehör -Matte Black",New,16.99,No,,Yes,224,186,2,32,320,290.87,90,0,6,4,0,0,186,0,,20260309
ACS09942PAN,B0FD2HG9F4,B0FD2HG9F4,"Spigen iPhone 17 Pro Hülle [rutschfest] [DURCHDACHTE Details] Liquid Air Case Slim TPU mit Truss-Design, Militärgeprüfter Schutz, Sound Tunnel Technologie Handyhülle –Matte Black",New,15.99,No,,Yes,1398,1389,2,7,1398,327.91,0,0,0,0,0,0,1389,0,,20260323
AMP04617PAN,B09Y8NTZ1Y,B09Y8NTZ1Y,"Spigen Armband Dynamic Shield [Ultra-Leicht] Handytasche Joggen Handy Handyhalterung Universal [Schnelltrocknend] Kompatibel mit iPhone, Samsung Galaxy, Google Pixel -Schwarz",New,14.99,No,,Yes,287,239,3,44,347,1525.96,0,60,0,1,0,0,239,0,,20260314
ACS09310PAN,B0DQ67JGXW,B0DQ67JGXW,Spigen Dual Grip Hülle Kompatibel mit Nintendo Switch 2 2025 Case Zubehör - Schwarz,New,19.99,No,,Yes,316,207,1,105,526,2265.51,160,50,0,3,0,0,207,0,,20260306
AMP09033PAN,B0DJB7K59S,B0DJB7K59S,"Spigen Athlex Air Armband Entwickelt für Apple Watch Ultra 3/2/1 49mm, Serie 11/10 46mm, Serie 9/8/7/SE 45mm,44mm - Actives Schwarz",New,19.99,No,,Yes,657,572,1,84,657,193.37,0,0,0,0,0,0,572,0,,20260331
amzn.gr.ACS09704PAN-VFUdhiLwdn1DRUubx-VG,X002J33XR1,B0F49FTLRQ,"Spigen Ultra Hybrid MagFit Hülle für Google Pixel 10 und Pixel 10 Pro, Kompatibel Mit Pixelsnap und MagSafe [2025 Neue Funktion] [Made for Google] -Neo One",UsedVeryGood,20.39,No,,Yes,1,1,0,0,1,256.62,0,0,0,0,0,0,1,0,,20260313
ACS09942PAN,B0FD2HG9F4,B0FD2HG9F4,"Spigen iPhone 17 Pro Hülle [rutschfest] [DURCHDACHTE Details] Liquid Air Case Slim TPU mit Truss-Design, Militärgeprüfter Schutz, Sound Tunnel Technologie Handyhülle –Matte Black",New,15.99,No,,Yes,1473,1457,7,9,1473,327.91,0,0,0,0,0,0,1457,0,,20260313
AGL09662PAN,B0FBDQ73HY,B0FBDQ73HY,"Spigen Glas.tR EZ Fit Optik Kameraschutz kompatibel mit Google Pixel 10 Pro, 2 Stück, Kristallklar, Rundumschutz, Anti-Kratzer, 9H Härte Schutzfolie",New,19.99,No,,Yes,5672,5640,1,30,5672,321.84,0,0,0,1,0,300,5640,0,,20260312
ACS09984PAN,B0FD2G2GS7,B0FD2G2GS7,Spigen iPhone 17 Hülle [Spigen Premium Qualität] Tough Armor MagFit Case Handyhülle mit Kickstand Kompatibel mit MagSafe –Schwarz,New,34.99,No,,Yes,451,407,0,44,821,306.6,70,300,0,0,0,60,407,0,,20260304
amzn.gr.ACS09979PAN-sCHSovkqIGQuWBTOC-LN,X002F6LIIX,B0FD21MCFX,"Spigen iPhone 17 Hülle [rutschfest] [DURCHDACHTE Details] Liquid Air Case Slim TPU mit Truss-Design, Militärgeprüfter Schutz, Sound Tunnel Technologie Handyhülle –Abyss Green",UsedLikeNew,14.39,No,,Yes,1,1,0,0,1,284.32,0,0,0,0,0,0,1,0,,20260305
ACS10170PAN,B0FF7V6H6Y,B0FF7V6H6Y,Spigen iPhone 17 Pro Hülle Ultra Hybrid MagFit [c11 Edition] [3D-Raumeffekt durch Hexa Layer Druck] Kompatibel mit MagSafe Zubehör -Huntgton,New,24.99,No,,Yes,128,124,1,3,128,318.07,0,0,0,0,0,200,124,0,,20260301
ACS09718PAN,B0F497T8NG,B0F497T8NG,"Spigen Liquid Air MagFit Hülle für Google Pixel 10 Pro XL, Kompatibel Mit Pixelsnap und MagSafe [2025 Neue Funktion] [Made for Google] -Schwarz",New,19.99,No,,Yes,146,144,0,2,146,336.59,0,0,0,0,0,0,144,0,,20260323
AGL06892EUP,X001TLUUH5,B0C9RWRD7Y,"Spigen Glas.tR EZ Fit Schutzfolie kompatibel mit iPhone 15 Pro, 2 Stück, Kratzfest, 9H Härte Folie",New,18.99,No,,Yes,3231,3180,6,43,3231,354.78,0,0,0,2,0,0,3180,0,,20260311
ACS10958PAN,B0FVBMVTRH,B0FVBMVTRH,Spigen Ultra Hybrid MagFit für Samsung Galaxy S26 Ultra Hülle [Anti Vergilbung] Case Handyhülle Transparent Kompatibel mit MagSafe -Clear White,New,22.99,No,,Yes,5471,5299,1,159,5471,349.04,0,0,0,12,0,2200,5299,0,,20260328
AGL05180PAN,B0B1ZKQ6Z5,B0B1ZKQ6Z5,"Spigen Glas.tR EZ Fit Schutzfolie kompatibel mit Samsung Galaxy S22, 2 Stück, Kratzfest, Kristallklar, 9H Härte Folie",New,21.99,No,,Yes,336,326,0,10,356,293.98,0,20,0,0,0,0,326,0,,20260302
amzn.gr.ACS09418PAN-jaEBThWOwB8Oly4Vj-VG,X002I1JPSF,B0DWYC2XJF,"Spigen Ultra Hybrid MagFit für Samsung Galaxy S25 Edge Hülle mit [Anti-Vergilbung], [Air Cushion Tech], MagSafe kompatibel –Clear White",UsedVeryGood,22.94,No,,Yes,1,0,0,1,1,333.15,0,0,0,0,0,0,0,0,,20260316
amzn.gr.ACS08993PAN-t7O92aCNeMRDZPRQB-LN,X0028HKYR5,B0DJ9T54NG,"Spigen Thin Fit MagFit Hülle für Samsung Galaxy S25, Kompatibel mit MagSafe -Schwarz",UsedLikeNew,22.49,No,,Yes,1,1,0,0,1,270.88,0,0,0,0,0,0,1,0,,20260311
ACS09914PAN,B0FD1TS6DF,B0FD1TS6DF,"Spigen iPhone 17 Pro Max Hülle Nano Pop MagFit [Zweifarbiges Design] Stylisch Dünn Staubfrei Schlank Slim, Kompatibel mit MagSafe Zubehör -Burgundy Bean",New,25.99,No,,Yes,148,96,0,52,148,356.25,0,0,0,0,0,0,96,0,,20260306
ACS09978PAN,B0FD2HGY7X,B0FD2HGY7X,"Spigen iPhone 17 Hülle [rutschfest] [DURCHDACHTE Details] Liquid Air Case Slim TPU mit Truss-Design, Militärgeprüfter Schutz, Sound Tunnel Technologie Handyhülle –Navy Blue",New,15.99,No,,Yes,458,318,3,137,458,255.31,0,0,0,0,0,0,318,0,,20260308
ACS08961PAN,B0DJ9TJYT9,B0DJ9TJYT9,Spigen Ultra Hybrid Hülle Kompatibel mit Samsung Galaxy S25 Ultra -Crystal Clear,New,18.99,No,,Yes,355,333,0,22,355,316.76,0,0,0,0,0,0,333,0,,20260319
071CS25963PAN,B07V5KKM21,B07V5KKM21,"Spigen Thin Fit Kompatibel mit MacBook Air A2337 M1, A2179, A1932 Retina 13 Zoll Hülle (2020/2019/2018) - Schwarz",New,37.99,No,,Yes,39,38,0,1,49,1549.4,0,10,0,0,0,0,38,0,,20260308
ACS10960PAN,B0FVBKG9ZP,B0FVBKG9ZP,Spigen Ultra Hybrid MagFit für Samsung Galaxy S26 Ultra Hülle [Anti Vergilbung] Case Handyhülle Transparent Kompatibel mit MagSafe -Frost Black,New,24.99,No,,Yes,347,0,2,345,1547,334.79,0,1200,0,0,0,600,0,0,,20260308
ACS06314PAN,B0BZ5VLZY6,B0BZ5VLZY6,Spigen Rugged Armor Hülle Kompatibel mit Google Pixel 8 Pro -Schwarz,New,14.99,No,,Yes,238,209,0,29,238,313.65,0,0,0,0,0,0,209,0,,20260330
amzn.gr.AMP09336PAN-v_uP3HHqCaUIxOL2g-LN,X002FBK3XT,B0DT1NJKY3,"Spigen Automatischer Selfie Stick [WonderSnap] [Auto-Open] mit Bluetooth Fernbedienung Stativ kompatibel mit GoPro, iPhone 16/15/14/13 Serien, Galaxy S25/S24/S23 und Allen Smartphones – Schwarz",UsedLikeNew,28.79,No,,Yes,1,1,0,0,1,702.35,0,0,0,0,0,0,1,0,,20260316
ACS09712PAN,B0F49DRBCD,B0F49DRBCD,"Spigen NanoPop MagFit Hülle für Google Pixel 10 und Pixel 10 Pro, Kompatibel Mit Pixelsnap und MagSafe [2025 Neue Funktion] [Made for Google] -Papaya Gray",New,24.99,No,,Yes,136,130,2,4,137,262.03,0,0,1,0,0,0,130,0,,20260306
AFL08524PAN,B0D6Q2Z1B6,B0D6Q2Z1B6,"Spigen Eliteshield EZ Fit Schutzfolie kompatibel mit Google Pixel Watch 4/3/2/1 41mm, 2 Stück, Positionierhilfe für Installation, Anti-Kratzer, Kristallklar",New,18.99,No,,Yes,0,0,0,0,0,728.08,0,0,0,0,0,320,0,0,,20260315
ACS10077PAN,B0FD21GLV5,B0FD21GLV5,Spigen iPhone 17 Pro Hülle [2025 Upgrade Kamerasteuerung] Ultra Hybrid T MagFit [Dura Clear Tech] Case Handyhülle Transparent Kompatibel mit MagSafe –Glossy White,New,24.99,No,,Yes,421,400,8,12,441,171.08,0,20,0,1,0,450,400,0,,20260328
ACS10085PAN,B0FD2P1ZRC,B0FD2P1ZRC,Spigen iPhone 17 Hülle [Spigen Signature] Ultra Hybrid MagFit Case Handyhülle Transparent Kompatibel mit MagSafe -Frost Black,New,20.99,No,,Yes,304,260,7,36,304,320.2,0,0,0,1,0,630,260,0,,20260331
amzn.gr.ACS09157PAN-wJN0smZCqs1qn_xCz-LN,X002CUPOD7,B0DQ3V3THC,"Spigen iPhone 17e / iPhone 16e Hülle Nano Pop MagFit [Zweifarbiges Design] Stylisch Dünn Staubfrei Schlank Slim, Kompatibel mit MagSafe Zubehör -AVO Green",UsedLikeNew,23.31,No,,Yes,4,3,0,1,4,290.87,0,0,0,0,0,0,3,0,,20260310
amzn.gr.AGL07152PAN-VOWhGvykgJxW8itoh-VG,X002GSC21R,B0CHV4WP2C,"Spigen Glas.tR EZ Fit Schutzfolie für Tesla Model 3(2026-2024), Model Y Standard(2026-2025), Model Y Premium (2025), inkl. Installationsset, 15,4 Zoll, Matt, Blendschutz, Anti-Fingerabdruck, 9H",UsedVeryGood,35.69,No,,Yes,1,1,0,0,1,2398.74,0,0,0,0,0,0,1,0,,20260307
ACS05628PAN,B0BJRZFVMV,B0BJRZFVMV,Spigen Slim Armor CS Hülle Kompatibel mit Samsung Galaxy S23 Ultra 5G -Black,New,20.99,No,,Yes,0,0,0,0,0,373.13,0,0,0,0,0,0,0,0,,20260330
amzn.gr.ACP02618PAN-Y5IMPJevxitRr-pHF-LN,X001P1NZU3,B08Y2DK4XY,"Spigen OneTap Magfit Handyhalterung für Magsafe Autohalterung Armaturenbrett, Magnetische Handyhalter Auto Magnet kompatibel mit iPhone 17/16/15/14/13/12 Pro Max Air Plus Mini und MagSafe Hülle",UsedLikeNew,28.79,No,,Yes,1,1,0,0,1,5284.83,0,0,0,0,0,0,1,0,,20260303
ACS08146PAN,B0D21LGLX7,B0D21LGLX7,"Spigen Tough Armor (AI) MagFit Hülle für iPhone 16 Pro, Kompatibel mit MagSafe Zubehör -Schwarz",New,28.99,No,,Yes,138,98,0,39,138,323.15,0,0,0,1,0,0,98,0,,20260317
amzn.gr.ACS03983PAN-Uajzto5RrZsPq2zTw-AC,X002H2PI0J,B09JFJRG5Q,Spigen Thin Fit Hülle Kompatibel mit Samsung Galaxy S22 -Schwarz,UsedAcceptable,0.0,No,,Yes,1,1,0,0,1,287.59,0,0,0,0,0,0,1,0,,20260313
amzn.gr.AMP02746PAN-wUx4blhxYEFnDql5H-VG,X002IH2X8D,B08S1XM54D,"Spigen Smart Fold MagFit MagSafe Kartenhalter mit Ständer Kompatibel mit iPhone 17/16/15, andere MagSafe-Modelle und Google Pixel 10-Serie mit Pixelsnap - Schwarz",UsedVeryGood,21.24,No,,Yes,1,1,0,0,1,152.89,0,0,0,0,0,0,1,0,,20260303
ACS07728PAN,B0CVR387XZ,B0CVR387XZ,Spigen Tough Armor Hülle Kompatibel mit Google Pixel 9 Pro XL [Made for Google] -Abyss Green,New,20.99,No,,Yes,96,56,0,40,96,353.31,0,0,0,0,0,0,56,0,,20260301
amzn.gr.ACS09561PAN-VMt_K5MQqETVUw0UD-VG,X002GD52F5,B0F1CBKGTN,"Spigen Tough Armor Pro MagFit Hülle für Samsung Galaxy Z Flip 7, Kompatibel mit MagSafe -Schwarz",UsedVeryGood,46.74,No,,Yes,1,1,0,0,1,397.55,0,0,0,0,0,0,1,0,,20260319
AGL00106PAN,B07WP9ZGQZ,B07WP9ZGQZ,"Spigen AlignMaster Schutzfolie kompatibel mit iPhone 11, iPhone XR, Volle Abdeckung, Kratzfest, 9H Härte Folie",New,17.99,No,,Yes,118,115,0,3,118,357.89,0,0,0,0,0,0,115,0,,20260311
ACS07995UKO,B0D21XKCNZ,B0D21XKCNZ,Spigen für iPhone 16 Pro Max Hülle [Anti-Yellowing] Ultra Hybrid Case Handyhülle Schutzhülle Cover Transparent Durchsichtig Dünn Slim -Frost Black,Unknown,,,,,32,31,0,0,32,316.76,0,0,0,1,0,0,31,0,,20260305
amzn.gr.ACS08986PAN-vMXDATA4nKiHiorua-GD,X002EOMHFT,B0DJ9TLKM3,Spigen Ultra Hybrid Hülle Kompatibel mit Samsung Galaxy S25 Plus -Frost Black,UsedGood,13.59,No,,Yes,1,1,0,0,1,381.82,0,0,0,0,0,0,1,0,,20260321
ACS09942PAN,B0FD2HG9F4,B0FD2HG9F4,"Spigen iPhone 17 Pro Hülle [rutschfest] [DURCHDACHTE Details] Liquid Air Case Slim TPU mit Truss-Design, Militärgeprüfter Schutz, Sound Tunnel Technologie Handyhülle –Matte Black",New,15.99,No,,Yes,1387,1377,2,8,1387,327.91,0,0,0,0,0,0,1377,0,,20260324
041CS20167PAN,B01BEDNUDK,B01BEDNUDK,"Spigen Rugged Armor Hülle Kompatibel mit iPhone SE, iPhone 5s und iPhone 5 -Schwarz",New,14.99,No,,Yes,55,47,0,8,56,242.2,0,0,1,0,0,0,47,0,,20260316
ACS06492PAN,B0C4G219XJ,B0C4G219XJ,Spigen Rugged Armor Pro Hülle mit Armband Kompatibel mit Samsung Galaxy Watch 6 Classic 43mm 2023 - Schwarz,New,23.99,No,,Yes,46,46,0,0,46,401.65,0,0,0,0,0,0,46,0,,20260306
ACP09333PAN,B0FDPCYLS4,B0FDPCYLS4,"Spigen Starlink Mini Halterung [Starke Haftkraft bis 23 kg] Saugnapfhalterung mit Schnellverschluss-Design, Starlink Autohalterung für Autos, Wohnwagen, Booten, LKWs, Fenster, Glas und Schiebedach",New,44.99,No,,Yes,35,31,0,4,35,4365.51,0,0,0,0,0,0,31,0,,20260324
AGL03385EUP,X001O45AYP,B095RTJH1M,"Spigen Glas.tR EZ Fit Schutzfolie kompatibel mit iPhone 17e, iPhone 16e, iPhone 14, iPhone 13, iPhone 13 Pro, 2 Stück, Kratzfest, 9H Härte Folie",New,16.99,No,,Yes,5723,5305,7,400,8223,334.62,2500,0,0,11,0,0,5305,0,,20260312
ACS11040PAN,B0FVBPV3QF,B0FVBPV3QF,"Spigen Optik Armor für Samsung Galaxy S26 Ultra Hülle mit [Objektivschutz], [Air Cushion Tech] und Anti-Rutsch Design –Schwarz",New,21.99,No,,Yes,4692,4397,0,295,4702,377.89,0,0,10,0,0,0,4397,0,,20260301
ACS11279PAN,B0FZPY2FT6,B0FZPY2FT6,Spigen Ultra Hybrid für Google Pixel 10a Hülle [Anti Vergilbung] Ultra Hybrid Case Handyhülle Transparent Schutzhülle Slim Dünn –Crystal Clear,New,16.99,No,,Yes,1669,1481,0,188,1669,287.59,0,0,0,0,0,0,1481,0,,20260317
ACS09161PAN,B0DKWKYBLZ,B0DKWKYBLZ,"Spigen iPhone 17e / iPhone 16e Hülle [rutschfest] Liquid Air Case Slim TPU mit Truss-Design, Militärgeprüfter Schutz -Matte Black",New,11.99,No,,Yes,326,181,3,140,406,270.71,0,80,0,2,0,0,181,0,,20260321
amzn.gr.ACS01392PAN-_bVyWOCaC2x__UG57-VG,X002CS1OQ5,B089CLPZFY,Spigen Liquid Air Hülle Kompatibel mit Samsung Galaxy Note 20 Ultra -Matte Black,UsedVeryGood,11.89,No,,Yes,2,2,0,0,2,301.36,0,0,0,0,0,0,2,0,,20260323
amzn.gr.AHP09660PAN-3pWOzFFooDHgxyqJv-VG,X002GRAR0L,B0F865LMX6,Spigen Valentinus Pro Schlüsselanhänger Kompatibel mit AirTag 2/1 (2026/2021) Schlüssel Organizer bis 5 Schlüssel Ring für Autoschlüssel - Schwarz,Unknown,,,,,0,0,0,0,0,212.54,0,0,0,0,0,0,0,0,,20260312
ACS04980PAN,B0B1PDP8RJ,B0B1PDP8RJ,Spigen Slim Armor CS Hülle Kompatibel mit iPhone 14 Pro -Schwarz,New,22.99,No,,Yes,88,84,1,3,88,290.71,0,0,0,0,0,0,84,0,,20260331
amzn.gr.AFA09206PAN-6jQeOdTAG1eaOxuA--LN,X0028RSP2V,B0DNH51B79,"Spigen Ultra Hybrid MagFit Magnetischer Kartenhalter 3-Karten Kompatibel mit magnetischer Hülle Entwickelt für Samsung Galaxy S26,S26+,S26 Ultra, S25 Serie und Z Fold 7 - Kristallklar",UsedLikeNew,25.19,No,,Yes,2,2,0,0,2,211.07,0,0,0,0,0,0,2,0,,20260331
ACS07006PAN,B0CW2DRJ9R,B0CW2DRJ9R,Spigen Ultra Hybrid Pro Hülle Kompatibel mit iPad Pro 13 Zoll M5 (2025) / M4 (2024) Chip Case mit Transparente Hartschale Auto Schlaf/Wach Funktion Stiftfreundlich - Schwarz,New,31.99,No,,Yes,303,293,5,5,303,1623.47,0,0,0,0,0,0,293,0,,20260309
ACS00601PAN,B07ZW92MJZ,B07ZW92MJZ,Spigen Liquid Air Hülle Kompatibel mit Samsung Galaxy A51 -Schwarz,New,14.99,No,,Yes,0,0,0,0,0,319.88,0,0,0,0,0,0,0,0,,20260314
ACS11065PAN,B0FVBFXHSW,B0FVBFXHSW,"Spigen Nano Pop MagFit für Samsung Galaxy S26 Hülle [Zweifarbiges Design] Stylisch Dünn Staubfrei Case Handyhülle, Kompatibel mit MagSafe -Blueberry Navy",New,23.99,No,,Yes,743,716,0,26,743,289.23,0,0,0,1,0,0,716,0,,20260327
AGL11069PAN,B0G877D436,B0G877D436,"Spigen Glas.tR EZ Fit Pro Anti-Reflex Schutzfolie kompatibel mit Samsung Galaxy S26 Ultra, 2 Stück, inklusive Installationskit, Kratzfest, Kristallklar, 10H+ Härte Folie",New,27.99,No,,Yes,30,0,1,29,30,354.78,0,0,0,0,0,0,0,0,,20260310
ACS06314PAN,B0BZ5VLZY6,B0BZ5VLZY6,Spigen Rugged Armor Hülle Kompatibel mit Google Pixel 8 Pro -Schwarz,New,14.99,No,,Yes,226,214,0,12,226,313.65,0,0,0,0,0,0,214,0,,20260315
AFA09382PAN,B0FB1V9S7D,B0FB1V9S7D,"Spigen Life Trinkbecher Tasche LF500 Magnetischer Flaschenhalter für Gym Passend für 20oz–40oz Wasserflaschen mit Fach für Handy und kleine Gegenstände für Fitness, Camping, Outdoor - Schwarz",New,30.99,No,,Yes,467,322,0,145,467,3453.25,0,0,0,0,0,50,322,0,,20260315
ACS11166PAN,B0FWGVKRW9,B0FWGVKRW9,Spigen Ultra Hybrid MagFit für Samsung Galaxy S26 Hülle [Anti Vergilbung] Case Handyhülle Transparent Kompatibel mit MagSafe -Light Blue,New,23.99,No,,Yes,290,282,0,8,340,325.12,0,50,0,0,0,100,282,0,,20260327
ACS06084PAN,B0BT2JT6QR,B0BT2JT6QR,Spigen Thin Fit Hülle Kompatibel mit Samsung Galaxy S23 5G -Grün,New,18.99,No,,Yes,2,0,2,0,2,289.23,0,0,0,0,0,0,0,0,,20260325
ACS10959PAN,B0FVB57R9R,B0FVB57R9R,Spigen Ultra Hybrid MagFit für Samsung Galaxy S26 Ultra Hülle [Anti Vergilbung] Case Handyhülle Transparent Kompatibel mit MagSafe -Matte Black,New,22.99,No,,Yes,321,159,0,162,1511,356.25,0,1190,0,0,0,100,159,0,,20260309
AGL01811EUP,X001WWPZ03,B08DQBT5P2,"Spigen Glas.tR EZ Fit Schutzfolie kompatibel mit iPhone 12 Mini, 2 Stück, Kratzfest, 9H Härte Folie",New,17.99,No,,Yes,280,256,0,24,281,545.36,0,0,1,0,0,0,256,0,,20260322
amzn.gr.ACS09302PAN-A59pvTeoaTpkAnBnI-VG,X002C1JUEP,B0DPJKS3FX,Spigen iPhone 16 Pro Hülle Ultra Hybrid T MagFit [c11 Series Chronos Edition] [Camera Control Button] [3D-Raumeffekt durch Hexa Layer Druck] Kompatibel mit MagSafe Zubehör -Eternal,UsedVeryGood,28.14,No,,Yes,1,1,0,0,1,480.96,0,0,0,0,0,0,1,0,,20260326
ACS10458PAN,B0FKJVZ9MK,B0FKJVZ9MK,Spigen Rugged Armor Hülle Kompatibel mit Xiaomi 17 -Matte Black,New,14.99,No,,Yes,0,0,0,0,570,295.62,0,570,0,0,0,0,0,0,,20260301
ACS06492PAN,B0C4G219XJ,B0C4G219XJ,Spigen Rugged Armor Pro Hülle mit Armband Kompatibel mit Samsung Galaxy Watch 6 Classic 43mm 2023 - Schwarz,New,23.99,No,,Yes,45,45,0,0,45,401.65,0,0,0,0,0,0,45,0,,20260310
ACS09302PAN,B0DPJKS3FX,B0DPJKS3FX,Spigen iPhone 16 Pro Hülle Ultra Hybrid T MagFit [c11 Series Chronos Edition] [Camera Control Button] [3D-Raumeffekt durch Hexa Layer Druck] Kompatibel mit MagSafe Zubehör -Eternal,New,24.99,No,,Yes,145,144,0,0,145,480.96,0,0,0,1,0,0,144,0,,20260317
ACS09926PAN,B0FD2FMDS8,B0FD2FMDS8,"Spigen iPhone Air Hülle [2025 Upgrade 360° Ständer] [Dura Clear] Ultra Hybrid S MagFit Case Handyhülle Stoßfest Kratzfest, Kompatibel mit MagSafe -Clear White",New,24.99,No,,Yes,73,72,0,1,73,336.92,0,0,0,0,0,0,72,0,,20260321
ACS09310PAN,B0DQ67JGXW,B0DQ67JGXW,Spigen Dual Grip Hülle Kompatibel mit Nintendo Switch 2 2025 Case Zubehör - Schwarz,New,19.99,No,,Yes,264,180,5,76,289,2245.85,0,25,0,3,0,0,180,0,,20260322
amzn.gr.ACS07235PAN-Inwqt9DvecNQiN8p2-LN,X001YJK4HD,B0CM4NT639,Spigen Thin Fit Hülle Kompatibel mit Sony PlayStation Portal Remote Player - Schwarz,UsedLikeNew,17.99,No,,Yes,15,15,0,0,15,3366.07,0,0,0,0,0,0,15,0,,20260328
ACS10077PAN,B0FD21GLV5,B0FD21GLV5,Spigen iPhone 17 Pro Hülle [2025 Upgrade Kamerasteuerung] Ultra Hybrid T MagFit [Dura Clear Tech] Case Handyhülle Transparent Kompatibel mit MagSafe –Glossy White,New,24.99,No,,Yes,447,406,14,26,587,171.08,110,30,0,1,0,450,406,0,,20260305
ACH10441PAN,B0GJZZRMJF,B0GJZZRMJF,"Spigen Essential 15W MagSafe Ladegerät [inkl. 60W USB-C Kabel] Magnetische Kabellose Ladestation für iPhone 17 16 15 14 Pro Max 17e & MagSafe Hüllen für Galaxy S26 S25, Pixel 10a 10 9 Pro XL - Schwarz",New,19.99,No,,Yes,297,240,1,56,598,1418.96,0,300,1,0,0,110,240,0,,20260319
ACS07086PAN,B0CHGKS7HG,B0CHGKS7HG,Spigen Rugged Armor Hülle Kompatibel mit Sony WF-1000XM5 (2023) - Matt Schwarz,New,18.99,No,,Yes,150,140,0,10,180,259.9,0,30,0,0,0,0,140,0,,20260313
AMP04528PAN,B09Y8QSHSS,B09Y8QSHSS,"Spigen Wasserdichte Handyhülle [Aqua Shield] [2 Stick] IPX8 wasserfeste Handytasche unterwasser Hülle kompatibel mit iPhone 16/15/14/13 Serien, Galaxy S25/S24/S23 und Allen Smartphones - Crystal Clear",New,18.99,No,,Yes,38,38,0,0,38,2007.09,0,0,0,0,0,0,38,0,,20260301
ACS04390PAN,B09QBBM542,B09QBBM542,Spigen Tag Armor Duo Hülle Case kompatibel mit AirPods Pro und AirTag - Metal Slate,New,23.99,No,,Yes,0,0,0,0,0,272.35,0,0,0,0,0,0,0,0,,20260323
ACS11030PAN,B0FVBFT41L,B0FVBFT41L,Spigen Ultra Hybrid für Samsung Galaxy S26 Ultra Hülle [Anti Vergilbung] Ultra Hybrid Case Handyhülle Transparent Schutzhülle Slim Dünn –Crystal Clear,New,16.99,No,,Yes,2997,2793,4,200,5105,374.28,0,2100,8,0,0,0,2793,0,,20260321
ACS10082PAN,B0FD2K58MF,B0FD2K58MF,Spigen iPhone 17 Hülle [Spigen Signature] Ultra Hybrid MagFit [Dura Clear Tech] Case Handyhülle Transparent Kompatibel mit MagSafe -Clear White,New,19.99,No,,Yes,2984,2089,7,888,3054,253.34,0,70,0,0,0,0,2089,0,,20260306
AGL07908EUPA,X002BGNUKL,B0D84JFDCS,"Spigen Glas.tR EZ Fit Sichtschutz Schutzfolie kompatibel mit iPhone 17 Pro Max, iPhone 16 Pro Max, 2 Stück, Privacy Schutz, inklusive Installationskit, Kratzfest, 9H Härte Folie",New,23.99,No,,Yes,2024,1917,8,97,2114,427.87,0,0,90,2,0,0,1917,0,,20260310
ACS10958PAN,B0FVBMVTRH,B0FVBMVTRH,Spigen Ultra Hybrid MagFit für Samsung Galaxy S26 Ultra Hülle [Anti Vergilbung] Case Handyhülle Transparent Kompatibel mit MagSafe -Clear White,New,22.99,No,,Yes,6142,1172,0,4968,6151,378.05,0,9,0,2,0,2200,1172,0,,20260313
AGL05761EUPE,B0BGYTK4N9,B0BGYTK4N9,"Spigen Glas.tR Optik Kameraschutz kompatibel mit iPhone 14 Pro, iPhone 14 Pro Max, 2 Stück, Kristallklar, Hüllenfreundlich, Anti-Kratzer, 9H Härte Folie",New,15.99,Yes,0.0,No,0,0,0,0,0,239.25,0,0,0,0,0,0,0,0,,20260307
amzn.gr.AMP10402PAN-9lO59ccBixa7Wt7e2-VG,X002IFUFU3,B0FJZQZGBZ,"Spigen Slim Fold Laptop Ständer Höhenverstellbar [2 Stück] Selbstklebender Laptopständer, Doppelt Verstellbarer Ergonomischer Winkel, Kompatibel mit MacBook Pro, MacBook Air 11–16"" und mehr – Schwarz",UsedVeryGood,14.44,No,,Yes,1,1,0,0,1,102.58,0,0,0,0,0,0,1,0,,20260303
amzn.gr.ACS09056PAN-CrkJCB4RhquRmgHKd-LN,X0028Q1Y7F,B0DL7NWC79,"Spigen NanoPop MagFit Hülle für Samsung Galaxy S25 Ultra, Kompatibel mit MagSafe -Blueberry Navy",UsedLikeNew,25.19,No,,Yes,3,1,0,2,3,306.77,0,0,0,0,0,0,1,0,,20260319
ACS09702PAN,B0F49GQVQ4,B0F49GQVQ4,"Spigen Ultra Hybrid MagFit Hülle für Google Pixel 10 und Pixel 10 Pro, Kompatibel Mit Pixelsnap und MagSafe [2025 Neue Funktion] [Made for Google] -Clear White",New,21.99,No,,Yes,415,333,9,72,785,287.59,0,370,0,1,0,120,333,0,,20260329
ACS06019PAN,B0BZHVTFBT,B0BZHVTFBT,"Spigen wasserdichte Handyhülle [Aqua Shield] [2 Stick] IPX8 wasserfeste Handytasche Unterwasser Hülle kompatibel mit iPhone 16/15/14/13 Serien, Galaxy S25/S24/S23 und Allen Smartphones - Mint",New,18.99,No,,Yes,24,24,0,0,24,1749.81,0,0,0,0,0,0,24,0,,20260307
ACS09926PAN,B0FD2FMDS8,B0FD2FMDS8,"Spigen iPhone Air Hülle [2025 Upgrade 360° Ständer] [Dura Clear] Ultra Hybrid S MagFit Case Handyhülle Stoßfest Kratzfest, Kompatibel mit MagSafe -Clear White",New,24.99,No,,Yes,84,84,0,0,84,336.92,0,0,0,0,0,0,84,0,,20260308
ACS07668PAN,B0CW2C6WDL,B0CW2C6WDL,Spigen Ultra Hybrid Pro Hülle für iPad Air 13 Zoll 8. M4 / 7. M3 / 6. Generation M2 (2026/25/24) mit Stifthalter Auto Schlaf/Wach Funktion Transparenter Rückseitenschale Veganes Veloleder - Schwarz,New,29.99,No,,Yes,70,60,2,8,70,1723.92,0,0,0,0,0,0,60,0,,20260315
AFL00901PAN,B08392XXMM,B08392XXMM,"Spigen NeoFlex Schutzfolie kompatibel mit Samsung Galaxy S20 Plus, 2 Stück, Kratzfest, PET Film, Wasserinstallation Folie",New,15.99,No,,Yes,0,0,0,0,0,394.93,0,0,0,0,0,0,0,0,,20260314
AGL07395EUP,X001XKG3E1,B0CMRJSVY5,"Spigen AlignMaster Schutzfolie kompatibel mit Google Pixel 8 Pro, 2 Stück, Kratzfest, 9H Härte Folie",New,18.99,No,,Yes,356,336,1,19,356,480.8,0,0,0,0,0,0,336,0,,20260316
ACS10426PAN,B0FQRC6K3T,B0FQRC6K3T,"Spigen Volkswagen Schlüsselhülle [1 Stück], TPU Schlüsselgehäuse, Autoschlüssel Hülle für VW, SKODA mit Karabiner und Riemen, Kompatibel mit VW Smart Key Fernbedienung Cover Zubehör - Schwarz",New,28.99,No,,Yes,168,110,0,57,168,494.73,0,0,0,1,0,0,110,0,,20260329
ACS11203PAN,B0G7MY5GYV,B0G7MY5GYV,Spigen Classic Fit Hülle Kompatibel mit Samsung Galaxy Buds 4 Pro/Buds 4 (2026) - Matt Schwarz,New,20.99,No,,Yes,404,361,2,40,404,303.98,0,0,0,1,0,0,361,0,,20260328
ACS07998PAN,B0D21FFYPH,B0D21FFYPH,Spigen für iPhone 16 Pro Max Hülle [Anti-Yellowing] Ultra Hybrid MagFit Case Handyhülle Transparent Dünn Slim Kompatibel mit MagSafe -Weiß,New,18.95,No,,Yes,150,144,2,3,150,374.12,0,0,0,1,0,0,144,0,,20260322
amzn.gr.AFA08852PAN-qdJP_5hnNFCeExinU-VG,X002DDELAZ,B0DK7SX87C,Spigen Reisepass Hülle mit Airtag Fach Passport Cover mit RFID-Blockierung und SIM-Karten-Pin aus Kunstleder Kompatibel mit AirTag 2 2026/1 2021 und den meisten Pässen - Schwarz,UsedVeryGood,22.94,No,,Yes,0,0,0,0,0,625.33,0,0,0,0,0,0,0,0,,20260326
ACS09373PAN,B0DV62HC7M,B0DV62HC7M,Spigen Ultra Hybrid Hülle Kompatibel mit Nothing Phone (3a) -Space Crystal,New,16.99,No,,Yes,495,458,1,36,496,1574.47,0,0,1,0,0,0,458,0,,20260311
amzn.gr.ACS07352PAN-dsbnVKDUL_jGZJ1l--VG,X002BZH4J5,B0CM4NTS3Q,Spigen Ultra Hybrid Hülle Kompatibel mit Samsung Galaxy S24 -Schwarz,UsedVeryGood,14.44,No,,Yes,1,1,0,0,1,292.35,0,0,0,0,0,0,1,0,,20260320
K09CS26485PAN,B07RY67KWY,B07RY67KWY,Spigen Tough Armor Hülle Kompatibel mit Oneplus 7 Pro -Schwarz,New,19.99,No,,Yes,72,69,0,3,72,277.11,0,0,0,0,0,0,69,0,,20260305
AGL05966PAN,B0BWXSWB5J,B0BWXSWB5J,"Spigen AlignMaster Schutzfolie kompatibel mit Samsung Galaxy A54 5G, 2 Stück, Kratzfest, 9H Härte Folie",New,13.99,No,,Yes,287,216,0,70,437,763.8,0,150,0,1,0,0,216,0,,20260304
ACS07716PAN,B0CVRH4HTL,B0CVRH4HTL,Spigen Liquid Air Hülle Kompatibel mit Google Pixel 9 Pro XL [Made for Google] -Schwarz,New,14.99,No,,Yes,70,67,0,3,70,340.36,0,0,0,0,0,0,67,0,,20260318
ACS08133PAN,B0D21X1FP9,B0D21X1FP9,Spigen für iPhone 16 Pro Hülle [Anti-Yellowing] Ultra Hybrid MagFit Case Handyhülle Transparent Dünn Slim Kompatibel mit MagSafe -Frost Clear,New,22.99,No,,Yes,92,75,0,17,102,290.71,10,0,0,0,0,0,75,0,,20260307
ACS06707PAN,B0C5S8CDT2,B0C5S8CDT2,Spigen für iPhone 15 Pro Ultra Hybrid Hülle [Anti-Yellowing] Case Handyhülle Schutzhülle Cover Transparent Durchsichtig Dünn Slim -Crystal Clear,New,12.99,No,,Yes,568,507,0,61,598,248.59,0,30,0,0,0,0,507,0,,20260324
ACS09310PAN,B0DQ67JGXW,B0DQ67JGXW,Spigen Dual Grip Hülle Kompatibel mit Nintendo Switch 2 2025 Case Zubehör - Schwarz,New,19.99,No,,Yes,327,214,1,109,537,2265.51,160,50,0,3,0,0,214,0,,20260305
ACS07345PAN,B0CM57Z1G3,B0CM57Z1G3,Spigen Liquid Crystal Hülle Kompatibel mit Samsung Galaxy S24 -Glitter Crystal Quartz,New,15.99,No,,Yes,109,83,0,26,109,289.23,0,0,0,0,0,0,83,0,,20260318
ACS11032PAN,B0FVBPTQT2,B0FVBPTQT2,"Spigen Ultra Hybrid S MagFit für Samsung Galaxy S26 Ultra Hülle [3 Standmodi Ständer] Case Handyhülle Stoßfest Kratzfest, Kompatibel mit MagSafe -Clear White",New,29.99,No,,Yes,374,0,0,371,1254,374.12,380,500,0,3,0,0,0,0,,20260307
ACS09844PAN,B0FDN82XKK,B0FDN82XKK,"Spigen für Samsung Galaxy A17 4G/5G Hülle [Fallschutz in Militärqualität, Karbonfaser Akzente] Rugged Armor Handyhülle case -Matte Black",New,13.99,No,,Yes,618,505,0,113,989,318.24,0,370,1,0,0,370,505,0,,20260319
AFA10227PAN,B0FP6FXLH5,B0FP6FXLH5,"Spigen TinTap Zip MagFit MagSafe Kartenhalter Pouch mit RFID Blocking Kompatibel mit iPhone 17/16/15–12 Serie, AirPods Pro 3–1, AirPods 4–1 und Google Pixel 10 Serie mit Pixelsnap - Olivgrün",New,27.99,No,,Yes,62,62,0,0,62,519.63,0,0,0,0,0,50,62,0,,20260323
ACS08951PAN,B0DJ9V6CP6,B0DJ9V6CP6,"Spigen Rugged Armor MagFit Hülle für Samsung Galaxy S25 Ultra, Kompatibel mit MagSafe -Schwarz",New,20.99,No,,Yes,372,361,5,5,372,355.11,0,0,0,1,0,0,361,0,,20260305
amzn.gr.ACS09551PAN-tlAZ7Ki4kdwEzX9fn-LN,X002DBVZ79,B0F1BGJNHX,"Spigen Slim Armor Pro MagFit Hülle für Samsung Galaxy Z Fold 7, MagSafe kompatibel mit [SecuLink] Metallverbindung am Scharnier für sicheren Halt -Schwarz",UsedLikeNew,53.99,No,,Yes,22,20,0,2,22,468.51,0,0,0,0,0,0,20,0,,20260308
amzn.gr.AMP09102PAN-OGhBtbnnqqL3V6rjI-LN,X002AFQOX3,B0DK6C3PPB,"Spigen Dura Pro Armor Armband Entwickelt für Apple Watch Ultra 3/2/1 49mm, Serie 11/10 46mm, Serie 9/8/7/SE 45mm,44mm Robustes Ersatzarmband mit Metallverbinder - Militärgrün",UsedLikeNew,31.49,No,,Yes,1,1,0,0,1,280.38,0,0,0,0,0,0,1,0,,20260316
ACS06582PAN,B0C5S9JVJR,B0C5S9JVJR,Spigen für iPhone 15 Pro Max Ultra Hybrid MagFit Hülle [Anti-Yellowing] Case Handyhülle Transparent Dünn Slim Kompatibel mit MagSafe -Zero One,New,27.99,No,,Yes,0,0,0,0,0,331.18,0,0,0,0,0,30,0,0,,20260309
ACS06492PAN,B0C4G219XJ,B0C4G219XJ,Spigen Rugged Armor Pro Hülle mit Armband Kompatibel mit Samsung Galaxy Watch 6 Classic 43mm 2023 - Schwarz,New,23.99,No,,Yes,47,46,0,1,47,401.65,0,0,0,0,0,0,46,0,,20260304
AGL11068PAN,B0G7S8J7SJ,B0G7S8J7SJ,"Spigen Glas.tR EZ Fit Pro Schutzfolie kompatibel mit Samsung Galaxy S26 Ultra, 2 Stück, inklusive Installationskit, Kratzfest, Kristallklar, 10H+ Härte Folie",New,23.99,No,,Yes,5855,4700,25,1130,9004,392.96,0,2450,699,0,0,0,4700,0,,20260323
amzn.gr.ACP05757PAN-HcHBaenu-vSNJGLud-LN,X0023ATSDD,B0BP5HZHQR,"Spigen Tesla Model Y 2022-2021 Unter Sitz Aufbewahrungsbox Organizer, Verstecktes Fach für Model Y Zubehör - Carbon Edition",UsedLikeNew,37.79,No,,Yes,2,2,0,0,2,11035.54,0,0,0,0,0,0,2,0,,20260304
AGL08444PAN,B0D85SML7F,B0D85SML7F,"Spigen Glas.tR EZ Fit Optik Kameraschutz kompatibel mit Google Pixel 9 Pro, 2 Stück, Kristallklar, Anti-Kratzer, 9H Härte Schutzfolie",New,17.58,No,,Yes,334,329,0,5,334,322.5,0,0,0,0,0,0,329,0,,20260318
AGP10163PAN,B0FCZTM12L,B0FCZTM12L,Spigen Joy-Con Controller Handle NS101 Lenkrad Kompatibel mit Nintendo Switch 2 Joy-Con (2025) 2 Stück - Schwarz,New,14.99,No,,Yes,83,82,0,1,83,1583.15,0,0,0,0,0,100,82,0,,20260314
ACS10077PAN,B0FD21GLV5,B0FD21GLV5,Spigen iPhone 17 Pro Hülle [2025 Upgrade Kamerasteuerung] Ultra Hybrid T MagFit [Dura Clear Tech] Case Handyhülle Transparent Kompatibel mit MagSafe –Glossy White,New,24.99,No,,Yes,526,455,12,58,556,171.08,0,30,0,1,0,450,455,0,,20260312
AGL05761EUPE,B0BGYTK4N9,B0BGYTK4N9,"Spigen Glas.tR Optik Kameraschutz kompatibel mit iPhone 14 Pro, iPhone 14 Pro Max, 2 Stück, Kristallklar, Hüllenfreundlich, Anti-Kratzer, 9H Härte Folie",New,15.99,Yes,0.0,No,0,0,0,0,0,239.25,0,0,0,0,0,0,0,0,,20260309
AGP10162PAN,B0FCZLWVMQ,B0FCZLWVMQ,Spigen Joy-Con Controller Grip NS100 Kompatibel mit Nintendo Switch 2 Joy-Con (2025) 2 Stück - Schwarz,New,15.99,No,,Yes,143,141,0,2,143,1465.82,0,0,0,0,0,0,141,0,,20260331
amzn.gr.ACP07646PAN-yIWCz6X5ACAoq9sOu-VG,X002EWR8SH,B0CVNM1YTM,"Spigen Tesla Model Y 2025 Juniper Standard & Model 3 Highland 2024 Mittelarmlehne Abdeckung, Armlehne Abdeckung Schutzhülle Innenraum für Tesla Model Y Juniper 2025 und 3 Highland 2024 2025 - Weiß",UsedVeryGood,30.59,No,,Yes,1,1,0,0,1,9438.29,0,0,0,0,0,0,1,0,,20260304
ACS10064PAN,B0FD2GGXR5,B0FD2GGXR5,"Spigen Schutzhülle für iPhone 17 Pro, Ultra-Hybrid, TPU-überzogene Kamerasteuerung, Anti-Vergilbung, kein Magnetring, Kristallklar",New,12.99,No,,Yes,4935,3565,26,1237,5537,270.71,200,400,2,107,0,0,3565,0,,20260303
amzn.gr.ACS08130PAN-H9v05f7a-h3Fn06MC-LN,X002570793,B0D21YVT9X,Spigen für iPhone 16 Pro Hülle [Anti-Yellowing] Ultra Hybrid MagFit Case Handyhülle Transparent Dünn Slim Kompatibel mit MagSafe -Graphite,UsedLikeNew,21.59,No,,Yes,1,1,0,0,1,303.16,0,0,0,0,0,0,1,0,,20260313
amzn.gr.ACS07526PAN-UJNh03R4WiFH7nKyL-LN,X00246Y3OF,B0CQ3WT7N1,Spigen Liquid Air Hülle für Samsung Galaxy A55 5G aus weIchem TPU Schutzhülle Stoßfest Handyhülle Kratzfest Dünn Robust [Anti-Rutsch Truss Muster] Case Cover -Schwarz,UsedLikeNew,13.49,No,,Yes,9,8,0,1,9,2208.32,0,0,0,0,0,0,8,0,,20260315
ACS07814PAN,B0CXTZRHCX,B0CXTZRHCX,Spigen Ultra Hybrid Pro Hülle Kompatibel mit Samsung Galaxy Z Fold 6 -Frost Gray,New,45.99,No,,Yes,31,31,0,0,31,567.81,0,0,0,0,0,0,31,0,,20260308
AFA05760PAN,B0BGJT615B,B0BGJT615B,"Spigen Valentinus MagFit MagSafe Kartenhalter 3-Karten Kompatibel mit iPhone 17/16/15, andere MagSafe-Modelle und Google Pixel 10-Serie mit Pixelsnap - Schwarz",New,23.99,No,,Yes,519,497,2,18,629,139.13,0,90,20,2,0,0,497,0,,20260331
amzn.gr.AHP03647PAN-F0P7HPvlmPH0H1xD1-VG,X0021YD4IL,B09W2C4WC3,Spigen Valentinus Schlüsselanhänger für Damen und Herren- Schwarz,UsedVeryGood,16.99,No,,Yes,0,0,0,0,0,226.47,0,0,0,0,0,0,0,0,,20260310
ACS11200PAN,B0G7ML9BVQ,B0G7ML9BVQ,Spigen Rugged Armor Hülle Kompatibel mit Samsung Galaxy Buds 4 Pro/Buds 4 (2026) - Matt Schwarz,New,20.99,No,,Yes,421,34,0,387,872,301.52,0,450,1,0,0,0,34,0,,20260315
ACS03674PAN,B09CDB1MDN,B09CDB1MDN,Spigen Thin Fit Hülle Kompatibel mit iPhone 13 Pro Max -Schwarz,New,18.99,No,,Yes,7,7,0,0,7,338.23,0,0,0,0,0,0,7,0,,20260317
amzn.gr.ACS02425PAN-_EaFTENf4hUCIgjhD-VG,X002C5Q5XP,B08LK6461C,Spigen Tough Armor Hülle Kompatibel mit Samsung Galaxy S21 -Schwarz,UsedVeryGood,17.84,No,,Yes,1,0,0,1,1,286.12,0,0,0,0,0,0,0,0,,20260327
AGL07928EUPB,X002BGO20X,B0D84YX465,"Spigen Glas.tR EZ Fit Schutzfolie kompatibel mit iPhone 17 Pro, iPhone 17, iPhone 16 Pro, 2 Stück, Kratzfest, inklusive Installationskit, Kristallklar, 9H Härte Folie",New,17.59,No,,Yes,22518,21848,17,541,22518,374.12,0,0,0,112,0,0,21848,0,,20260326
AGL07928EUPB,X002BGO20X,B0D84YX465,"Spigen Glas.tR EZ Fit Schutzfolie kompatibel mit iPhone 17 Pro, iPhone 17, iPhone 16 Pro, 2 Stück, Kratzfest, inklusive Installationskit, Kristallklar, 9H Härte Folie",New,18.99,No,,Yes,27794,27466,34,166,27794,343.15,0,0,0,128,0,0,27466,0,,20260310
APP04545PAN,B09V1V34TV,B09V1V34TV,"Spigen DA20 Apple Pencil Stifthalter für Pro und 2. Generation Kompatibel mit iPad Pro 11""/ 13"", iPad Air 11"" /13"" und Anderen iPad-Serien - Schwarz",New,29.99,No,,Yes,50,48,0,2,110,179.6,0,60,0,0,0,0,48,0,,20260317
ACS07505PAN,B0CQ326S9N,B0CQ326S9N,Spigen Tough Armor für Samsung Galaxy Xcover 7 Hülle -Black,New,22.99,No,,Yes,226,222,0,3,226,372.31,0,0,0,1,0,0,222,0,,20260321
AFA05760PAN,B0BGJT615B,B0BGJT615B,"Spigen Valentinus MagFit MagSafe Kartenhalter 3-Karten Kompatibel mit iPhone 17/16/15, andere MagSafe-Modelle und Google Pixel 10-Serie mit Pixelsnap - Schwarz",New,23.99,No,,Yes,611,390,1,220,761,139.13,0,150,0,0,0,0,390,0,,20260313
amzn.gr.ACS11053PAN-5C0tLW7WDIYA7v5Lo-VG,X002JQ8FG7,B0FVB1BBZD,"Spigen Tough Armor MagFit für Samsung Galaxy S26 Plus Hülle [XRD-Pad Stoßdämpfung] [Militärgeprüfter Schutz] Case Handyhülle, Kompatibel mit MagSafe –Abyss Green",UsedVeryGood,25.49,No,,Yes,1,0,0,1,1,296.61,0,0,0,0,0,0,0,0,,20260330
amzn.gr.ACS05422PAN-V4XUsJpGQHIMj-G2r-VG,X002C9PWLR,B0B6VDJ598,Spigen Ultra Hybrid Hülle Kompatibel mit Nothing Phone (1) -Space Crystal,UsedVeryGood,13.59,No,,Yes,3,2,0,1,3,319.88,0,0,0,0,0,0,2,0,,20260318
amzn.gr.ACS07670PAN-Zae_5zV_udtbfHh6Y-LN,X0029Q64A1,B0CW2DJCDK,Spigen Enzo Aramid Hülle Kompatibel mit iPad Air 13 Zoll 8. M4 (2026) / 7. M3 (2025) / 6. Generation 1.Generation (2024) M2 Case mit Magnetring - Schwarz,UsedLikeNew,44.99,No,,Yes,1,1,0,0,1,1782.09,0,0,0,0,0,0,1,0,,20260329
AGL06998PAN,B0C91MZV6F,B0C91MZV6F,"Spigen Glas.tR EZ Fit Schutzfolie kompatibel mit Samsung Galaxy Tab S10 Ultra, Galaxy Tab S9 Ultra, 14.6 Zoll, Schablone für Installation, Kristallklar, Kratzfest, 9H Härte Folie",New,32.99,No,,Yes,579,575,0,4,579,2431.02,0,0,0,0,0,0,575,0,,20260305
AGL07921PAN,B0D84T69WG,B0D84T69WG,"Spigen Glas.tR EZ Fit Optik Pro Kameraschutz kompatibel mit iPhone 17, iPhone 16, iPhone 16 Plus, 2 Stück, Schwarz, Individuelle Kameraprotektion, 9H Härte Folie",New,17.99,No,,Yes,1577,1558,0,18,1577,251.05,0,0,0,1,0,0,1558,0,,20260302
amzn.gr.ACS05040PAN-YSPUXv_bHI5wvPWUr-LN,X001YAL7SH,B0B1NTZMK6,Spigen für iPhone 14 Ultra Hybrid Hülle [Anti-Yellowing] Case Handyhülle Schutzhülle Cover Transparent Durchsichtig Dünn Slim -Crystal Clear,UsedLikeNew,15.29,No,,Yes,0,0,0,0,0,290.54,0,0,0,0,0,0,0,0,,20260320
ACS08515PAN,B0D79ZVNFL,B0D79ZVNFL,"Spigen Tough Armor (AI) MagFit Hülle für iPhone 16, Kompatibel mit MagSafe Zubehör -Frost Black",New,30.99,No,,Yes,88,87,0,1,88,734.3,0,0,0,0,0,0,87,0,,20260309
ACS05628PAN,B0BJRZFVMV,B0BJRZFVMV,Spigen Slim Armor CS Hülle Kompatibel mit Samsung Galaxy S23 Ultra 5G -Black,New,20.99,No,,Yes,4,4,0,0,4,373.13,0,0,0,0,0,0,4,0,,20260314
ACS07668PAN,B0CW2C6WDL,B0CW2C6WDL,Spigen Ultra Hybrid Pro Hülle für iPad Air 13 Zoll 8. M4 / 7. M3 / 6. Generation M2 (2026/25/24) mit Stifthalter Auto Schlaf/Wach Funktion Transparenter Rückseitenschale Veganes Veloleder - Schwarz,New,29.99,No,,Yes,62,61,0,1,62,1723.92,0,0,0,0,0,0,61,0,,20260320
amzn.gr.ACS10077PAN-kSFSRgJuJyUlpkxIo-AC,X002G4M7VB,B0FD21GLV5,Spigen iPhone 17 Pro Hülle [2025 Upgrade Kamerasteuerung] Ultra Hybrid T MagFit [Dura Clear Tech] Case Handyhülle Transparent Kompatibel mit MagSafe –Glossy White,UsedAcceptable,18.74,No,,Yes,2,2,0,0,2,171.08,0,0,0,0,0,0,2,0,,20260301
ACS08121PAN,B0D21N8F6P,B0D21N8F6P,Spigen für iPhone 16 Pro Hülle [Anti-Yellowing] Ultra Hybrid Case Handyhülle Schutzhülle Cover Transparent Durchsichtig Dünn Slim -Crystal Clear,New,14.99,No,,Yes,287,281,0,6,288,377.39,0,0,1,0,0,0,281,0,,20260318
ACS08946PAN,B0DJ9VHQDX,B0DJ9VHQDX,"Spigen Thin Fit MagFit Hülle für Samsung Galaxy S25 Ultra, Kompatibel mit MagSafe -Schwarz",New,22.99,No,,Yes,316,309,2,5,316,336.59,0,0,0,0,0,0,309,0,,20260303
ACH09474PAN,B0GK66R3N4,B0GK66R3N4,"Spigen ArcStation Essential GaN 45W 1-Port USB-C Ladegerät [inkl. 100W USB-C E-Marker Kabel] PD 3.0 PPS Netzteil Schnellladegerät für Samsung Galaxy A57 A37 5G S26, Pixel 10a, iPhone 17e 17 - Schwarz",New,19.99,No,,Yes,273,64,0,209,373,365.27,0,100,0,0,0,100,64,0,,20260329
ACP06529PAN,B0C76V5M1N,B0C76V5M1N,"Spigen Tesla Model Y (~2024) Vordere Kofferraummatte, Stoßfestes XPE-Material zum Schutz der Innenfächer, wasserdichte Oberfläche Kofferraumwanne für Tesla Model Y Zubehör - Carbon Edition",New,41.99,No,,Yes,31,28,1,2,31,25652.8,0,0,0,0,0,0,28,0,,20260327
amzn.gr.ACS10213PAN-w2K7GjN4C7M01Wbmg-LN,X002EOETZ5,B0FFJGD1S9,Spigen Ultra Hybrid Pro Hülle Entwickelt für Samsung Galaxy Tab S11 (2025) Case mit Stifthalter Transparente Harte Rückseite Auto Schlaf/Wach Funktion - Grau,UsedLikeNew,27.89,No,,Yes,5,5,0,0,5,1222.64,0,0,0,0,0,0,5,0,,20260302
amzn.gr.ACS03765PAN-yDldRJXI8ip4VFecI-VG,X002CONQZL,B09F4J4T7Z,"Spigen Ultra Hybrid Pro Hülle Kompatibel mit iPad mini 7. (2024, A17 Pro) / 6. (2021) Generation 8,3 Zoll - Schwarz",Unknown,,,,,0,0,0,0,0,745.28,0,0,0,0,0,0,0,0,,20260312
amzn.gr.ACS08503PAN-as_i0XNN_s-klscpT-LN,X0029BFGJ1,B0D7B28GPR,"Spigen für iPhone 16 Pro Max Kamerasteuerung Aktivierte Hülle Tough Armor T (AI) MagFit, Kompatibel mit MagSafe Zubehör -Schwarz",UsedLikeNew,31.41,No,,Yes,3,3,0,0,3,334.79,0,0,0,0,0,0,3,0,,20260330
amzn.gr.ACS09967PAN-r2CO1ipBNeQL_SFPr-LN,X002FJP1SN,B0FD2BY45B,"Spigen iPhone 17 Pro Hülle Nano Pop MagFit [Zweifarbiges Design] Stylisch Dünn Staubfrei Schlank Slim, Kompatibel mit MagSafe Zubehör -Burgundy Bean",UsedLikeNew,23.39,No,,Yes,3,3,0,0,3,273.66,0,0,0,0,0,0,3,0,,20260324
AMP03098PAN,B094JBDRKX,B094JBDRKX,"Spigen wasserdichte Handyhülle [Aqua Shield] [2 Stick] IPX8 wasserfeste Handytasche Hülle kompatibel mit iPhone 16/15/14/13 Serien, Galaxy S25/S24/S23 und Allen Smartphones - Crystal Clear",New,14.99,No,,Yes,51,49,0,2,51,3213.99,0,0,0,0,0,0,49,0,,20260317
amzn.gr.AMP03120PAN-Hhsuro-XYz-CpBGZM-LN,X001THZB5F,B0B47QXCBV,"Spigen O-Mag Handy Ring Halterung Magnetisch für MagSafe, Handy Ständer Magnetic Phone Ring Holder für Modelle iPhone 15 Pro Max, 15 Pro, 15, 15 Plus, iPhone 14, 13 und iPhone 12 - Schwarz",UsedLikeNew,22.49,No,,Yes,1,1,0,0,1,106.02,0,0,0,0,0,0,1,0,,20260306
ACP06529PAN,B0C76V5M1N,B0C76V5M1N,"Spigen Tesla Model Y (~2024) Vordere Kofferraummatte, Stoßfestes XPE-Material zum Schutz der Innenfächer, wasserdichte Oberfläche Kofferraumwanne für Tesla Model Y Zubehör - Carbon Edition",New,41.99,No,,Yes,34,32,0,2,34,25652.8,0,0,0,0,0,0,32,0,,20260303
amzn.gr.ACS09075PAN-G9Yw7D8BhZdkOaHxF-LN,X002AFCXO7,B0DMV31N3F,Spigen Rugged Armor Hülle Kompatibel mit Nintendo Switch 2 2025 Case mit Handschlaufe Zubehör - Matt Schwarz,UsedLikeNew,21.59,No,,Yes,44,44,0,0,44,2436.92,0,0,0,0,0,0,44,0,,20260310
AMP04617PAN,B09Y8NTZ1Y,B09Y8NTZ1Y,"Spigen Armband Dynamic Shield [Ultra-Leicht] Handytasche Joggen Handy Handyhalterung Universal [Schnelltrocknend] Kompatibel mit iPhone, Samsung Galaxy, Google Pixel -Schwarz",New,14.99,No,,Yes,278,258,1,18,338,1525.96,30,30,0,1,0,0,258,0,,20260320
ACS05577UKO,B0BG6RMR1R,B0BG6RMR1R,Spigen für iPhone 14 Pro Ultra Hybrid Hülle [Anti-Yellowing] Case Handyhülle Schutzhülle Cover Transparent Durchsichtig Dünn Slim -Deep Purple,Unknown,,,,,105,100,0,5,105,323.64,0,0,0,0,0,0,100,0,,20260302
amzn.gr.AGL06525EUP-_68emIB7ttzQz9rXt-LN,X001UTDRGR,B0C7JZ2HDR,"Spigen Glas.tR EZ Fit Schutzfolie kompatibel mit Samsung Galaxy Z Flip 5, 2 Stück Schutzglas für externe Display, Kratzfest, Hüllenfreundlich, Touch reaktiv",UsedLikeNew,0.0,No,,Yes,1,1,0,0,1,386.08,0,0,0,0,0,0,1,0,,20260302
amzn.gr.ACH10399PAN-AXC652-nU5wC44PkD-LN,X002HFU02H,B0FQRFW7N4,"Spigen Essential Qi2.2 25W 2-in-1+C MagSafe Ladestation [inkl. USB-C Kabel] Kabelloses Ladegerät für iPhone 17/16/15/14/13 Pro Max Air 17e, Pixel 10 Pro XL - Schwarz",UsedLikeNew,44.99,No,,Yes,1,1,0,0,1,479.98,0,0,0,0,0,0,1,0,,20260312
