item-name,item-description,listing-id,seller-sku,price,quantity,open-date,image-url,item-is-marketplace,product-id-type,zshop-shipping-fee,item-note,item-condition,zshop-category1,zshop-browse-path,zshop-storefront-feature,asin1,asin2,asin3,will-ship-internationally,expedited-shipping,zshop-boldface,product-id,bid-for-featured-placement,add-delete,pending-quantity,fulfillment-channel,merchant-shipping-group,status,Minimum order quantity,Sell remainder
Spigen Neo Hybrid Hülle Kompatibel mit Galaxy Note 10 Plus,,0724VO9ERPQ,627CS27338V,,,24/07/2019 12:11:12 MEST,,y,1,,,11.0,,,,B07VMFXBNB,,,,,,B07VMFXBNB,,,,AMAZON_EU,Standardvorlage Amazon,Incomplete,,
Spigen Style Ring Handy Ring Phone Griff/Ständer/Halter für alle Handys und Tablets - Rot,"Schnappen Sie sich Ihr Smartphone mit dem Style Ring von Spigen. Tragen Sie es einfach am Finger, nachdem Sie es an Ihrem Telefon oder Etui befestigt haben, um die Gefahr des Herunterfallens Ihres Telefons zu verringern. Seine vielseitigen Eigenschaften dienen auch als Ständer für bequemes Ein- und Aussteigen.",0519S56IOGQ,000SR21950DEP,18.99,,19/05/2017 04:46:40 MEST,,y,1,,,11.0,,,,B0719KM9K8,,,,,,B0719KM9K8,,,,AMAZON_EU,Standardvorlage Amazon,Inactive,,
"Spigen, 2Stück, Schutzfolie kompatibel mit Samsung Galaxy S9, Hüllenfreundlich, Kein Glas, TPU Folie, Wasser Installation, volle Abdeckung, Galaxy S9 Schutzfolie (592FL22813)",,0326UVKLF52,592FL22813DEPA,11.99,,26/03/2018 17:19:02 MEST,,y,1,,,11.0,,,,B079DPZPXB,,,,,,B079DPZPXB,,,,AMAZON_EU,Standardvorlage Amazon,Inactive,,
"Spigen Glas.tR EZ Fit Schutzfolie kompatibel mit Google Pixel 10, Pixel 10 Pro, Pixel 9, Pixel 9 Pro, 2 Stück, Kratzfest, inklusive Installationskit, Kristallklar, 9H Härte Folie",,0813BIOU9DJ,AGL08442EUP,23.99,,13/08/2024 09:07:46 MEST,,y,4,,,11.0,,,,B0D851Z6N8,,,,,,8809971233101,,,,AMAZON_EU,Standardvorlage Amazon,Active,,
Spigen Ultra Hybrid Hülle Kompatibel mit Samsung Galaxy S23 5G -Frost Black,,0214BWJPK74,amzn.gr.ACS05716PAN-M2xYeCcyNiQnlw9Rh-VG,14.44,,14/02/2024 06:54:33 MET,,y,1,,,2.0,,,,B0BJSLGWB1,,,,,,B0BJSLGWB1,,,,AMAZON_EU,Standardvorlage Amazon,Inactive,,
"Spigen Samsung Galaxy S9 Plus Hülle, [Pro Guard] Variation Parent",,0205UY6VS5K,593CS22982V,,0.0,05/02/2018 09:19:18 MET,,y,1,,,11.0,,,,B079L4WG69,,,,,,B079L4WG69,,,0.0,DEFAULT,Standardvorlage Amazon,Incomplete,,
Spigen Rugged Armor Kompatibel mit Apple Watch Hülle für 40mm Serie 6/SE/5/4 - Olivgrün,"Die Spigen Rugged Armor Hülle ist speziell zum Schutz des Handys bestimmt.<br>Die Form der Schutzhülle im Bumper-Style ist für das Handy maßgeschneidert. Alle Anschlüsse und Buttons sind bestens zu erreichen und leicht zu bedienen.<br>Der Kamera-Ausschnitt schützt das Objektiv und stört dabei nicht bei Aufnahmen mit dem Handy.<br>Durch das hochwertige Material, ein Premium TPU Silikon im Karbon-Look, wird das Handy vor Stößen und Beschädigungen geschützt.<br>Dabei bietet die Hülle eine angenehme Haptik und einen guten Grip.<br>",0503V2KWJEW,061CS26014DEPX,6.99,,03/05/2019 10:08:48 MEST,,y,4,,,11.0,,,,B07N1YWT5Y,,,,,,8809640254208,,,,AMAZON_EU,Standardvorlage Amazon,Inactive,,
Spigen Thin Fit Hülle Kompatibel mit Samsung Galaxy A72,,0209Y2Q8CCJ,ACS02323V,,0.0,09/02/2021 10:07:55 MET,,y,1,,,11.0,,,,B08W8JYKQK,,,,,,B08W8JYKQK,,,0.0,DEFAULT,Standardvorlage Amazon,Incomplete,,
"Spigen Huawei P8 Lite Hülle, [Rugged Armor] Variation Parent",,0914SZPR96E,L04CS20300V,,0.0,14/09/2017 11:33:10 MEST,,y,1,,,11.0,,,,B075MC715J,,,,,,B075MC715J,,,0.0,DEFAULT,Standardvorlage Amazon,Incomplete,,
Spigen EZ Fit Optik Pro Panzerglas Kamera Objektivschutz für Samsung Galaxy S22 Ultra - Variation,,0620Z9VO3PN,AGL04751V,,0.0,20/06/2022 09:13:01 MEST,,y,1,,,11.0,,,,B0B4JMB45K,,,,,,B0B4JMB45K,,,0.0,DEFAULT,Standardvorlage Amazon,Incomplete,,
Spigen Samsung Galaxy Note 9 [Thin Fit] Parent,,0928UT5TJH7,599CS25175V,,0.0,28/09/2018 09:36:47 MEST,,y,1,,,11.0,,,,B07HRJSHDY,,,,,,B07HRJSHDY,,,0.0,DEFAULT,Standardvorlage Amazon,Incomplete,,
Spigen Thin Fit Hülle Kompatibel mit Samsung Galaxy Z Flip 3 5G -Schwarz,"Entwickelt für das Rund-um Schutz des Handys, sodass alle Anschlüsse und Buttons bestens zu erreichen sind; Der erhöhte Rand rund um das Display und Kamera schützt diese vor Kratzer und Brüchen",0811YUWKFUR,ACS03079PAN,31.99,,11/08/2021 16:18:33 MEST,,y,4,,,11.0,,,,B0938KH1KV,,,,,,8809756648403,,,,AMAZON_EU,Standardvorlage Amazon,Inactive,,False
Spigen Rugged Armor Hülle Kompatibel mit Sony Xperia 5 V -Schwarz,,1025A9E9R3E,amzn.gr.ACS06359PAN-1flenzewWdDftduSm-LN,13.49,,25/10/2023 08:17:46 MEST,,y,1,,Der Artikel wird in der Originalverpackung zugestellt. Verpackung ist beschädigt.,1.0,,,,B0BZ3GM2BW,,,,,,B0BZ3GM2BW,,,,AMAZON_EU,Standardvorlage Amazon,Inactive,,
Spigen Optik Crystal Hülle Kompatibel mit Samsung Galaxy S21 FE,,0616YVN3JSG,ACS03057V,,0.0,16/06/2021 11:10:41 MEST,,y,1,,,11.0,,,,B097BRVNJS,,,,,,B097BRVNJS,,,0.0,DEFAULT,Standardvorlage Amazon,Incomplete,,
Spigen Liquid Air Kompatibel mit iPhone 12 Pro Hülle und Kompatibel mit iPhone 12 Silikon Handyhülle -Schwarz,,0506YHNQOXL,ACS01701PAN,14.99,,06/05/2021 03:26:03 MEST,,y,4,,,11.0,,,,B08BGCRLCD,,,,,,8809710756496,,,,AMAZON_EU,Standardvorlage Amazon,Active,,False
Spigen Style Ring Handy Ring Phone Griff/Ständer/Halter für alle Handys und Tablets - Space Grey,"Schnappen Sie sich Ihr Smartphone mit dem Style Ring von Spigen. Tragen Sie es einfach am Finger, nachdem Sie es an Ihrem Telefon oder Etui befestigt haben, um die Gefahr des Herunterfallens Ihres Telefons zu verringern. Seine vielseitigen Eigenschaften dienen auch als Ständer für bequemes Ein- und Aussteigen.",0408Q1XVMBQ,000EP20243DEP,18.99,,08/04/2016 14:19:12 MEST,,y,4,,,11.0,,,,B01CKB4WTQ,,,,,,8809466643965,,,,AMAZON_EU,Standardvorlage Amazon,Inactive,,
"Spigen Rugged Armor Hülle Kompatibel mit iPhone SE, iPhone 5s und iPhone 5 -Schwarz","Entwickelt für das Rund-um Schutz des Handys, sodass alle Anschlüsse und Buttons bestens zu erreichen sind; Die Air Cushion Technologie ist in den meisten Hüllen integriert speziell für den Eckschutz; Der erhöhte Rand rund um das Display und Kamera schützt diese vor Kratzer und Brüchen",0420XXBV8X2,041CS20167PAN,14.99,,20/04/2020 09:11:12 MEST,,y,4,,,11.0,,,,B01BEDNUDK,,,,,,8809466643460,,,,AMAZON_EU,Standardvorlage Amazon,Active,,False
Spigen Liquid Air Hülle Kompatibel mit Samsung Galaxy S23 Ultra 5G -Schwarz,"Entwickelt für das Rund-um Schutz des Handys, sodass alle Anschlüsse und Buttons bestens zu erreichen sind; Die Air Cushion Technologie ist in den meisten Hüllen integriert speziell für den Eckschutz; Der erhöhte Rand rund um das Display und Kamera schützt diese vor Kratzer und Brüchen",0201AGP9R0U,ACS05614PAN,15.99,,01/02/2023 09:55:03 MET,,y,4,,,11.0,,,,B0BJSB91LK,,,,,,8809896740210,,,,AMAZON_EU,Standardvorlage Amazon,Active,,
Spigen AirSkin Pro Hülle Kompatibel mit iPad Air 8. M4 (2026) / 7. M3 (2025) / 6. M2 (2024) / 5. (2022) / 4. Generation (2020) 11 Zoll und 10.9 Zoll Case mit abnehmbarem magnetischem Deckel - Schwarz,,0710B4NYU5H,amzn.gr.ACS07758PAN-13rxvZmNYJG0NrqkO-VG,31.44,,10/07/2024 15:00:02 MEST,,y,1,,,2.0,,,,B0CW2DTGQL,,,,,,B0CW2DTGQL,,,,AMAZON_EU,Standardvorlage Amazon,Inactive,,
Spigen Urban Fit Kompatibel mit iPad Pro 12.9 Zoll Schutzhülle Case mit Stifthalter/mit Automatischem Schlaf/Aufwach (2020/2018) - Schwarz,"Spigen ist gegründet im Jahr 2008 und seitdem sind unsere Produkte weltweit erhältlich. Was macht unser Produkt einzigartig? Slim Protection. Pünktliche Verfügbarkeit. Große Auswahl an Geräten. Erstklassige Qualität. Unser Ziel ist es, der Branchenführer für mobiles Zubehör zu sein. Unser Ziel ist es, die besten Standards für unsere Produkte zu setzen und gleichzeitig kontinuierlich an der Produktentwicklung zu arbeiten.",0226XFQZ3MM,ACS01057DEP,53.99,,26/02/2020 19:47:57 MET,,y,4,,,11.0,,,,B0855LW1T8,,,,,,8809685629948,,,,AMAZON_EU,Standardvorlage Amazon,Inactive,,
Spigen Liquid Crystal Hülle Kompatibel mit Samsung Galaxy A36 5G -Crystal Clear,"Entwickelt für das Rund-um Schutz des Handys, sodass alle Anschlüsse und Buttons bestens zu erreichen sind; Die Air Cushion Technologie ist in den meisten Hüllen integriert speziell für den Eckschutz; Der erhöhte Rand rund um das Display und Kamera schützt diese vor Kratzer und Brüchen",1129BO2HUIP,ACS09167PAN,13.99,,29/11/2024 07:41:32 MET,,y,4,,,11.0,,,,B0DKR8DY9W,,,,,,8809971239974,,,,AMAZON_EU,Standardvorlage Amazon,Active,,
Spigen Tough Armor Kompatibel mit iPad 9.7 Hülle (2018/2017) - Metal Slate,"Die Spigen Tough Armor Hülle ist speziell zum Schutz des iPad 9.7"" bestimmt. Die Form der Schutzhülle ist für das Gerät maßgeschneidert und alle Anschlüsse und die zum Teil integrierten Buttons sind bestens zu erreichen und leicht zu bedienen. Der Kamera-Ausschnitt schützt das Objektiv und stört dabei nicht bei Aufnahmen mit dem Gerät. Zusätzlich schützt ein umlaufender Rand das Display, wenn das Gerät auf einer flachen Ebene liegt. Durch den hochwertigen Material-Mix (stoßabweisendes TPU-Innenteil + festes Polykarbonat Außenteil) wird das Gerät vor Stößen und Beschädigungen geschützt. Die spezielle Luftkissen-Technologie federt zusätzlich Stöße ab und schützt das Gerät optimal. Das Tough Armor Case ist das stärkste und robusteste Case von Spigen.",0828VTC4B6T,ACS00304DEP,16.99,,29/08/2019 00:22:24 MEST,,y,4,,,11.0,,,,B07X21367G,,,,,,8809685621089,,,,AMAZON_EU,Standardvorlage Amazon,Inactive,,
Spigen Samsung Galaxy A51 Liquid Air Variation,,1220VDABQZL,ACS00601V,,0.0,20/12/2019 06:27:55 MET,,y,1,,,11.0,,,,B082XT1YR7,,,,,,B082XT1YR7,,,0.0,DEFAULT,Standardvorlage Amazon,Incomplete,,
"Spigen Glas.tR EZ Fit Schutzfolie kompatibel mit Samsung Galaxy Watch 6 44mm, 2 Stück, Kratzfest, 9H Härte Folie",,0726AJC5J0Q,AGL06520PAN,15.99,,26/07/2023 13:10:27 MEST,,y,4,,,11.0,,,,B0C4R3JBC8,,,,,,8809896748735,,,,AMAZON_EU,Standardvorlage Amazon,Active,,False
Spigen Silicone Fit Designed for Galaxy Buds Live Variation Parent,"Die Silikon-Passform bietet Rundumschutz für Ihr Galaxy Buds Live mit einem zusätzlichen Hauch von Alltagskomfort - gemacht, um der neue beste Freund Ihrer Knospe zu sein.",0706XJI22RI,ASD01277V,16.99,0.0,07/07/2020 00:17:11 MEST,,y,1,,,11.0,,,,B08CGBHQG6,,,,,,B08CGBHQG6,,,0.0,DEFAULT,Standardvorlage Amazon,Inactive,,
"Spigen Essential 15W MagSafe Ladegerät Charger [inkl. 60W USB-C Kabel] Magnetische Kabellose Ladestation für iPhone 17e 17 Pro Max & MagSafe Hüllen für Samsung Galaxy S26, Pixel 10a 10 Pro XL, Schwarz",Spigen,0127HFKWD70,ACH10441PAN,17.99,,27/01/2026 09:24:59 MET,,y,4,,,11.0,,,,B0GJZZRMJF,,,,,,8800283315738,,,,AMAZON_EU,Standardvorlage Amazon,Active,,
Spigen Thin Fit 360 Hülle Kompatibel mit Samsung Galaxy S10e -Schwarz,"Entwickelt für das Rund-um Schutz des Handys, sodass alle Anschlüsse und Buttons bestens zu erreichen sind; Die Air Cushion Technologie ist in den meisten Hüllen integriert speziell für den Eckschutz; Der erhöhte Rand rund um das Display und Kamera schützt diese vor Kratzer und Brüchen",0214V76OAB6,609CS25831DEPX,19.89,,14/02/2019 07:54:20 MET,,y,4,,,11.0,,,,B07MCVWHQ2,,,,,,8809640252587,,,,AMAZON_EU,Standardvorlage Amazon,Inactive,,
"Spigen Phone Ring, Style Ring Phone Ring/Grip/Stand/Holder für alle Handys und Tablets - Parent",,0524QGAF20K,SGP11760V,,0.0,24/05/2016 13:34:47 MEST,,y,1,,,11.0,,,,B01G3PRYRM,,,,,,B01G3PRYRM,,,0.0,DEFAULT,Standardvorlage Amazon,Incomplete,,
Spigen Tough Armor Kompatibel mit iPad mini 3 Hülle/iPad mini 2 Hülle/iPad mini Hülle - Metal Slate,"Spigen ist gegründet im Jahr 2008 und seitdem sind unsere Produkte weltweit erhältlich. Was macht unser Produkt einzigartig? Slim Protection. Pünktliche Verfügbarkeit. Große Auswahl an Geräten. Erstklassige Qualität. Unser Ziel ist es, der Branchenführer für mobiles Zubehör zu sein. Unser Ziel ist es, die besten Standards für unsere Produkte zu setzen und gleichzeitig kontinuierlich an der Produktentwicklung zu arbeiten.",0628UC3YYRA,SGP10623DEP,14.99,,29/06/2018 01:50:54 MEST,,y,4,,,11.0,,,,B01N7J4FOQ,,,,,,8809353619226,,,,AMAZON_EU,Standardvorlage Amazon,Inactive,,
Spigen F707SL Powerbank Schwarz (USB-C Cable Strap/5000mAh),,0620VQWB7QG,000BA27281DEP,13.99,,20/06/2019 09:48:00 MEST,,y,1,,,11.0,,,,B07T53QL9R,,,,,,B07T53QL9R,,,,AMAZON_EU,Standardvorlage Amazon,Inactive,,
Spigen Modern Fit Armband Kompatibel mit Galaxy Watch 7 40mm/44mm (2024) | FE (2024) | 6/6 Classic | 5/5 Pro | 4/4 Classic | 3 | Active und alle 20mm Smartwatches - Rosegold,,1221ZU3ZES8,amzn.gr.600WB24982PAN-6liyeFSgjj22M2i-LN,18.89,,21/12/2022 04:17:03 MET,,y,1,,Der Artikel wird in der Originalverpackung zugestellt.,1.0,,,,B07H7YRRCN,,,,,,B07H7YRRCN,,,,AMAZON_EU,Standardvorlage Amazon,Inactive,,
Spigen Samsung Galaxy A10e Variation,,0610V46FVT3,624CS27411V,,0.0,10/06/2019 10:39:35 MEST,,y,1,,,11.0,,,,B07SSSPH82,,,,,,B07SSSPH82,,,0.0,DEFAULT,Standardvorlage Amazon,Incomplete,,
Spigen Tough Armor Pro Kompatibel mit iPad Pro 12.9 Hülle mit Stifthalter (2020/2018) - Schwarz,"Das Tough Armor Pro kann mit Ihrem neuen iPad Pro aufgenommen werden. Es wurde gebaut, um dem Chaos des Lebens standzuhalten, ohne die Bequemlichkeit zu verlieren, wenn es Zeit zum Entspannen ist. Pass auf wie ein Profi.",0213XQHEDPM,ACS01027DEP,29.99,,14/02/2020 00:11:18 MET,,y,4,,,11.0,,,,B084SPT15G,,,,,,8809685629672,,,,AMAZON_EU,Standardvorlage Amazon,Inactive,,
"Spigen Glas.tR EZ Fit Optik Pro Kameraschutz kompatibel mit iPhone 17 Pro/Pro Max, iPhone 16 Pro/Pro Max, iPhone 15 Pro/Pro Max, 2 Stück, Schwarz, Individuelle Kameraprotektion, 9H Härte Folie",,1109ADWCOLE,AGL05205EUP,18.99,,09/11/2023 04:28:53 MET,,y,4,,,11.0,,,,B0B27WT562,,,,,,8809811866407,,,,AMAZON_EU,Standardvorlage Amazon,Active,,False
Spigen Ultra Hybrid Pro Entwickelt für Samsung Galaxy Tab S9 Hülle (2023) - Grau,,0822AHB63JJ,amzn.gr.ACS06838PAN-2Dw0DcL2OdEGdDeT8-VG,26.34,,22/08/2023 02:37:07 MEST,,y,1,,,2.0,,,,B0C4G86Y1R,,,,,,B0C4G86Y1R,,,,AMAZON_EU,Standardvorlage Amazon,Inactive,,
"Spigen Samsung Galaxy S9 Hülle, [Slim Armor CS] Variation Parent",,0412UJAOZ72,592CS24032V,,0.0,12/04/2018 05:52:05 MEST,,y,1,,,11.0,,,,B07C4T5SRH,,,,,,B07C4T5SRH,,,0.0,DEFAULT,Standardvorlage Amazon,Incomplete,,
Spigen Silicone Fit Entwickelt für Apple Watch Armband für 40mm/38mm Series 6/SE/5/4/3/2/1 - Schwarz,Das Apple Watch-Band mit Silikon-Passform bietet außergewöhnlichen Komfort und optimale Passform bei einfacher Installation und einstellbarer Länge. Es besteht aus einem weichen Silikonmaterial und bietet ein zeitloses Design für einen alltäglichen Look. Statten Sie Ihre Apple Watch mit Stil und Freizeit aus.,0318VT0399J,061MP25405DEPX,19.99,,18/03/2019 09:55:22 MET,,y,4,,,11.0,,,,B07LFQJWSP,,,,,,8809613768848,,,,AMAZON_EU,Standardvorlage Amazon,Inactive,,
Spigen Galaxy A5 2018 [Slim Armor] Variation Parent,,1122SF9QV38,590CS22752V,,0.0,22/11/2017 09:09:04 MET,,y,1,,,11.0,,,,B077P7BFVH,,,,,,B077P7BFVH,,,0.0,DEFAULT,Standardvorlage Amazon,Incomplete,,
Spigen Air Fit Entwickelt für Air Tag Hülle (2020) - Weiß,"Schlank und rutschig. AirFit verwandelt Ihren AirTag in eine Karte, die in jede Spalte, Brieftasche oder Herrenhandtasche passt. Bügeln Sie die Ausbuchtung aus und behalten Sie das Wesentliche im Auge. Wir haben dich",0929XU7964I,AMP01835PAN,17.99,,30/09/2020 00:26:42 MEST,,y,4,,,11.0,,,,B08KFMR2TX,,,,,,8809710757417,,,,AMAZON_EU,Standardvorlage Amazon,Inactive,,
Spigen Thin Fit Hülle Kompatibel mit Apple Watch Ultra 3 (2025) / 2 (2023) / 1 (2022) 49mm - Schwarz,"Spigen ist gegründet im Jahr 2008 und seitdem sind unsere Produkte weltweit erhältlich. Was macht unser Produkt einzigartig? Slim Protection. Pünktliche Verfügbarkeit. Große Auswahl an Geräten. Erstklassige Qualität. Unser Ziel ist es, der Branchenführer für mobiles Zubehör zu sein. Unser Ziel ist es, die besten Standards für unsere Produkte zu setzen und gleichzeitig kontinuierlich an der Produktentwicklung zu arbeiten.",0829ZURR2VD,ACS05458PAN,14.99,,29/08/2022 08:50:48 MEST,,y,4,,,11.0,,,,B0BBKGB11N,,,,,,8809811868777,,,,AMAZON_EU,Standardvorlage Amazon,Active,,False
"Spigen Glas.tR EZ Fit Schutzglas kompatibel mit iPad Air 13 Zoll M4(2026), M3(2025), Zoll M2(2024), 1. Generation, Installationsschablone, Kristallklar, 9H Folie",,0507BZ3JWMA,AGL07803PAN,28.99,,07/05/2024 09:17:02 MEST,,y,4,,,11.0,,,,B0CWSH8F9L,,,,,,8809971227438,,,,AMAZON_EU,Standardvorlage Amazon,Active,,
Spigen Liquid Air Folio Hülle Kompatibel mit iPad Pro 11 Zoll M5 (2025) / M4 (2024) Chip Leicht und Dünn Case mit Hartschale Auto Schlaf/Wach Funktion Stiftfreundlich - Schwarz,,0107HMETMYS,amzn.gr.ACS09440PAN-mEsViZjgUaDz2WHDr-VG,13.59,,07/01/2026 12:14:52 MET,,y,1,,Geringfügiger Schönheitsfehler an der Innenseite des Artikels. Der Artikel wird in der Originalverpackung zugestellt. Verpackung ist beschädigt.,2.0,,,,B0F16C514W,,,,,,B0F16C514W,,,,AMAZON_EU,Standardvorlage Amazon,Active,,
Spigen Liquid Crystal Glitter Schutzhülle kompatibel mit iPhone 13 - Crystal Quartz,,0402B99F9IG,amzn.gr.ACS03516PAN-9MabsszBVFDwJf3dZ-VG,15.29,,03/04/2024 00:00:37 MEST,,y,1,,,2.0,,,,B096HD52WM,,,,,,B096HD52WM,,,,AMAZON_EU,Standardvorlage Amazon,Inactive,,
Spigen Slim Armor CS Hülle Kompatibel mit Samsung Galaxy S21 Ultra,,1211XKMO034,ACS02357V,,0.0,11/12/2020 08:51:11 MET,,y,1,,,11.0,,,,B08QC9W37W,,,,,,B08QC9W37W,,,0.0,DEFAULT,Standardvorlage Amazon,Incomplete,,
"Spigen Thin Fit Kompatibel mit MacBook Air A2337 M1, A2179, A1932 Retina 13 Zoll (2020/2019/2018) Hulle - Rose Gold","Entworfen und uberzogen mit einem stabilen Strukturstrick, der Ihrem Macbook Air Eleganz und Modernitat verleiht. Die leichte und langlebige Verarbeitung von Thin Fit beugt Kratzern und Sorgen vor und bietet zusatzlichen Schutz fur den taglichen Gebrauch.",0603X62Z6PO,071CS25964PAN,37.99,,03/06/2020 02:35:35 MEST,,y,4,,,11.0,,,,B07V7HXTKR,,,,,,8809640253706,,,,AMAZON_EU,Standardvorlage Amazon,Inactive,,
Spigen Ultra Hybrid Pro Hülle Kompatibel mit Samsung Galaxy Z Flip 6 und Z Flip 7 FE -Crystal Clear,"Entwickelt für das Rund-um Schutz des Handys, sodass alle Anschlüsse und Buttons bestens zu erreichen sind; Die Air Cushion Technologie ist in den meisten Hüllen integriert speziell für den Eckschutz; Der erhöhte Rand rund um das Display und Kamera schützt diese vor Kratzer und Brüchen",0710B34ZHLE,ACS07834PAN,41.99,,10/07/2024 03:37:52 MEST,,y,4,,,11.0,,,,B0CXTX3JPK,,,,,,8809971227858,,,,AMAZON_EU,Standardvorlage Amazon,Inactive,,
"Spigen Google Pixel XL Hülle, [Rugged Armor] Variation Parent",,0922Q9GZ3I8,F15CS20903V,,0.0,22/09/2016 16:41:42 MEST,,y,1,,,11.0,,,,B01LZK9VOY,,,,,,B01LZK9VOY,,,0.0,DEFAULT,Standardvorlage Amazon,Incomplete,,
Spigen iPad 10.2 Hülle Smart Fold Variation Parent,,1001V0A5NPY,ACS00373V,,0.0,02/10/2019 00:15:27 MEST,,y,1,,,11.0,,,,B07YMS53WN,,,,,,B07YMS53WN,,,0.0,DEFAULT,Standardvorlage Amazon,Incomplete,,
Spigen Smart Fold iPad 9.7 Variation Parent,,0515UC6UEBF,053CS21983V,11.99,0.0,15/05/2018 09:39:25 MEST,,y,1,,,11.0,,,,B07D34LNZH,,,,,,B07D34LNZH,,,0.0,DEFAULT,Standardvorlage Amazon,Inactive,,
Spigen Slim Armor CS Hülle Kompatibel mit iPhone 8 Plus und Kompatibel mit iPhone 7 Plus,,1125XAMH50M,043CS20526V,,,25/11/2020 10:17:24 MET,,y,1,,,11.0,,,,B01NCSQP20,,,,,,B01NCSQP20,,,,AMAZON_EU,Standardvorlage Amazon,Incomplete,,
Spigen Thin Fit Hülle Kompatibel mit Apple Watch Serie 9/8/7 41mm - Kristallklar,"Der Thin Fit für die Apple Watch ist für den ultimativen Minimalisten gemacht. Das schlichte Design und die glatte Oberfläche bewahren das klassische Erscheinungsbild der Uhr. Ein starres Äußeres schützt täglich vor Stößen und Dellen, um unerwünschte Kratzer zu vermeiden. Und mit seinem hauchdünnen Rahmen und den präzisen Ausschnitten werden Sie wahrscheinlich vergessen, dass Sie sogar einen Koffer dabei haben. Hüllen Sie Ihre Apple Watch in die schlanke und schlanke Passform.",1203YULDHDK,ACS04187PAN,13.99,,03/12/2021 09:07:35 MET,,y,4,,,11.0,,,,B09L3ZVC8G,,,,,,8809811857726,,,,AMAZON_EU,Standardvorlage Amazon,Active,,False
"Spigen Glas.tR Slim Schutzfolie kompatibel mit Samsung Galaxy A34 5G, 2 Stück, Kratzfest, 9H Härte Folie",,0630AHZRNLL,amzn.gr.AGL05967PAN-Sjd67AKdWi756bc_e-LN,14.39,,30/06/2023 10:01:02 MEST,,y,1,,Der Artikel wird in der Originalverpackung zugestellt.,1.0,,,,B0BWJ5GHZC,,,,,,B0BWJ5GHZC,,,,AMAZON_EU,Standardvorlage Amazon,Inactive,,
Spigen Style Ring Handy Ring Phone Griff/Ständer/Halter für alle Handys und Tablets - Gold,"Schnappen Sie sich Ihr Smartphone mit dem Style Ring von Spigen. Tragen Sie es einfach am Finger, nachdem Sie es an Ihrem Telefon oder Etui befestigt haben, um die Gefahr des Herunterfallens Ihres Telefons zu verringern. Seine vielseitigen Eigenschaften dienen auch als Ständer für bequemes Ein- und Aussteigen.",0408Q1Z22KE,000EP20244DEP,18.99,,08/04/2016 14:24:15 MEST,,y,4,,,11.0,,,,B01CKFNKCW,,,,,,8809466643972,,,,AMAZON_EU,Standardvorlage Amazon,Inactive,,
"Spigen Glas.tR Slim Schutzfolie kompatibel mit Tesla Model 3(2026-2024), Model Y(2026/2025) Für Hinten Display, 8 Zoll, Blendschutz, Anti-Fingerabdruck, 9H Härte Folie",,0124BNQUEXN,AGL07586PAN,26.99,,24/01/2024 04:26:59 MET,,y,4,,,11.0,,,,B0CS1DQPR9,,,,,,8809971225175,,,,AMAZON_EU,Standardvorlage Amazon,Active,,
Spigen Tough Armor Hülle Kompatibel mit iPhone 13 -Schwarz,"Entwickelt für das Rund-um Schutz des Handys, sodass alle Anschlüsse und Buttons bestens zu erreichen sind; Die Air Cushion Technologie ist in den meisten Hüllen integriert speziell für den Eckschutz; Der erhöhte Rand rund um das Display und Kamera schützt diese vor Kratzer und Brüchen",0914YT3NGEM,ACS03539PAN,23.99,,14/09/2021 08:00:09 MEST,,y,4,,,11.0,,,,B096H6ZM74,,,,,,8809811852370,,,,AMAZON_EU,Standardvorlage Amazon,Active,,False
Spigen Flex Strap/Phone Grip/Phone Strap/Handy Halter/Handy Griff Kompatibel mit Allen Handys und Tablets - Rose Gold,"Greifen Sie zu - im wahrsten Sinne des Wortes. Der Flex Strap bietet an jedem Telefon einen aufsteckbaren Halt für zusätzliche Sicherheit und Komfort. Es ist so konzipiert, dass es bündig bleibt und jederzeit leicht zu erreichen ist.",0303XTN2PU2,AMP01143DEP,10.99,,04/03/2020 00:41:42 MET,,y,4,,,11.0,,,,B085FX7N14,,,,,,8809710750746,,,,AMAZON_EU,Standardvorlage Amazon,Inactive,,
"Spigen Glas.tR EZ Fit Schutzfolie für Tesla Model 3(2026-2024) 15.4"", Model Y Standard(2026-2025) 15.4"", Model Y Premium (2025) 15.4"", inkl. Installationsset, Matt,Blendschutz,Anti-Fingerabdruck,9H",,1206FSQ6IM9,amzn.gr.AGL07152PAN-VOWhGvykgJxW8itoh-VG,35.69,,06/12/2025 15:11:58 MET,,y,1,,Geringfügiger Schönheitsfehler an der Ober- oder Vorderseite oder an den Seiten des Artikels. Der Artikel kommt mit Originalkarton in einer Umverpackung. Der Originalkarton ist beschädigt.,2.0,,,,B0CHV4WP2C,,,,,,B0CHV4WP2C,,,,AMAZON_EU,Standardvorlage Amazon,Active,,
Spigen Thin Fit Hülle kompatibel mit Apple Watch Serie 6 SE 5 4 40mm - Transparent,"Spigen ist gegründet im Jahr 2008 und seitdem sind unsere Produkte weltweit erhältlich. Was macht unser Produkt einzigartig? Slim Protection. Pünktliche Verfügbarkeit. Große Auswahl an Geräten. Erstklassige Qualität. Unser Ziel ist es, der Branchenführer für mobiles Zubehör zu sein. Unser Ziel ist es, die besten Standards für unsere Produkte zu setzen und gleichzeitig kontinuierlich an der Produktentwicklung zu arbeiten.",1006YXD9WB5,ACS02815EUP,13.99,,06/10/2021 12:24:38 MEST,,y,4,,,11.0,,,,B08TT2BQB8,,,,,,8809756646089,,,,AMAZON_EU,Standardvorlage Amazon,Active,,False
"Spigen Schutzfolie kompatibel mit Xiaomi POCO X3 NFC, POCO X3 Pro, Volle Abdeckung, Kratzfest, 9H Härte Folie",,0414ZW7X78H,AGL02242PAN,13.99,,14/04/2022 08:22:51 MEST,,y,1,,,11.0,,,,B08KQ5JP43,,,,,,B08KQ5JP43,,,,AMAZON_EU,Standardvorlage Amazon,Inactive,,
"Spigen Glas.tR EZ Fit Schutzfolie kompatibel mit iPhone 17e, iPhone 16e, iPhone 14, iPhone 13, iPhone 13 Pro, 2 Stück, Kratzfest, 9H Härte Folie",,0511AIQTKHZ,AGL03385EUP,16.99,,11/05/2023 09:01:46 MEST,,y,1,,,11.0,,,,B095RTJH1M,,,,,,B095RTJH1M,,,,AMAZON_EU,Standardvorlage Amazon,Active,,
Spigen Samsung Galaxy A71 Liquid Air Variation,,1220VD9ZBTE,ACS00602V,,0.0,20/12/2019 06:28:20 MET,,y,1,,,11.0,,,,B082XT37YN,,,,,,B082XT37YN,,,0.0,DEFAULT,Standardvorlage Amazon,Incomplete,,
Spigen Dual Grip Hülle Kompatibel mit Nintendo Switch 2 2025 Case Zubehör - Schwarz [Nintendo Switch],Slim Protection Design,0402F8HWNUE,ACS09310PAN,19.99,,02/04/2025 02:37:34 MEST,,y,4,,,11.0,,,,B0DQ67JGXW,,,,,,8800283301359,,,,AMAZON_EU,Standardvorlage Amazon,Active,,
"Spigen NeoFlex Solid Schutzfolie kompatibel mit Samsung Galaxy S21 Plus, 2 Stück, Kratzfest, Wasserinstallation Folie",,0114YHEIL8E,AFL02536PAN,14.99,,14/01/2021 16:03:20 MET,,y,4,,,11.0,,,,B08PDP771Y,,,,,,8809756643583,,,,AMAZON_EU,Standardvorlage Amazon,Inactive,,
"Spigen wasserdichte Handyhülle [Aqua Shield] [2 Stick] IPX8 wasserfeste Handytasche Unterwasser Hülle kompatibel mit iPhone 16/15/14/13 Serien, Galaxy S25/S24/S23 und Allen Smartphones - Mint",Hochwertiges und vielseitiges Design,0403AB23QHQ,ACS06019PAN,18.99,,03/04/2023 07:00:50 MEST,,y,4,,,11.0,,,,B0BZHVTFBT,,,,,,8809896743679,,,,AMAZON_EU,Standardvorlage Amazon,Active,,False
"Spigen Sony Xperia 1 Hülle, [Liquid Crystal] Variation Parent",,0510VCM9X8X,G15CS26202V,,0.0,10/05/2019 10:48:32 MEST,,y,1,,,11.0,,,,B07RP86RW7,,,,,,B07RP86RW7,,,0.0,DEFAULT,Standardvorlage Amazon,Incomplete,,
Spigen Lite Fit Ersatzarmband Kompatibel mit Google Pixel Watch 4/3/2/1 41mm (2025/2024/2023/2022) Nylonband - Schwarz,Slim Design,0801AWGIA78,AMP06348PAN,16.99,,01/08/2023 05:47:41 MEST,,y,4,,,11.0,,,,B0C91HRWZN,,,,,,8809896746649,,,,AMAZON_EU,Standardvorlage Amazon,Active,,
Spigen Tough Armor Pro Entwickelt für Samsung Galaxy Tab S10 + Plus (2024) / S9+ Plus (2023) - Schwarz,,1209BG0CL4R,amzn.gr.ACS06835PAN-iMrIVW5Oh2vuhCnPs-AC,26.99,,09/12/2024 21:48:13 MET,,y,1,,,4.0,,,,B0C4G78WJ8,,,,,,B0C4G78WJ8,,,,AMAZON_EU,Standardvorlage Amazon,Inactive,,
Spigen Rugged Armor Hülle Kompatibel mit Apple Watch 11/10 46mm (2025/2024) - Matt Schwarz,,1015B4GJH70,amzn.gr.ACS08597PAN-rbUaAh4RR9IUtCIBZ-VG,12.74,,15/10/2024 10:49:39 MEST,,y,1,,,2.0,,,,B0DCCZ4WD1,,,,,,B0DCCZ4WD1,,,,AMAZON_EU,Standardvorlage Amazon,Inactive,,
"Spigen Urban Fit Hülle Kompatibel mit MacBook 16 Zoll M5 Pro / M5 Max (2026), M4 / M3 / M2 / M1 Pro/Max Serie (2024/23/21) - Schwarz","Spigen ist gegründet im Jahr 2008 und seitdem sind unsere Produkte weltweit erhältlich. Was macht unser Produkt einzigartig? Slim Protection. Pünktliche Verfügbarkeit. Große Auswahl an Geräten. Erstklassige Qualität. Unser Ziel ist es, der Branchenführer für mobiles Zubehör zu sein. Unser Ziel ist es, die besten Standards für unsere Produkte zu setzen und gleichzeitig kontinuierlich an der Produktentwicklung zu arbeiten",0516ZFAPVO9,ACS04211PAN,41.99,,16/05/2022 11:14:34 MEST,,y,4,,,11.0,,,,B09R2M316X,,,,,,8809811857948,,,,AMAZON_EU,Standardvorlage Amazon,Active,1.0,
Spigen S350 Entwickelt für Apple Watch Ladestation Ständer für 44mm/40mm Serien 6/SE/5/4 und 38mm/42mm Serien 3/2/1 - Volt Schwarz,"Der Apple Watch Stand S350 von Spigen ist komplett aus kratzfreiem TPU gefertigt und bietet ein Minimum an Ästhetik und intelligente Funktionalität. Es verfügt über eine Unterlippe, die Ihre Uhr auf der Seite hält, um Stabilität zu gewährleisten und ein Pendeln der Uhr zu verhindern. Ein exakter Ladeausschnitt sorgt für passgenaue Passgenauigkeit und einfache Handhabung.",1230QU1ORNQ,000CD21184DEP,15.99,,30/12/2016 03:03:39 MET,,y,4,,,11.0,,,,B01MZ2IY3O,,,,,,8809522191881,,,,AMAZON_EU,Standardvorlage Amazon,Inactive,,
Spigen Style Ring 360 Handy Ring/Handy Griff/Ständer/Halter für alle Handys und Tablets kompatibel mit Magnetic Car Mount - Rose Gold,"Schnappen Sie sich Ihr Smartphone mit dem Style Ring von Spigen. Tragen Sie es einfach am Finger, nachdem Sie es an Ihrem Telefon oder Etui befestigt haben, um die Gefahr des Herunterfallens Ihres Telefons zu verringern. Seine vielseitigen Eigenschaften dienen auch als Ständer für bequemes Ein- und Aussteigen.",1108ULWXNPT,000SR24436DEPSL,15.99,,08/11/2018 10:36:40 MET,,y,1,,,11.0,,,,B07F2G7MFR,,,,,,B07F2G7MFR,,,,AMAZON_EU,Standardvorlage Amazon,Inactive,,
Spigen Slim Armor CS Hülle Kompatibel mit iPhone 14 Pro -Schwarz,"Entwickelt für das Rund-um Schutz des Handys, sodass alle Anschlüsse und Buttons bestens zu erreichen sind; Die Air Cushion Technologie ist in den meisten Hüllen integriert speziell für den Eckschutz; Der erhöhte Rand rund um das Display und Kamera schützt diese vor Kratzer und Brüchen",0907ZL1FXGD,ACS04980PAN,22.99,,07/09/2022 07:50:30 MEST,,y,4,,,11.0,,,,B0B1PDP8RJ,,,,,,8809811864779,,,,AMAZON_EU,Standardvorlage Amazon,Active,,
Spigen Shine Shield Metal Sticker Variation Parent,"So frisch und so sauber, sauber. Der Staubschutz besteht aus einer dünnen Metallschicht und verhindert, dass Staub anhaftet und zurückbleibt. Das schlichte Design macht das Auftragen sehr einfach und verleiht ihm gleichzeitig eine besondere Note. Es lebe Ihre AirPods.",0827VTPITI3,ASD00213V,19.99,0.0,28/08/2019 01:04:15 MEST,,y,1,,,11.0,,,,B07WZQGXJX,,,,,,B07WZQGXJX,,,0.0,DEFAULT,Standardvorlage Amazon,Inactive,,
Spigen Liquid Air Hülle Kompatibel mit Samsung Galaxy S10e -Schwarz,"Entwickelt für das Rund-um Schutz des Handys, sodass alle Anschlüsse und Buttons bestens zu erreichen sind; Die Air Cushion Technologie ist in den meisten Hüllen integriert speziell für den Eckschutz; Der erhöhte Rand rund um das Display und Kamera schützt diese vor Kratzer und Brüchen",0705VLO1KGI,609CS25836DEPSL,13.99,,05/07/2019 05:48:56 MEST,,y,1,,,11.0,,,,B07MCVW825,,,,,,B07MCVW825,,,,AMAZON_EU,Standardvorlage Amazon,Inactive,,
Spigen Liquid Air Hülle Kompatibel mit Google Pixel 9 Pro XL [Made for Google] -Marble Gray,,0911BQFIC47,amzn.gr.ACS07718PAN-DPWeFdrOaiQc0iSDW-LN,13.49,,12/09/2024 00:36:27 MEST,,y,1,,,1.0,,,,B0CVR4RPFX,,,,,,B0CVR4RPFX,,,,AMAZON_EU,Standardvorlage Amazon,Inactive,,
"Spigen Samsung Galaxy S9 Plus Hülle, [Slim Armor CS] Variation Parent",,0205UY6TV0E,593CS22949V,,0.0,05/02/2018 09:18:33 MET,,y,1,,,11.0,,,,B079L53LGH,,,,,,B079L53LGH,,,0.0,DEFAULT,Standardvorlage Amazon,Incomplete,,
"Spigen Sony Xperia XZ2 Compact Hülle, [Rugged Armor] Variation Parent",,0314UN8I6I2,G12CS23351V,,0.0,14/03/2018 03:52:19 MET,,y,1,,,11.0,,,,B07BFP64RB,,,,,,B07BFP64RB,,,0.0,DEFAULT,Standardvorlage Amazon,Incomplete,,
Spigen Oppo R15 Pro Rugged Armor Variation,,1101VWWBK30,ACS00444V,,0.0,01/11/2019 11:55:50 MET,,y,1,,,11.0,,,,B07ZVSVPGC,,,,,,B07ZVSVPGC,,,0.0,DEFAULT,Standardvorlage Amazon,Incomplete,,
"Spigen Stand Folio Kompatibel mit Samsung Galaxy Tab S4 (10,5 Zoll, 2018) T830 / T835 Hülle - Schwarz",,0205VKU0GBL,598CS24417DEP,7.99,,05/02/2019 02:58:25 MET,,y,4,,,11.0,,,,B07GTCHP8B,,,,,,8809606429923,,,,AMAZON_EU,Standardvorlage Amazon,Inactive,,
Spigen Slim Armor CS Hülle Kompatibel mit Google Pixel 7 Pro -Schwarz,"Entwickelt für das Rund-um Schutz des Handys, sodass alle Anschlüsse und Buttons bestens zu erreichen sind; Die Air Cushion Technologie ist in den meisten Hüllen integriert speziell für den Eckschutz; Der erhöhte Rand rund um das Display und Kamera schützt diese vor Kratzer und Brüchen",1006ZJO4OZM,ACS04731PAN,20.99,,06/10/2022 16:08:08 MEST,,y,4,,,11.0,,,,B09YMCD3NS,,,,,,8809811862744,,,,AMAZON_EU,Standardvorlage Amazon,Active,,
"Spigen AlignMaster Schutzfolie kompatibel mit OnePlus 9, 2 Stück, Positionierhilfe für Einfache Installation, Kratzfest, 9H Härte Folie",,0415YBA6IDQ,AGL02895PAN,15.99,,15/04/2021 05:54:35 MEST,,y,4,,,11.0,,,,B08YR98RCS,,,,,,8809756646812,,,,AMAZON_EU,Standardvorlage Amazon,Inactive,,False
"Spigen Glas.tR Slim Schutzfolie kompatibel mit Samsung Galaxy Tab S6 Lite, Hüllenfreundlich, Kristallklar, Kratzfest, 9H Härte Folie",,0415YB7BK3M,AGL01842PAN,18.99,,15/04/2021 04:57:07 MEST,,y,4,,,11.0,,,,B08C2FYRGV,,,,,,8809710757486,,,,AMAZON_EU,Standardvorlage Amazon,Inactive,,False
Spigen Ultra Hybrid Entwickelt für Apple Airpods 1 & 2 Hülle Case [LED-Licht sichtbar] - Weiß,"Behalten Sie mit dem Ultra Hybrid den brandneuen Look Ihrer AirPods. Der ikonische zweiteilige Rahmen ist für alle Unebenheiten ausgelegt und verfügt über einen Körper, der ein lang anhaltendes Aussehen behält. Ihre Wahl war noch nie so klar.",0502XU8007H,ASD01301PAN,21.99,,02/05/2020 02:53:07 MEST,,y,4,,,11.0,,,,B087Z5GHC1,,,,,,8809710753044,,,,AMAZON_EU,Standardvorlage Amazon,Inactive,,
"Spigen Life Klasden Aktentasche für Laptop bis zu 16"" Umhängetasche für Herren Kompatibel mit MacBook Air/Pro, Lenovo IdeaPad/V15 usw. Büro und Geschäftsreise - Schwarz",,0227H5H5349,amzn.gr.AFA09540PAN-RgtJCm88KvfnQbrUm-VG,,,27/02/2026 21:21:15 MET,,y,1,,,,,,,B0F1X82JXV,,,,,,B0F1X82JXV,,,,AMAZON_EU,Standardvorlage Amazon,Incomplete,,
Spigen Optik Armor Hülle Kompatibel mit Samsung Galaxy A55 5G -Schwarz,"Entwickelt für das Rund-um Schutz des Handys, sodass alle Anschlüsse und Buttons bestens zu erreichen sind; Die Air Cushion Technologie ist in den meisten Hüllen integriert speziell für den Eckschutz; Der erhöhte Rand rund um das Display und Kamera schützt diese vor Kratzer und Brüchen",1025BVH3NOL,ACS07535PAN,20.99,,25/10/2024 03:19:07 MEST,,y,4,,,11.0,,,,B0CQ3S3X5G,,,,,,8809971224482,,,,AMAZON_EU,Standardvorlage Amazon,Active,,
Spigen Thin Fit Hülle kompatibel mit Apple Watch Serie 6 SE SE2 5 4 44mm - Transparent,"Der Thin Fit für die Apple Watch ist für den ultimativen Minimalisten gemacht. Das schlichte Design und die glatte Oberfläche bewahren das klassische Erscheinungsbild der Uhr. Ein starres Äußeres schützt täglich vor Stößen und Dellen, um unerwünschte Kratzer zu vermeiden. Und mit seinem hauchdünnen Rahmen und den präzisen Ausschnitten werden Sie wahrscheinlich vergessen, dass Sie sogar einen Koffer dabei haben. Hüllen Sie Ihre Apple Watch in die schlanke und schlanke Passform.",0126YIRHUAS,ACS02814PAN,12.99,,26/01/2021 01:25:09 MET,,y,4,,,11.0,,,,B08TT96R2R,,,,,,8809756646072,,,,AMAZON_EU,Standardvorlage Amazon,Inactive,,
Spigen Rugged Armor Pro Hülle Kompatibel mit iPad Air 8. M4 (2026) / 7. M3 (2025) / 6. M2 (2024) / 5. (2022) / 4. Generation (2020) 11 Zoll und 10.9 Zoll Case - Schwarz,"Spigen ist gegründet im Jahr 2008 und seitdem sind unsere Produkte weltweit erhältlich. Was macht unser Produkt einzigartig? Slim Protection. Pünktliche Verfügbarkeit. Große Auswahl an Geräten. Erstklassige Qualität. Unser Ziel ist es, der Branchenführer für mobiles Zubehör zu sein. Unser Ziel ist es, die besten Standards für unsere Produkte zu setzen und gleichzeitig kontinuierlich an der Produktentwicklung zu arbeiten.",0904XJRUJCD,ACS02054PAN,27.99,,04/09/2020 19:16:27 MEST,,y,4,,,11.0,,,,B08HGZW3PJ,,,,,,8809710759329,,,,AMAZON_EU,Standardvorlage Amazon,Active,,
Spigen iPhone 8/7 [Neo Hybrid 2] Parent,,0801UU3ETDU,054CS22360V,,0.0,01/08/2018 08:13:47 MEST,,y,1,,,11.0,,,,B07G32DFWY,,,,,,B07G32DFWY,,,0.0,DEFAULT,Standardvorlage Amazon,Incomplete,,
"Spigen für iPhone 16 Pro Max Camera Control Button Kamerasteuerung Aktivierte Hülle Ultra Hybrid T MagFit, Kompatibel mit MagSafe Zubehör -Frost Rose Titanium",,0716F8WQVHA,amzn.gr.ACS09069PAN-VpjHUrof1xwh3zMyg-LN,26.09,,16/07/2025 19:32:24 MEST,,y,1,,Der Artikel wird in der Originalverpackung zugestellt. Verpackung ist beschädigt.,1.0,,,,B0DJG5FRS6,,,,,,B0DJG5FRS6,,,,AMAZON_EU,Standardvorlage Amazon,Active,,
"Spigen DA20 Apple Pencil Stifthalter für Pro und 2. Generation Kompatibel mit iPad Pro 11""/ 13"", iPad Air 11"" /13"" und Anderen iPad-Serien - Schwarz","Spigen ist gegründet im Jahr 2008 und seitdem sind unsere Produkte weltweit erhältlich. Was macht unser Produkt einzigartig? Slim Protection. Pünktliche Verfügbarkeit. Große Auswahl an Geräten. Erstklassige Qualität. Unser Ziel ist es, der Branchenführer für mobiles Zubehör zu sein. Unser Ziel ist es, die besten Standards für unsere Produkte zu setzen und gleichzeitig kontinuierlich an der Produktentwicklung zu arbeiten.",0510Z4A42YT,APP04545PAN,29.99,,10/05/2022 05:02:10 MEST,,y,4,,,11.0,,,,B09V1V34TV,,,,,,8809811860979,,,,AMAZON_EU,Standardvorlage Amazon,Active,,False
Spigen Thin Fit Hülle Kompatibel mit iPhone 11 Pro Max,,1125XAM5SKM,075CS27127V,,,25/11/2020 10:17:24 MET,,y,1,,,11.0,,,,B08P4RWLCF,,,,,,B08P4RWLCF,,,,AMAZON_EU,Standardvorlage Amazon,Incomplete,,
"Spigen wasserdichte Tasche [Aqua Shiela] [2 Stick] Waterproof Bag Sauchtasche IPX8 kompatibel mit iPhone 16/15/14/13 Serien, Galaxy S25/S24/S23 und Allen Smartphones - Schwarz",,1108B2HGCIO,amzn.gr.AMP04531PAN-gJjQ97TLCEYVrDmNr-AC,13.49,,08/11/2024 20:19:10 MET,,y,1,,,4.0,,,,B09Y8Y8RTD,,,,,,B09Y8Y8RTD,,,,AMAZON_EU,Standardvorlage Amazon,Inactive,,
Spigen Xiaomi Redmi Note 8T Rugged Armor Variation,,0103X9S41SN,ACS00693V,,0.0,03/01/2020 03:24:18 MET,,y,1,,,11.0,,,,B083FCKWPK,,,,,,B083FCKWPK,,,0.0,DEFAULT,Standardvorlage Amazon,Incomplete,,
Spigen Smart Fold 2 Kompatibel mit iPad Pro 12.9 (2018) Hülle - Schwarz,,1210UGQ7Y48,068CS25192DEP,5.99,,11/12/2018 00:09:52 MET,,y,4,,,11.0,,,,B07L61B41C,,,,,,8809613766851,,,,AMAZON_EU,Standardvorlage Amazon,Inactive,,
"Spigen Kuel [S40] ver.1 (Stealth), Handy Halterung Auto Horizontal Aerodynamisches Design KFZ Autohalterung fürs Armaturenbrett - Kompatibel mit iPhone, Galaxy, Huawei, usw","<br> Die <b>Spigen Kuel S40 Stealth</b> KFZ Handy Halterung von Spigen ist eine stilvolle und komfortable Autohalterung für Ihr Smartphone. <br> Es verfügt über ein wiederverwendbares Gel-Pad, das sicher an Ihrem Auto-Armaturenbrett haftet, flach oder gebogen, und bietet 2 horizontale Montagepositionen für einen effizienten Betrachtungswinkel. <br> Das Einsetzen und Entfernen des Handys erfordert nur eine Hand, um die Benutzerfreundlichkeit beim verantwortungsvollen Fahren zu erhöhen.<br>",0509UZLPFOF,SGP11359DEPA,14.99,,09/05/2018 03:03:18 MEST,,y,4,,,11.0,,,,B00RDQVPTY,,,,,,8809404216879,,,,AMAZON_EU,Standardvorlage Amazon,Inactive,,False
Spigen Rugged Armor Hülle Kompatibel mit Xiaomi 13 Lite -Schwarz,,0904AHDHWCB,amzn.gr.ACS05324PAN-vwtwmRrv6qDy0sGHe-VG,14.44,,04/09/2023 09:16:42 MEST,,y,1,,,2.0,,,,B0B52FKSRY,,,,,,B0B52FKSRY,,,,AMAZON_EU,Standardvorlage Amazon,Inactive,,
"Spigen Smart Fold MagFit MagSafe Kartenhalter mit Ständer Kompatibel mit iPhone 17/16/15, andere MagSafe-Modelle und Google Pixel 10-Serie mit Pixelsnap - Schwarz",,0211HVQ97DZ,amzn.gr.AMP02746PAN-wUx4blhxYEFnDql5H-VG,21.24,,11/02/2026 22:08:09 MET,,y,1,,Geringfügiger Schönheitsfehler an der Ober- oder Vorderseite oder an den Seiten des Artikels. Der Artikel wird in der Originalverpackung zugestellt.,2.0,,,,B08S1XM54D,,,,,,B08S1XM54D,,,,AMAZON_EU,Standardvorlage Amazon,Active,,
"Spigen NanoPop MagFit Hülle für Google Pixel 10 und Pixel 10 Pro, Kompatibel Mit Pixelsnap und MagSafe [2025 Neue Funktion] [Made for Google] -Blueberry Navy","Entwickelt für das Rund-um Schutz des Handys, sodass alle Anschlüsse und Buttons bestens zu erreichen sind; Die Air Cushion Technologie ist in den meisten Hüllen integriert speziell für den Eckschutz; Der erhöhte Rand rund um das Display und Kamera schützt diese vor Kratzer und Brüchen",0526FN2AR5V,ACS09711PAN,24.99,,26/05/2025 08:10:41 MEST,,y,4,,,11.0,,,,B0F49G9S89,,,,,,8800283307726,,,,AMAZON_EU,Standardvorlage Amazon,Active,,
"Spigen Glas.tR EZ Fit Schutzfolie kompatibel mit Samsung Galaxy S22, 2 Stück, Kratzfest, Kristallklar, 9H Härte Folie",,0523ZS6TVLZ,AGL05180PAN,21.99,,23/05/2022 05:26:31 MEST,,y,4,,,11.0,,,,B0B1ZKQ6Z5,,,,,,8809811866223,,,,AMAZON_EU,Standardvorlage Amazon,Active,,
"Spigen NanoPop MagFit Hülle für Samsung Galaxy S25 Ultra, Kompatibel mit MagSafe -Blueberry Navy",,0220FTNVB9Y,amzn.gr.ACS09056PAN-CrkJCB4RhquRmgHKd-LN,25.19,,20/02/2025 08:11:02 MET,,y,1,,,1.0,,,,B0DL7NWC79,,,,,,B0DL7NWC79,,,,AMAZON_EU,Standardvorlage Amazon,Active,,
"Spigen LG G6 / G6 Plus Hülle, [Rugged Armor] Variation Parent",,0124S13DI1Q,A21CS21230V,,0.0,24/01/2017 02:24:42 MET,,y,1,,,11.0,,,,B01N5SHFOH,,,,,,B01N5SHFOH,,,0.0,DEFAULT,Standardvorlage Amazon,Incomplete,,
Spigen Thin Fit Hülle Kompatibel mit Google Pixel 8 -Awesome Violet,,0123BNBM37F,amzn.gr.ACS06292PAN-QyJ5yO8MHk-2X9BnK-LN,17.09,,23/01/2024 22:47:02 MET,,y,1,,,1.0,,,,B0BZ5YJ6ZQ,,,,,,B0BZ5YJ6ZQ,,,,AMAZON_EU,Standardvorlage Amazon,Inactive,,
Spigen Silicone Fit Entwickelt für Galaxy Buds Live Hülle/Galaxy Buds Pro Case Cover - Weiß,"Die Silikon-Passform bietet Rundumschutz für Ihr Galaxy Buds Pro / Galaxy Buds Live mit einem zusätzlichen Hauch von Alltagskomfort - gemacht, um der neue beste Freund Ihrer Knospe zu sein.",0901X02BPGB,ASD02105PAN,13.99,,01/09/2020 02:32:23 MEST,,y,4,,,11.0,,,,B08H52R3TL,,,,,,8809710759770,,,,AMAZON_EU,Standardvorlage Amazon,Inactive,,
"Spigen Glas.tR EZ Fit Optik Kameraschutz kompatibel mit Google Pixel 10 Pro, 2 Stück, Kristallklar, Rundumschutz, Anti-Kratzer, 9H Härte Schutzfolie",,0820F5EX3EX,AGL09662PAN,19.99,,20/08/2025 09:45:03 MEST,,y,4,,,11.0,,,,B0FBDQ73HY,,,,,,8800283307238,,,,AMAZON_EU,Standardvorlage Amazon,Active,,
Spigen Samsung Galaxy Note 10 Lite Ultra Hybrid Black Variation,,0102X893G4P,ACS00685V,,0.0,02/01/2020 10:17:13 MET,,y,1,,,11.0,,,,B083DSCHDY,,,,,,B083DSCHDY,,,0.0,DEFAULT,Standardvorlage Amazon,Incomplete,,
Spigen 3in1 Ladekabel MFI Zertifiziert USB Typ C Kabel Micro USB Kabel 8 pin Lightning Kabel für iPhone Galaxy Smartphones mit Strap 1.5m,,0913UYQMCCO,000CB22774V,,0.0,13/09/2018 12:22:52 MEST,,y,1,,,11.0,,,,B07H9ZWR29,,,,,,B07H9ZWR29,,,0.0,DEFAULT,Standardvorlage Amazon,Incomplete,,
"Spigen Neo Hybrid, Kompatibel mit iPhone XR Hülle, 064CS24879 Zweiteilige Modische Muster Silikon Schale und PC Rahmen Schutzhülle Case (Jet Black)","Die Spigen Neo Hybrid Hülle ist speziell zum Schutz des Handys bestimmt.<br>Sie gehört zu den beliebtesten Hüllen von Spigen.<br>Die Form der Schutzhülle im ist für das Handy maßgeschneidert. Alle Anschlüsse und die zum Teil integrierten Buttons in stylischer Metall-Optik sind bestens zu erreichen und leicht zu bedienen.<br>Trotz des schlanken und minimalistischen Designs bietet das Case einen sehr hohen Schutz.<br>Der Kamera-Ausschnitt schützt das Objektiv und stört dabei nicht bei Aufnahmen mit dem Handy.<br>Durch den hochwertigen Material-Mix (stoßabweisendes TPU-Innenteil + festes Polykarbonat Außenteil) wird das Handy vor Stößen und Beschädigungen geschützt.<br>Zusätzlich schützt ein umlaufender Rand das Display, wenn das Handy auf einer flachen Ebene liegt.<br>Die Neo Hybrid Hülle schützt das Handy und sieht gleichzeitig gut aus – die perfekte Kombination für das Handy.<br>",0828U6V0LYC,064CS24879DEPX,16.69,,28/08/2018 10:04:39 MEST,,y,4,,,11.0,,,,B07GHJ2SRF,,,,,,8809613764000,,,,AMAZON_EU,Standardvorlage Amazon,Inactive,,
Spigen Tough Armor TECH Kompatibel mit iPad Pro 12.9 Hülle (2018) - Gunmetal,,0103V2ZTQ93,068CS25204DEP,14.99,,03/01/2019 05:00:14 MET,,y,4,,,11.0,,,,B07M6MN8H4,,,,,,8809613766974,,,,AMAZON_EU,Standardvorlage Amazon,Inactive,,
Spigen für iPhone 15 Pro Ultra Hybrid Hülle [Anti-Yellowing] Case Handyhülle Schutzhülle Cover Transparent Durchsichtig Dünn Slim -Sunny,,0513BGCVIN9,amzn.gr.ACS07569-XI10072PAN-qstTxUR_z-VG,16.99,,13/05/2024 10:31:02 MEST,,y,1,,,2.0,,,,B0CXGYDSZJ,,,,,,B0CXGYDSZJ,,,,AMAZON_EU,Standardvorlage Amazon,Inactive,,
"Spigen LG G7 Hülle, [Tough Armor] Variation Parent",,0102UD39NPQ,A27CS23035V,,0.0,02/01/2018 09:53:45 MET,,y,1,,,11.0,,,,B078RMQ99T,,,,,,B078RMQ99T,,,0.0,DEFAULT,Standardvorlage Amazon,Incomplete,,
"Spigen, 2 Stück, AlignMaster, Panzerglas Schutzfolie für iPhone 8/7, Positionierhilfe für Einfache Installation, Hüllenfreundlich, 9H gehärtetes Glas, iPhone 8/7 Panzerglas",,0424F1H99FQ,AGL01296PAN,,,24/04/2025 03:06:53 MEST,,y,1,,,500.0,,,,B088R3Y47L,,,,,,B088R3Y47L,,,,AMAZON_EU,Standardvorlage Amazon,Incomplete,,
Spigen Tough Armor Hülle Case kompatibel mit Airpods 3 Generation 2021 - Metallisches Gold,"Die klassische robuste Rüstung, die Sie kennen und lieben, ist jetzt bereit, Ihre AirPods 3 Generation 2021 mit einem völlig neuen Aussehen zu pflegen. Das robuste Design hält es kratzfrei, während das weiche Silikon für zusätzlichen Halt sorgt, damit es in Top-Zustand bleibt.",1103YEBGHPM,ASD02997PAN,21.99,,03/11/2021 08:24:40 MET,,y,4,,,11.0,,,,B091246S5C,,,,,,8809756647659,,,,AMAZON_EU,Standardvorlage Amazon,Inactive,,False
Spigen Ultra Hybrid MagFit für Samsung Galaxy S26 Plus Hülle [Anti Vergilbung] Case Handyhülle Transparent Kompatibel mit MagSafe -Clear White,,0402HQO9SQ6,amzn.gr.ACS10964PAN-ZeTZEqvZ4wclOd0tc-VG,19.54,,02/04/2026 19:45:38 MEST,,y,1,,Der Artikel wird in der Originalverpackung zugestellt.,2.0,,,,B0FVB7135D,,,,,,B0FVB7135D,,,,AMAZON_EU,Standardvorlage Amazon,Active,,
Spigen Style Ring 360 Handy Ring/Handy Griff/Ständer/Halter für alle Handys und Tablets kompatibel mit Magnetic Car Mount - Rot,"Spigen ist gegründet im Jahr 2008 und seitdem sind unsere Produkte weltweit erhältlich. Was macht unser Produkt einzigartig? Slim Protection. Pünktliche Verfügbarkeit. Große Auswahl an Geräten. Erstklassige Qualität. Unser Ziel ist es, der Branchenführer für mobiles Zubehör zu sein. Unser Ziel ist es, die besten Standards für unsere Produkte zu setzen und gleichzeitig kontinuierlich an der Produktentwicklung zu arbeiten.",0628UB8E09H,000SR24434DEP,18.99,,28/06/2018 11:19:37 MEST,,y,1,,,11.0,,,,B07F21MW8F,,,,,,B07F21MW8F,,,,AMAZON_EU,Standardvorlage Amazon,Inactive,,
Spigen RA100 Entwickelt für Apple Airpods 1 & 2 Strap [Nicht kompatibel mit Airpods Pro] - Weiß,"Der Spigen AirPods Strap ist die perfekte Lösung, um Ihre AirPods in der Nähe zu halten! Es handelt sich um einen einfachen, aber innovativen Gurt, der an jedem Ende mit einer Halterung versehen ist, mit der jeder AirPod aus Sicherheitsgründen befestigt werden kann. Das schlichte und dennoch haltbare Design sorgt für ein verwirrungsfreies Erlebnis sowie eine einfache Lagerfähigkeit, wenn es nicht verwendet wird. Verlieren Sie niemals Ihre AirPods mit unserem Spigen TEKA AirPods Strap.",1019Q1Y1KPK,000EM20861DEP,10.99,,19/10/2016 03:36:16 MEST,,y,4,,,11.0,,,,B01LVZ4SXN,,,,,,8809466649264,,,,AMAZON_EU,Standardvorlage Amazon,Inactive,,
"Spigen Ultra Hybrid Frost Hülle Kompatibel mit iPhone 14 Pro , Polycarbonat, Thermoplastisches Polyurethan, Stoßdämpfend, Case Handyhülle -Schwarz",,0822FBY9I67,ACS04968PAN,,,22/08/2025 07:36:17 MEST,,y,1,,,500.0,,,,B0B1NZ8XHN,,,,,,B0B1NZ8XHN,,,,AMAZON_EU,Standardvorlage Amazon,Incomplete,,
"Spigen iPhone 8 Plus Hülle, [Wallet S] Variation Parent",,1018SKQ94X2,055CS22637V,,,18/10/2017 11:32:39 MEST,,y,1,,,11.0,,,,B076J888QS,,,,,,B076J888QS,,,,AMAZON_EU,Standardvorlage Amazon,Incomplete,,
Spigen für iPhone 15 Ultra Hybrid Hülle [Anti-Yellowing] Case Handyhülle Schutzhülle Cover Transparent Durchsichtig Dünn Slim -Crystal Clear,,1121AAT494W,amzn.gr.ACS06793PAN-I8gJo-Y7W3Wwx1xvV-GD,11.55,,21/11/2023 22:14:07 MET,,y,1,,,3.0,,,,B0C5S8XR9H,,,,,,B0C5S8XR9H,,,,AMAZON_EU,Standardvorlage Amazon,Inactive,,
Spigen Ultra Hybrid Pro Hülle für iPad Air 13 Zoll 8. M4 / 7. M3 / 6. Generation M2 (2026/25/24) mit Stifthalter Auto Schlaf/Wach Funktion Transparenter Rückseitenschale Veganes Veloleder - Schwarz,Slim Protection Design,0425B5QNMKW,ACS07668PAN,29.99,,26/04/2024 01:55:46 MEST,,y,4,,,11.0,,,,B0CW2C6WDL,,,,,,8809971226158,,,,AMAZON_EU,Standardvorlage Amazon,Active,,
Spigen Slim Armor CS Hülle Kompatibel mit iPhone XS und Kompatibel mit iPhone X -Schwarz - 5.8 Zoll,,0519A6GAOSO,amzn.gr.057CS22155PAN--dGRER4MYnUjEi6-VG,19.54,,19/05/2023 02:46:06 MEST,,y,1,,Geringfügiger Schönheitsfehler an der Unter- oder Rückseite des Artikels. Der Artikel wird in der Originalverpackung zugestellt.,2.0,,,,B074CNGG4N,,,,,,B074CNGG4N,,,,AMAZON_EU,Standardvorlage Amazon,Inactive,,
"Spigen OneTap Pro 3 MagFit MagSafe Autohalterung mit Ladefunktion, Magnetisches Kabelloses Auto Handyhalterung Ladegerät Kompatibel mit iPhone 17/16/15/14/13/12 Pro Max Air, MagSafe Hüllen - Schwarz",Spigen,0213ACJE3OR,ACP04629PAN,43.99,,13/02/2023 09:13:08 MET,,y,4,,,11.0,,,,B0BGMDJ1Z3,,,,,,8809811861839,,,,AMAZON_EU,Standardvorlage Amazon,Active,,False
"Spigen iPhone X Hülle, [Pro Guard] Variation Parent",,0116UBEV3CK,057CS22179V,,0.0,16/01/2018 10:42:36 MET,,y,1,,,11.0,,,,B0792Q2DGD,,,,,,B0792Q2DGD,,,0.0,DEFAULT,Standardvorlage Amazon,Incomplete,,
Spigen iPhone 16 Pro Max Hülle Ultra Hybrid T MagFit [c11 Series Chronos Edition] [Camera Control Button] [3D-Raumeffekt durch Hexa Layer Druck] Kompatibel mit MagSafe Zubehör -Magnolia,,0126F2WQLIH,amzn.gr.ACS09227PAN-TxJVXWgFvWQTjxUo6-VG,28.14,,26/01/2025 04:51:56 MET,,y,1,,Der Artikel kommt mit Originalkarton in einer Umverpackung. Der Originalkarton ist beschädigt.,2.0,,,,B0DMYB3YJ3,,,,,,B0DMYB3YJ3,,,,AMAZON_EU,Standardvorlage Amazon,Inactive,,
Spigen für iPhone 16 Pro Max Hülle [Kamerasteuerung] Extreme Magnetkraft Ultra Hybrid T MagFit Militärschutz Case Magnetisch Handyhülle Stoßfest Kratzfest Kompatibel mit MagSafe -Weiß,,0829FX6V51Y,amzn.gr.ACS08505PAN-FSMVEJzvhgo6YOeM1-AC,17.84,,29/08/2025 07:28:58 MEST,,y,1,,Schönheitsfehler mit mehr als 3 cm Größe an der Unter- oder Rückseite des Artikels. Der Artikel wird in der Originalverpackung zugestellt.,4.0,,,,B0D7B143L8,,,,,,B0D7B143L8,,,,AMAZON_EU,Standardvorlage Amazon,Active,,
Spigen Tough Armor Hülle Kompatibel mit Google Pixel 7 Pro -Schwarz,"Entwickelt für das Rund-um Schutz des Handys, sodass alle Anschlüsse und Buttons bestens zu erreichen sind; Die Air Cushion Technologie ist in den meisten Hüllen integriert speziell für den Eckschutz; Der erhöhte Rand rund um das Display und Kamera schützt diese vor Kratzer und Brüchen",1006ZJTBV1X,ACS04728PAN,20.99,,06/10/2022 16:06:52 MEST,,y,4,,,11.0,,,,B09YMTL3MM,,,,,,8809811862713,,,,AMAZON_EU,Standardvorlage Amazon,Active,,
Spigen Tag Armor Duo Hülle Case kompatibel mit AirPods Pro und AirTag - Metal Slate,"Wie hat Spigen seinen Anfang gemacht? Gegründet im Jahr 2008 sind unsere Produkte weltweit erhältlich. Was macht unser Produkt einzigartig? Pünktliche Verfügbarkeit. Große Auswahl an Geräten. Erstklassige Qualität. Warum wir lieben, was wir tun? Unser Ziel ist es, der Branchenführer für mobiles Zubehör zu sein. Unser Ziel ist es, die besten Standards für unsere Produkte zu setzen und gleichzeitig kontinuierlich an der Produktentwicklung zu arbeiten.""",0214ZRPCDAP,ACS04390PAN,23.99,,14/02/2022 10:19:47 MET,,y,4,,,11.0,,,,B09QBBM542,,,,,,8809811859607,,,,AMAZON_EU,Standardvorlage Amazon,Inactive,,
"Spigen Schutzfolie kompatibel mit Xiaomi Mi 10 Lite, Volle Abdeckung, Kratzfest, 9H Härte Folie",,1104ZEJZW11,AGL01345PAN,2.0,,04/11/2022 11:02:38 MET,,y,1,,,500.0,,,,B089CTF5V9,,,,,,B089CTF5V9,,,,AMAZON_EU,Standardvorlage Amazon,Inactive,,
Spigen Slim Armor CS Hülle Kompatibel mit Samsung Galaxy S21,,1211XKV50HS,ACS02428V,,0.0,11/12/2020 08:51:11 MET,,y,1,,,11.0,,,,B08QD7W74Z,,,,,,B08QD7W74Z,,,0.0,DEFAULT,Standardvorlage Amazon,Incomplete,,
"Spigen Google Pixel 3 Hülle, [Tough Armor] Variation Parent",,1030U1BVZ6U,F19CS25034V,,,30/10/2018 06:56:30 MET,,y,1,,,11.0,,,,B07JZTBJPT,,,,,,B07JZTBJPT,,,,AMAZON_EU,Standardvorlage Amazon,Incomplete,,
Spigen Liquid Crystal Hülle Kompatibel mit Samsung Galaxy S21 Ultra,,0427Y0EC4Z8,ACS02347V,,0.0,27/04/2021 08:36:31 MEST,,y,1,,,11.0,,,,B093KXBZRM,,,,,,B093KXBZRM,,,0.0,DEFAULT,Standardvorlage Amazon,Incomplete,,
"Spigen NanoPop MagFit Hülle für Samsung Galaxy S25 Ultra, Kompatibel mit MagSafe -Papaya Gray",,0219FR3UE92,amzn.gr.ACS09058PAN-h1d2sP3Svrr6ezPhH-LN,25.19,,19/02/2025 10:38:56 MET,,y,1,,,1.0,,,,B0DL85SV79,,,,,,B0DL85SV79,,,,AMAZON_EU,Standardvorlage Amazon,Active,,
Spigen Tough Armor Pro Entwickelt für Samsung Galaxy Tab A7 10.4 Hülle - Parent,,0715X9NQA79,ACS01563V,,0.0,16/07/2020 00:52:46 MEST,,y,1,,,11.0,,,,B08D2QV7KL,,,,,,B08D2QV7KL,,,0.0,DEFAULT,Standardvorlage Amazon,Incomplete,,
"Spigen Armband Dynamic Shield [Ultra-Leicht] Handytasche Joggen Handy Handyhalterung Universal [Schnelltrocknend] Kompatibel mit iPhone, Samsung Galaxy, Google Pixel -Schwarz","Entwickelt für das Rund-um Schutz des Handys, sodass alle Anschlüsse und Buttons bestens zu erreichen sind; Die Air Cushion Technologie ist in den meisten Hüllen integriert speziell für den Eckschutz; Der erhöhte Rand rund um das Display und Kamera schützt diese vor Kratzer und Brüchen",0419Z4OILSQ,AMP04617PAN,14.99,,19/04/2022 09:15:20 MEST,,y,4,,,11.0,,,,B09Y8NTZ1Y,,,,,,8809811861716,,,,AMAZON_EU,Standardvorlage Amazon,Active,,
"Spigen Glas.tR EZ Fit Schutzfolie kompatibel mit iPhone 15 Pro, 2 Stück, Kratzfest, 9H Härte Folie",Schutzfolie kompatibel mit iPhone 15 Pro,0913A64LS0H,AGL06892EUP,18.99,,13/09/2023 03:47:28 MEST,,y,4,,,11.0,,,,B0C9RWRD7Y,,,,,,8809896752145,,,,AMAZON_EU,Standardvorlage Amazon,Active,,False
Spigen Samsung Galaxy Note 9 [Ultra Hybrid S] Variation Parent,,0719U7410CU,599CS24586V,,0.0,19/07/2018 10:06:57 MEST,,y,1,,,11.0,,,,B07FP63D92,,,,,,B07FP63D92,,,0.0,DEFAULT,Standardvorlage Amazon,Incomplete,,
Spigen Valentinus Schlüsselanhänger für Damen und Herren- Schwarz,,0613B1WQI0Z,amzn.gr.AHP03647PAN-F0P7HPvlmPH0H1xD1-VG,16.99,,13/06/2024 07:12:19 MEST,,y,1,,,2.0,,,,B09W2C4WC3,,,,,,B09W2C4WC3,,,,AMAZON_EU,Standardvorlage Amazon,Inactive,,
Spigen RA100 Entwickelt für AirPods Gurt Kompatibel mit Apple Airpods 1 & 2 - Parent,,0920QHFAEDQ,000EM20861V,10.99,0.0,20/09/2016 10:48:24 MEST,,y,1,,,11.0,,,,B01LWXAAQA,,,,,,B01LWXAAQA,,,0.0,DEFAULT,Standardvorlage Amazon,Inactive,,
"Spigen Google Pixel 2 Hülle, [Thin Fit] Variation Parent",,0915S8F7QCW,F16CS22277V,,0.0,15/09/2017 08:04:00 MEST,,y,1,,,11.0,,,,B075N8J9DX,,,,,,B075N8J9DX,,,0.0,DEFAULT,Standardvorlage Amazon,Incomplete,,
Spigen Thin Fit Hülle Kompatibel mit iPhone 13 Pro Max -Schwarz,"Entwickelt für das Rund-um Schutz des Handys, sodass alle Anschlüsse und Buttons bestens zu erreichen sind; Die Air Cushion Technologie ist in den meisten Hüllen integriert speziell für den Eckschutz; Der erhöhte Rand rund um das Display und Kamera schützt diese vor Kratzer und Brüchen",0914YT3RYI4,ACS03674PAN,18.99,,14/09/2021 07:54:18 MEST,,y,4,,,11.0,,,,B09CDB1MDN,,,,,,8809811853339,,,,AMAZON_EU,Standardvorlage Amazon,Inactive,,False
Spigen Rugged Armor Hülle Kompatibel mit Galaxy S20 FE - Schwarz,"Entwickelt für das Rund-um Schutz des Handys, sodass alle Anschlüsse und Buttons bestens zu erreichen sind; Die Air Cushion Technologie ist in den meisten Hüllen integriert speziell für den Eckschutz; Der erhöhte Rand rund um das Display und Kamera schützt diese vor Kratzer und Brüchen",0430Y7SOSU3,ACS01847PAN,13.99,,30/04/2021 09:19:06 MEST,,y,4,,,11.0,,,,B08C943M8G,,,,,,8809710757530,,,,AMAZON_EU,Standardvorlage Amazon,Active,,
Spigen Style Ring Handy Ring Phone Griff/Ständer/Halter für alle Handys und Tablets - Orchid Grey,"Schnappen Sie sich Ihr Smartphone mit dem Style Ring von Spigen. Tragen Sie es einfach am Finger, nachdem Sie es an Ihrem Telefon oder Etui befestigt haben, um die Gefahr des Herunterfallens Ihres Telefons zu verringern. Seine vielseitigen Eigenschaften dienen auch als Ständer für bequemes Ein- und Aussteigen.",0519S575EV8,000SR21951DEP,7.99,,19/05/2017 04:48:37 MEST,,y,1,,,11.0,,,,B071P2VL7K,,,,,,B071P2VL7K,,,,AMAZON_EU,Standardvorlage Amazon,Inactive,,
Spigen Liquid Crystal Hülle Kompatibel mit Huawei P30 Pro -Crystal Clear,"Entwickelt für das Rund-um Schutz des Handys, sodass alle Anschlüsse und Buttons bestens zu erreichen sind; Die Air Cushion Technologie ist in den meisten Hüllen integriert speziell für den Eckschutz; Der erhöhte Rand rund um das Display und Kamera schützt diese vor Kratzer und Brüchen",0909VJI455X,L37CS25726DEPASL,9.99,,09/09/2019 07:47:40 MEST,,y,1,,,11.0,,,,B07LCWGS21,,,,,,B07LCWGS21,,,,AMAZON_EU,Standardvorlage Amazon,Inactive,,False
Spigen Shine Shield Entwickelt für Galaxy Buds Live (2020) [2 Sets] Staubschutz [Nicht kompatibel mit Galaxy Buds Pro] - Metallic Weiß,"Spigen ist gegründet im Jahr 2008 und seitdem sind unsere Produkte weltweit erhältlich. Was macht unser Produkt einzigartig? Slim Protection. Pünktliche Verfügbarkeit. Große Auswahl an Geräten. Erstklassige Qualität. Unser Ziel ist es, der Branchenführer für mobiles Zubehör zu sein. Unser Ziel ist es, die besten Standards für unsere Produkte zu setzen und gleichzeitig kontinuierlich an der Produktentwicklung zu arbeiten.",0821X453Q0C,ASD02069PAN,9.99,,22/08/2020 01:48:11 MEST,,y,4,,,11.0,,,,B08GGYKNCT,,,,,,8809710759473,,,,AMAZON_EU,Standardvorlage Amazon,Inactive,,
Spigen Style Ring Handy Ring Phone Griff/Ständer/Halter für alle Handys und Tablets - Weiß,"Schnappen Sie sich Ihr Smartphone mit dem Style Ring von Spigen. Tragen Sie es einfach am Finger, nachdem Sie es an Ihrem Telefon oder Etui befestigt haben, um die Gefahr des Herunterfallens Ihres Telefons zu verringern. Seine vielseitigen Eigenschaften dienen auch als Ständer für bequemes Ein- und Aussteigen.",0303QMQPGSW,SGP11760DEP,18.99,,03/03/2016 14:30:53 MET,,y,4,,,11.0,,,,B015HSS4AM,,,,,,8809466640957,,,,AMAZON_EU,Standardvorlage Amazon,Inactive,,
Spigen Rugged Armor Pro Fitbit Versa 2 Variation Parent,"Entwickelt, um unsere robuste Abdeckung in einem Unibody-Rahmen zu tragen. Der Rugged Armor Pro bietet ein All-in-One-Erlebnis und bietet sowohl Schutz als auch Komfort. Vollständig aus einem haltbaren, aber flexiblen Material gefertigt, bietet es alltägliche Stoßfestigkeit und eine einfache Anwendung und Entfernung. Sichern Sie die Fitbit Versa 2-Abdeckung mit dem brandneuen Rugged Armor Pro.",0331XRIP5YR,ACS00321V,18.99,0.0,31/03/2020 23:10:40 MEST,,y,1,,,11.0,,,,B086MHZQ76,,,,,,B086MHZQ76,,,0.0,DEFAULT,Standardvorlage Amazon,Inactive,,
Spigen Quartz Hybrid Hülle Kompatibel mit iPhone 13 mini,,0811YTTMW37,ACS03325V,,0.0,11/08/2021 07:49:49 MEST,,y,1,,,11.0,,,,B09CCRP5P6,,,,,,B09CCRP5P6,,,0.0,DEFAULT,Standardvorlage Amazon,Incomplete,,
Spigen AirSkin Pro Kompatibel mit iPad Pro 12.9 Zoll 6. Generation (2022) / 5. Generation (2021) Hülle mit abnehmbarem magnetischem Deckel - Grau,,0731AUBXK9C,amzn.gr.ACS06076PAN-RG8j1SunDivNvyJcU-VG,31.44,,31/07/2023 10:14:14 MEST,,y,1,,,2.0,,,,B0BWGLQFLM,,,,,,B0BWGLQFLM,,,,AMAZON_EU,Standardvorlage Amazon,Inactive,,
Spigen Ultra Hybrid Hülle Kompatibel mit Google Pixel 10 und Pixel 10 Pro [Made for Google] -Crystal Clear,"Entwickelt für das Rund-um Schutz des Handys, sodass alle Anschlüsse und Buttons bestens zu erreichen sind; Die Air Cushion Technologie ist in den meisten Hüllen integriert speziell für den Eckschutz; Der erhöhte Rand rund um das Display und Kamera schützt diese vor Kratzer und Brüchen",0526FMWUAA3,ACS09715PAN,16.99,,26/05/2025 08:10:43 MEST,,y,4,,,11.0,,,,B0F49D7HWT,,,,,,8800283307764,,,,AMAZON_EU,Standardvorlage Amazon,Active,,
Spigen iPhone 17 Hülle [Spigen Signature] Ultra Hybrid MagFit [Dura Clear Tech] Case Handyhülle Transparent Kompatibel mit MagSafe -Clear Gold,"Entwickelt für das Rund-um Schutz des Handys, sodass alle Anschlüsse und Buttons bestens zu erreichen sind; Die Air Cushion Technologie ist in den meisten Hüllen integriert speziell für den Eckschutz; Der erhöhte Rand rund um das Display und Kamera schützt diese vor Kratzer und Brüchen",0909FVTDQNT,ACS10084PAN,19.99,,09/09/2025 21:10:05 MEST,,y,4,,,11.0,,,,B0FD2DTJQ2,,,,,,8800283312164,,,,AMAZON_EU,Standardvorlage Amazon,Active,,
"Spigen Glas.tR EZ Fit Schutzfolie kompatibel mit iPad Pro 12.9 Zoll M2 (2022), iPad Pro 12.9 Zoll (2021/2020/2018), Kratzfest, 9H Härte Folie",,0310YPI6FQN,AGL02809PAN,28.99,,10/03/2021 04:10:58 MET,,y,4,,,11.0,,,,B08YK3D63M,,,,,,8809756646027,,,,AMAZON_EU,Standardvorlage Amazon,Active,,False
Spigen Rugged Armor Hülle Kompatibel mit Xiaomi 11T / 11T Pro -Schwarz,,0520A9T4MH9,amzn.gr.ACS03861PAN-4YDkdm12K3VOI2OWE-AC,10.49,,20/05/2023 05:07:03 MEST,,y,1,,Mittlerer Kratzer / trübe Stelle auf dem Metall. Der Artikel wird in der Originalverpackung zugestellt. Verpackung ist beschädigt.,4.0,,,,B09FRDSGW8,,,,,,B09FRDSGW8,,,,AMAZON_EU,Standardvorlage Amazon,Inactive,,
Spigen Smart Fold 2 Kompatibel mit iPad Pro 12.9 (2018) Hülle - Rose Gold,,1210UGQ8GU0,068CS25193DEP,5.99,,11/12/2018 00:09:52 MET,,y,4,,,11.0,,,,B07L62Q9XW,,,,,,8809613766868,,,,AMAZON_EU,Standardvorlage Amazon,Inactive,,
"Spigen Samsung Galaxy S6 Hülle, [Neo Hybrid] Variation Parent",,1110QQMCY8E,SGP11319V,,0.0,10/11/2016 06:14:52 MET,,y,1,,,11.0,,,,B01MRI254E,,,,,,B01MRI254E,,,0.0,DEFAULT,Standardvorlage Amazon,Incomplete,,
Spigen [All-in-One Ständer für iPhone 16 Pro Hülle Ultra Hybrid S MagFit für MagSafe [Verbesserte Magnestärke] Stoßfest Kratzfest Handyhülle Case -Frost Black,,0626FF8RGLA,amzn.gr.ACS08379PAN-T0ralgyKqvj5Yhbk0-VG,24.64,,26/06/2025 10:50:35 MEST,,y,1,,Artikel trifft neu verpackt ein.,2.0,,,,B0D447L2T9,,,,,,B0D447L2T9,,,,AMAZON_EU,Standardvorlage Amazon,Active,,
"Spigen Samsung Galaxy A5 2017 Hülle, [Slim Armor] Variation Parent",,0118SFJAFZE,573CS21359V,,0.0,18/01/2017 09:25:39 MET,,y,1,,,11.0,,,,B01N7TFN5D,,,,,,B01N7TFN5D,,,0.0,DEFAULT,Standardvorlage Amazon,Incomplete,,
Spigen Liquid Crystal Hülle Kompatibel mit Samsung Galaxy S25 Edge -Crystal Clear,,1120F6T9IS2,amzn.gr.ACS09425PAN-tTJkNS1OmPqbXK4Yt-VG,12.74,,20/11/2025 08:14:24 MET,,y,1,,Artikel trifft neu verpackt ein.,2.0,,,,B0DWVP5MDT,,,,,,B0DWVP5MDT,,,,AMAZON_EU,Standardvorlage Amazon,Active,,
"Spigen LG G8 Thinq Hülle, [Rugged Armor] Variation Parent",,0415V59VB33,A32CS25979V,,0.0,15/04/2019 10:12:10 MEST,,y,1,,,11.0,,,,B07QLLHFYF,,,,,,B07QLLHFYF,,,0.0,DEFAULT,Standardvorlage Amazon,Incomplete,,
Spigen Liquid Air Hülle Kompatibel mit iPhone 12 Pro und Kompatibel mit iPhone 12 -Navy Blue,,0329YAFP8I4,ACS02250DEPSL,12.99,,29/03/2021 03:42:14 MEST,,y,1,,,11.0,,,,B08KS4ZNRR,,,,,,B08KS4ZNRR,,,,AMAZON_EU,Standardvorlage Amazon,Inactive,,
Spigen Tough Armor Pro Entwickelt für Samsung Galaxy Tab S10 + Plus (2024) / S9+ Plus (2023) - Schwarz,,1004APE0UYS,amzn.gr.ACS06835PAN-JK9QkKRyDRIT_uz-L-VG,29.74,,04/10/2023 04:15:01 MEST,,y,1,,,2.0,,,,B0C4G78WJ8,,,,,,B0C4G78WJ8,,,,AMAZON_EU,Standardvorlage Amazon,Inactive,,
"Spigen Liquid Air für Samsung Galaxy S25 Plus Hülle mit [Stoßdämpfender Schutz], leichtes TPU, Anti-Rutsch Design –Schwarz",,0903FDQOQ96,amzn.gr.ACS08979PAN-ITLL3mknWEXcFbwqZ-LN,,,03/09/2025 23:11:38 MEST,,y,1,,Der Artikel wird in der Originalverpackung zugestellt. Verpackung ist beschädigt.,1.0,,,,B0DJ9V6783,,,,,,B0DJ9V6783,,,,AMAZON_EU,Standardvorlage Amazon,Incomplete,,
Spigen Tough Armor Pro Entwickelt für Samsung Galaxy Tab S7 Hülle mit Stifthalter (2020) - Gunmetal,,1107AAJV9VE,amzn.gr.ACS01605PAN-dR_KlQjAUjSyesqDU-VG,28.89,,07/11/2023 21:07:30 MET,,y,1,,,2.0,,,,B08CY9M588,,,,,,B08CY9M588,,,,AMAZON_EU,Standardvorlage Amazon,Inactive,,
Spigen Tough Armor Hülle Kompatibel mit iPhone 12 Pro Max -Metal Slate,"Entwickelt für das Rund-um Schutz des Handys, sodass alle Anschlüsse und Buttons bestens zu erreichen sind; Die Air Cushion Technologie ist in den meisten Hüllen integriert speziell für den Eckschutz; Der erhöhte Rand rund um das Display und Kamera schützt diese vor Kratzer und Brüchen",1022XEQXHUJ,ACS02295PAN,22.99,,22/10/2020 08:16:00 MEST,,y,4,,,11.0,,,,B08KTY9W5Z,,,,,,8809756641626,,,,AMAZON_EU,Standardvorlage Amazon,Inactive,,
Spigen Ultra Hybrid Hülle Kompatibel mit iPhone 12 Pro Max -Schwarz,,0116HFA9L50,amzn.gr.ACS01619PAN-lsEhnImhlQzOkHBl9-VG,,,16/01/2026 07:06:15 MET,,y,1,,Der Artikel kommt mit Originalkarton in einer Umverpackung. Der Originalkarton ist beschädigt.,2.0,,,,B08BGD86KY,,,,,,B08BGD86KY,,,,AMAZON_EU,Standardvorlage Amazon,Incomplete,,
Spigen Moto G5S [Rugged Armor] Variation Parent,,1024SKXQM6Q,M16CS22313V,,,24/10/2017 03:19:49 MEST,,y,1,,,11.0,,,,B076PXCLMM,,,,,,B076PXCLMM,,,,AMAZON_EU,Standardvorlage Amazon,Incomplete,,
Spigen Oneplus 7T Ultra Hybrid Variation,,0925VL5WOFF,ACS00318V,,0.0,25/09/2019 09:06:53 MEST,,y,1,,,11.0,,,,B07YC5VV6H,,,,,,B07YC5VV6H,,,0.0,DEFAULT,Standardvorlage Amazon,Incomplete,,
Spigen Rugged Armor Hülle Kompatibel mit Xiaomi 14T Pro -Matte Black,,1010FDCKJJ7,amzn.gr.ACS08858PAN-zfoTF3tZxAPrpPZaj-VG,13.59,,10/10/2025 23:34:58 MEST,,y,1,,Geringfügiger Schönheitsfehler an der Ober- oder Vorderseite oder an den Seiten des Artikels. Der Artikel wird in der Originalverpackung zugestellt. Verpackung ist beschädigt.,2.0,,,,B0DJGSVWFL,,,,,,B0DJGSVWFL,,,,AMAZON_EU,Standardvorlage Amazon,Inactive,,
"Spigen Modern Fit Metall Armband Entwickelt für Apple Watch Ultra 3/2/1 49mm, Serie 11/10 46mm und Serie 9/8/7/SE 45mm,44mm Edelstahl - Schwarz","Spigen ist gegründet im Jahr 2008 und seitdem sind unsere Produkte weltweit erhältlich. Was macht unser Produkt einzigartig? Slim Protection. Pünktliche Verfügbarkeit. Große Auswahl an Geräten. Erstklassige Qualität. Unser Ziel ist es, der Branchenführer für mobiles Zubehör zu sein. Unser Ziel ist es, die besten Standards für unsere Produkte zu setzen und gleichzeitig kontinuierlich an der Produktentwicklung zu arbeiten.",0706Y1L4C3L,062MP25403PAN,22.99,,07/07/2021 01:26:23 MEST,,y,4,,,11.0,,,,B07MFBLV3P,,,,,,8809613768824,,,,AMAZON_EU,Standardvorlage Amazon,Active,,False
Spigen Tough Armor TECH Kompatibel mit iPad Pro 12.9 Hülle (2018) - Parent,,0103V2YY0Z5,068CS25203V,,0.0,03/01/2019 05:00:14 MET,,y,1,,,11.0,,,,B07ML5T7LC,,,,,,B07ML5T7LC,,,0.0,DEFAULT,Standardvorlage Amazon,Incomplete,,
Spigen Liquid Air Hülle Kompatibel mit Samsung Galaxy S21 Plus -Schwarz,,0330A1S8QS6,amzn.gr.ACS02386PAN-3vHiRNX5JoTM3OOgr-LN,12.59,,30/03/2023 21:40:14 MEST,,y,1,,Der Artikel wird in der Originalverpackung zugestellt.,1.0,,,,B08LKLZP25,,,,,,B08LKLZP25,,,,AMAZON_EU,Standardvorlage Amazon,Inactive,,
Spigen A21CS21229 Liquid Crystal LG G6 Hülle Silikon Transparent Schlank TPU Durchsichtige Schutzhülle Case - Crystal Clear,,0423X5KKKOH,A21CS21229PAN,8.99,,23/04/2020 05:24:12 MEST,,y,1,,,11.0,,,,B01NBWSX8S,,,,,,B01NBWSX8S,,,,AMAZON_EU,Standardvorlage Amazon,Inactive,,
"Spigen Glas.tR EZ Fit Schutzfolie kompatibel mit iPad mini 7 (2024), iPad mini 6 (2021), 8.3 Zoll, Schablone für Installation, Kristallklar, Kratzfest, 9H Härte Folie",,1005YUVINPU,AGL03824PAN,21.99,,05/10/2021 07:24:23 MEST,,y,4,,,11.0,,,,B09GGC6TD6,,,,,,8809811854732,,,,AMAZON_EU,Standardvorlage Amazon,Active,,False
Spigen Samsung Galaxy A30 Rugged Armor Variation,,0514VJDX42G,617CS26243V,,0.0,14/05/2019 12:22:37 MEST,,y,1,,,11.0,,,,B07RSXSQMB,,,,,,B07RSXSQMB,,,0.0,DEFAULT,Standardvorlage Amazon,Incomplete,,
Spigen Xiaomi Mi Note 10 Lite Rugged Armor Variation,,0619XBSLJ8L,ACS01306V,,0.0,19/06/2020 08:38:50 MEST,,y,1,,,11.0,,,,B08BHV1M48,,,,,,B08BHV1M48,,,0.0,DEFAULT,Standardvorlage Amazon,Incomplete,,
Spigen Liquid Air Hülle Kompatibel mit Google Pixel 6 Pro -Schwarz,"Entwickelt für das Rund-um Schutz des Handys, sodass alle Anschlüsse und Buttons bestens zu erreichen sind; Die Air Cushion Technologie ist in den meisten Hüllen integriert speziell für den Eckschutz; Der erhöhte Rand rund um das Display und Kamera schützt diese vor Kratzer und Brüchen",0913YQRZRFB,ACS03455PAN,14.99,,13/09/2021 09:24:56 MEST,,y,4,,,11.0,,,,B0964H8HVY,,,,,,8809811851823,,,,AMAZON_EU,Standardvorlage Amazon,Inactive,,False
Spigen Legato Arc R72E Auto-Einzug Bluetooth Kopfhörer Nackenbügel Wireless Bluetooth Kopfhörer Kabellose HeadsetAuto-Retractable Ohrhörer Headset,"Spigen Legato Arc ist mit einem der größten Treiber (14mm Phi Empfänger) ausgestattet, der einen extrem tiefen Bass und ausgezeichneten Sound produziert. Der 3-Schritt-Equalizer mit HD dynamischer Soundqualität liefert ihren Ansprüchen entsprechenden optimierten Sound und saubere Sprachqualität bei ihren Telefonaten. Legato Arc ist extrem leicht und ist designet, um komfortabel auf ihrem Hals zu liegen. Sie selbst werden es kaum spüren, dass Sie Legato Arc tragen. Es ist der perfekte Bluetooth Audio-Begleiter für ihren Alltag mit Sprachsteuerung. 5-Minuten laden gibt ihnen ungefähr 1-Stunde Nutzungszeit. 10 Stunden Nutzungszeit erhalten Sie bereits mit einer 2 stündigen Ladung. Bluetooth kopfhoerer sport joggen. Bluetooth kopfhörer kabellos in ear Legato Arc R72E Auto-Einzug Bluetooth Kopfhörer Nackenbügel Wireless Bluetooth Kopfhörer Kabellose HeadsetAuto-Retractable Ohrhörer Headset mit 14mm Dynamic Driver/Qualcomm aptX HD Audio/Ultra Leicht/Schweißfest/cVc Noise Isolation/Anruf Vibration Alert/Siri & Android Sprachbefehl",1213S8DZJGW,000SD22545DEP,59.99,,13/12/2017 02:31:02 MET,,y,4,,,11.0,,,,B0787Q2KQL,,,,,,8809565302985,,,,AMAZON_EU,Standardvorlage Amazon,Inactive,,
Spigen Slim Armor CS Hülle für Google Pixel 9 Pro und Pixel 9 [Made for Google] -Schwarz,,1210F7CBER2,amzn.gr.ACS07695PAN-iulu_ABYrQHvB4XSL-VG,,,10/12/2025 15:39:03 MET,,y,1,,Artikel trifft neu verpackt ein.,2.0,,,,B0CVR44P8K,,,,,,B0CVR44P8K,,,,AMAZON_EU,Standardvorlage Amazon,Incomplete,,
Spigen iPhone 16 Pro Hülle Ultra Hybrid T MagFit [c11 Series Chronos Edition] [Camera Control Button] [3D-Raumeffekt durch Hexa Layer Druck] Kompatibel mit MagSafe Zubehör -Eternal,,0616FG5JJIM,amzn.gr.ACS09302PAN-A59pvTeoaTpkAnBnI-VG,28.14,,16/06/2025 09:59:27 MEST,,y,1,,Artikel trifft neu verpackt ein.,2.0,,,,B0DPJKS3FX,,,,,,B0DPJKS3FX,,,,AMAZON_EU,Standardvorlage Amazon,Active,,
"Spigen AlignMaster Schutzfolie kompatibel mit Samsung Galaxy A54 5G, 2 Stück, Kratzfest, 9H Härte Folie",,0315APJ1A3U,AGL05966PAN,13.99,,15/03/2023 11:07:53 MET,,y,4,,,11.0,,,,B0BWXSWB5J,,,,,,8809896743211,,,,AMAZON_EU,Standardvorlage Amazon,Active,,False
"Spigen iPhone 7 Hülle, [Thin Fit 360] Variation Parent",,0220S9ZVW2E,042CS21097V,,0.0,20/02/2017 10:52:49 MET,,y,1,,,500.0,,,,B06VXZ81VD,,,,,,B06VXZ81VD,,,0.0,DEFAULT,Standardvorlage Amazon,Incomplete,,
Spigen Thin Fit Kompatibel mit iPad Air 3 10.5 Zoll Hülle (2019) / iPad Pro 10.5 Zoll Hülle (2017) - Soft Clear,"Spigen ist gegründet im Jahr 2008 und seitdem sind unsere Produkte weltweit erhältlich. Was macht unser Produkt einzigartig? Slim Protection. Pünktliche Verfügbarkeit. Große Auswahl an Geräten. Erstklassige Qualität. Unser Ziel ist es, der Branchenführer für mobiles Zubehör zu sein. Unser Ziel ist es, die besten Standards für unsere Produkte zu setzen und gleichzeitig kontinuierlich an der Produktentwicklung zu arbeiten.",0714UZORSLP,052CS22396DEP,13.99,,14/07/2018 02:55:21 MEST,,y,4,,,11.0,,,,B075FDDJ6D,,,,,,8809565302657,,,,AMAZON_EU,Standardvorlage Amazon,Inactive,,
Spigen für Samsung Galaxy S24 FE Hülle [Anti Vergilbung] Ultra Hybrid Handyhülle Samsung S24 FE Transparent Durchsichtig -Crystal Clear,,0927BUDO00J,ACS08620PAN,16.99,,27/09/2024 02:11:40 MEST,,y,1,,,11.0,,,,B0D7NR6Q87,,,,,,B0D7NR6Q87,,,,AMAZON_EU,Standardvorlage Amazon,Active,,
Spigen Retro Fit Entwickelt für Galaxy Watch 3 45mm Armband Variation Parent,,0708Y40CK57,603MP26445V,,0.0,08/07/2021 02:40:48 MEST,,y,1,,,11.0,,,,B098WJXLGW,,,,,,B098WJXLGW,,,0.0,DEFAULT,Standardvorlage Amazon,Incomplete,,
"Spigen AlignMaster Schutzfolie kompatibel mit Google Pixel 8, 2 Stück, Kratzfest, 9H Härte Folie",,1226APAMCOM,AGL07396EUP,20.0,,26/12/2023 02:52:45 MET,,y,4,,,11.0,,,,B0CMRDVTGP,,,,,,8809971222754,,,,AMAZON_EU,Standardvorlage Amazon,Active,,
Spigen Liquid Crystal Hülle Kompatibel mit Samsung Galaxy S23 FE -Crystal Clear,,0106BFD4A3X,amzn.gr.ACS06369PAN-3QYyUYfuazN6-ki_d-LN,13.49,,06/01/2024 01:01:33 MET,,y,1,,,1.0,,,,B0BZTM51CF,,,,,,B0BZTM51CF,,,,AMAZON_EU,Standardvorlage Amazon,Inactive,,
Spigen Ultra Hybrid Kompatibel mit iPhone 13 Pro Max Hülle [Air Cushion Technologie] Handyhülle dünn transparent hardcase silikon -Sierra Blue,"Entwickelt für das Rund-um Schutz des Handys, sodass alle Anschlüsse und Buttons bestens zu erreichen sind; Die Air Cushion Technologie ist in den meisten Hüllen integriert speziell für den Eckschutz; Der erhöhte Rand rund um das Display und Kamera schützt diese vor Kratzer und Brüchen",1118Y5QP2GS,ACS04131PAN,16.99,,18/11/2021 03:59:10 MET,,y,4,,,11.0,,,,B09LB9ZCBZ,,,,,,8809811857238,,,,AMAZON_EU,Standardvorlage Amazon,Active,,False
"Spigen Tesla Model Y Juniper 2026 Standard & Model 3 Highland 2026 Mittelarmlehne Abdeckung, Armlehne Abdeckung Schutzhülle Innenraum für Tesla Model Y Juniper 2025 und 3 Highland 2024 2025 - Weiß",,1111FC89IM2,amzn.gr.ACP07646PAN-yIWCz6X5ACAoq9sOu-VG,30.59,,11/11/2025 14:31:55 MET,,y,1,,Geringfügiger Schönheitsfehler an der Unter- oder Rückseite des Artikels. Der Artikel wird in der Originalverpackung zugestellt. Verpackung ist beschädigt.,2.0,,,,B0CVNM1YTM,,,,,,B0CVNM1YTM,,,,AMAZON_EU,Standardvorlage Amazon,Active,,
Spigen iPhone 17 Pro Hülle [Spigen Signature] Ultra Hybrid MagFit [Dura Clear Tech] Case Handyhülle Transparent Kompatibel mit MagSafe -Clear Gold,,0222HKUIIQ1,amzn.gr.ACS10068PAN-Vrj4rEijaLW2zRRs4-LN,15.29,,22/02/2026 08:07:41 MET,,y,1,,Der Artikel wird in der Originalverpackung zugestellt.,1.0,,,,B0FD1WCF4X,,,,,,B0FD1WCF4X,,,,AMAZON_EU,Standardvorlage Amazon,Active,,
"Spigen Handyhalterung Fahrrad, [360° Sicherer Blick][Prämie Verstellbar] Stadt Berg Drehbar Fahrrad Halterung für iPhone X/8/8Plus/7/7 Plus/6S, Galaxy S8/S7/Note 8/5, All Smartphone - A250","<b>Spigen Velo Preimum 360° Fahrrad Handyhalterung [A250]</b><br><br><b>COMPATIBILITY:</b><br>Automatically fits any smart phone and fits motorcycle and bicycle handlebars. Holds iPhone X / 8 / 8Plus / 7 / 7 Plus / 6S / 6 / 5S / 5C / 5 / SE, Samsung Galaxy S8 / S8 Plus / S7 / S7 Edge / Note 8 / Note 5 / Series A/ Series E and LG V20 / V10 / G5 / G4, HTC, Huawei, Sony, Google Pixel / Pixel XL, Xiami, Nokia, Nexus, GPS Devices, Geräte und die meisten intelligenten Geräte und mehr! ""Hinweis: Aufgrund des höheren Gewichts größerer Smartphones empfehlen wir die Nutzung der X-Grip-Gummis für zusätzlichen Halt.** Einstellbarer Clip so breit wie 5cm bis 9.5cm **<br><br><b>About Spigen:</b><br>At Spigen, we strive to push the boundaries of design and technology. Our products are crafted and articulated with a mindset on maintaining the highest quality standards for the ultimate mobile experience.",1101QIM1NKE,000CD20874DEP,8.99,,01/11/2016 10:57:13 MET,,y,4,,,11.0,,,,B01LX9XOR8,,,,,,8809466649394,,,,AMAZON_EU,Standardvorlage Amazon,Inactive,,
Spigen Liquid Crystal Designed for Google Pixel 3 XL Case (2018) - Crystal Clear,,0422X1B9NZE,F20CS25022PAN,8.99,,22/04/2020 04:41:37 MEST,,y,1,,,11.0,,,,B07H5QSDW5,,,,,,B07H5QSDW5,,,,AMAZON_EU,Standardvorlage Amazon,Inactive,,
"Spigen Tough Armor TECH mit passgenauem Hartglas, Kompatibel mit iPad 9.7 Hülle (2018/2017) - Parent",,1222SCFWOVW,053CS22776V,,0.0,22/12/2017 09:26:29 MET,,y,1,,,11.0,,,,B078K651QL,,,,,,B078K651QL,,,0.0,DEFAULT,Standardvorlage Amazon,Incomplete,,
"Spigen, 2 Stück, Schutzfolie kompatibel mit Samsung Galaxy S10e, NeoFlex, Hüllenfreundlich, TPU Folie, Wasser Installation, Vollständige Abdeckung, Galaxy S10e Schutzfolie (609FL26017)",,0130Z7OBXKS,609FL26017PAN,12.99,,30/01/2022 05:49:10 MET,,y,1,,,11.0,,,,B07N35QH5W,,,,,,B07N35QH5W,,,,AMAZON_EU,Standardvorlage Amazon,Inactive,,
"Spigen Nano Pop Bundle - Nano Pop MagFit Hülle & Displayschutzfolie für Google Pixel 10/10 Pro, MagFit Wallet","Spigen Nano Pop Bundle - MagSafe-Hülle & Displayschutzfolie für Google Pixel 10 / 10 Pro, MagFit Wallet",0401HJJS13Q,ACS09711VB42,,0.0,01/04/2026 10:29:46 MEST,,y,1,,,11.0,,,,B0GVJGP1NZ,,,,,,B0GVJGP1NZ,,,0.0,DEFAULT,Standardvorlage Amazon,Inactive,,
"Spigen AirSkin Shield Schutzfolie kompatibel mit Apple AirTag 2021, 4 Stück, Schwarz, Anti-Kratzer, Hüllenfreundlich",,0512YU290Y7,AFL03146PAN,12.99,,12/05/2021 07:11:17 MEST,,y,4,,,11.0,,,,B0944C8HHP,,,,,,8809756648946,,,,AMAZON_EU,Standardvorlage Amazon,Inactive,,False
Spigen Apple iPad 7 10.2 (2019);Apple iPad 8 10.2 (2020) Hüllen Schwarz Backcover Tough Armor Kunststoff,,0405AHR4SOD,amzn.gr.ACS00375PAN-lH0RK236itV5kpdpS-VG,18.69,,05/04/2023 11:15:05 MEST,,y,1,,Der Artikel wird in der Originalverpackung zugestellt. Verpackung ist beschädigt.,2.0,,,,B07ZTTB4X5,,,,,,B07ZTTB4X5,,,,AMAZON_EU,Standardvorlage Amazon,Inactive,,
Spigen Urban Fit Hülle Case Kompatibel mit MacBook Air 13 Zoll M5 (2026) / M4 / M3 / M2 A2681 (2025/24/22) Kratzfeste Hartschalen aus Premium-Stoff - Schwarz,Slim Protection Design,1202ZEBW3WC,ACS05272PAN,42.99,,02/12/2022 06:20:18 MET,,y,4,,,11.0,,,,B0B5YH8FZW,,,,,,8809811866988,,,,AMAZON_EU,Standardvorlage Amazon,Active,1.0,
Spigen für iPhone 16 Pro Hülle [Anti-Yellowing] Ultra Hybrid MagFit Case Handyhülle Transparent Dünn Slim Kompatibel mit MagSafe -Graphite,,1010FBQTMLY,amzn.gr.ACS08130PAN-H9v05f7a-h3Fn06MC-LN,21.59,,10/10/2025 10:51:55 MEST,,y,1,,Der Artikel wird in der Originalverpackung zugestellt. Verpackung ist beschädigt.,1.0,,,,B0D21YVT9X,,,,,,B0D21YVT9X,,,,AMAZON_EU,Standardvorlage Amazon,Active,,
"Spigen Lite Fit Ultra Armband Entwickelt für Apple Watch Ultra 3/2/1 49mm, Serie 11/10 46mm, Serie 9/8/7/SE 45mm,44mm Einstellbare Nylon-Solo-Strap - Schwarz",Slim Protection Design,1208ZU3SFX4,AMP05983PAN,17.99,,08/12/2022 07:39:06 MET,,y,4,,,11.0,,,,B0BNM1GMD7,,,,,,8809896743365,,,,AMAZON_EU,Standardvorlage Amazon,Active,,False
"Spigen Glas.tR EZ Fit Schutzfolie kompatibel mit Samsung Galaxy Z Flip 7 FE, Z Flip 6, 2 Stück, für externe Display, Kratzfest, Hüllenfreundlich, Touch reaktiv",,0320HAZDD03,AGL07972EUPA,18.74,,20/03/2026 08:59:54 MET,,y,1,,,11.0,,,,B0D3J4RKHL,,,,,,B0D3J4RKHL,,,,AMAZON_EU,Standardvorlage Amazon,Active,,
Spigen Silicone Fit Hülle Kompatibel mit Sony PlayStation 5 Media Remote - Schwarz,Diese Fernbedienungshülle wurde speziell für die Sony Playstation 5 Media entwickelt.,1007YYPZ9NC,ACS03705PAN,16.99,,07/10/2021 04:30:35 MEST,,y,4,,,11.0,,,,B09CLN2K7M,,,,,,8809811853582,,,,AMAZON_EU,Standardvorlage Amazon,Inactive,,False
Spigen Thin Fit Hülle Kompatibel mit Sony PlayStation Portal Remote Player - Schwarz,,0209BPSYEKO,amzn.gr.ACS07235PAN-Inwqt9DvecNQiN8p2-LN,17.99,,09/02/2024 19:21:23 MET,,y,1,,,1.0,,,,B0CM4NT639,,,,,,B0CM4NT639,,,,AMAZON_EU,Standardvorlage Amazon,Active,,
"Spigen Thin Fit MagFit Hülle für Samsung Galaxy S25 Ultra, Kompatibel mit MagSafe -Schwarz","Entwickelt für das Rund-um Schutz des Handys, sodass alle Anschlüsse und Buttons bestens zu erreichen sind; Die Air Cushion Technologie ist in den meisten Hüllen integriert speziell für den Eckschutz; Der erhöhte Rand rund um das Display und Kamera schützt diese vor Kratzer und Brüchen",1216BXN2T4Q,ACS08946PAN,22.99,,16/12/2024 03:16:27 MET,,y,4,,,11.0,,,,B0DJ9VHQDX,,,,,,8809971237772,,,,AMAZON_EU,Standardvorlage Amazon,Active,,
Spigen Apple Watch 42mm [Tough Armor] Variation Parent,,1121UEF53OL,048CS21058V,,0.0,21/11/2018 08:40:07 MET,,y,1,,,500.0,,,,B07KR2TBY2,,,,,,B07KR2TBY2,,,0.0,DEFAULT,Standardvorlage Amazon,Incomplete,,
Spigen Wallet S Kreditkartenetui mit RFID NFC Schutz Portemonnaie für bis zu 12 Karten Geldbeutel Kartenhalter Kartenfach Geldklammer,,0604BC02JRO,amzn.gr.AMP02898PAN-S_dwObEyogyBszwve-GD,26.39,,04/06/2024 18:46:12 MEST,,y,1,,,3.0,,,,B091G1W6J8,,,,,,B091G1W6J8,,,,AMAZON_EU,Standardvorlage Amazon,Inactive,,
Spigen für iPhone 15 Pro Ultra Hybrid MagFit Hülle [Anti-Yellowing] Case Handyhülle Transparent Dünn Slim Kompatibel mit MagSafe -Zero One White,,1220AC0E12A,amzn.gr.ACS07036PAN-ix7zaNs7rlVCm1BjD-VG,18.78,,20/12/2023 04:51:31 MET,,y,1,,,2.0,,,,B0CB78D95C,,,,,,B0CB78D95C,,,,AMAZON_EU,Standardvorlage Amazon,Inactive,,
"Spigen Glas.tR EZ Fit Schutzfolie kompatibel mit iPhone 11 Pro Max, iPhone XS Max, 2 Stück, Kratzfest, 9H Härte Folie",,0410XCTM2LR,065GL25359PAN,15.99,,10/04/2020 09:53:35 MEST,,y,1,,,11.0,,,,B07HRZPYP2,,,,,,B07HRZPYP2,,,,AMAZON_EU,Standardvorlage Amazon,Active,,
Spigen Liquid Air Folio Hülle Kompatibel Mit iPad Pro 11 Zoll Generation 4 2022 | 3 2021 mit Apple Pencil (2. Gen) Halter - Schwarz,Slim Protection Design,0830ZXN4G6F,ACS05466PAN,22.99,,30/08/2022 09:00:21 MEST,,y,4,,,11.0,,,,B0B9ZZPFYV,,,,,,8809811868838,,,,AMAZON_EU,Standardvorlage Amazon,Active,,
"Spigen O-Mag Handy Ring Halterung Magnetisch für MagSafe, Handy Ständer Magnetic Phone Ring Holder, Kompatibel mit iPhone 17 17e 16 Pro Max Air, Pixel 10 Pro Fold XL, Samsung Galaxy S26 Ultra- Carbon",,0310FB6UCDP,amzn.gr.AMP05505PAN-eyOPQpJwMprGehLIF-LN,,,10/03/2025 10:23:51 MET,,y,1,,,1.0,,,,B0B9P11R5S,,,,,,B0B9P11R5S,,,,AMAZON_EU,Standardvorlage Amazon,Incomplete,,
Spigen Liquid Air P Hülle Kompatibel mit Samsung Galaxy S21 Ultra (S-Pen Nicht inklusive) - Schwarz,"Entwickelt für das Rund-um Schutz des Handys, sodass alle Anschlüsse und Buttons bestens zu erreichen sind; Die Air Cushion Technologie ist in den meisten Hüllen integriert speziell für den Eckschutz; Der erhöhte Rand rund um das Display und Kamera schützt diese vor Kratzer und Brüchen",0210Y5X8C6H,ACS02831PAN,15.39,,10/02/2021 06:52:25 MET,,y,4,,,11.0,,,,B08T59FXGF,,,,,,8809756646218,,,,AMAZON_EU,Standardvorlage Amazon,Active,,
Spigen Sony Xperia 5 Liquid Crystal Variation,,1101VWO3PPI,ACS00370V,,0.0,01/11/2019 10:45:54 MET,,y,1,,,11.0,,,,B07ZVN5T8K,,,,,,B07ZVN5T8K,,,0.0,DEFAULT,Standardvorlage Amazon,Incomplete,,
Spigen Liquid Air Hülle Kompatibel mit Samsung Galaxy S24 -Schwarz,,0314BUKSM75,amzn.gr.ACS07347PAN-3-03CdleVzMXquZIg-GD,12.31,,14/03/2024 06:38:33 MET,,y,1,,,3.0,,,,B0CM5F1T8P,,,,,,B0CM5F1T8P,,,,AMAZON_EU,Standardvorlage Amazon,Inactive,,
Spigen Parallax MagFit Hülle für Samsung Galaxy S25 Series,,0120FOF2TNO,ACS09052V,,0.0,20/01/2025 09:03:14 MET,,y,1,,,11.0,,,,B0DTHPRNFF,,,,,,B0DTHPRNFF,,,0.0,DEFAULT,Standardvorlage Amazon,Incomplete,,
Spigen Tough Armor Hülle Kompatibel mit Samsung Galaxy S22,,0209ZL1LYYB,ACS03991V,,0.0,09/02/2022 23:13:23 MET,,y,1,,,11.0,,,,B09S5KYSJY,,,,,,B09S5KYSJY,,,0.0,DEFAULT,Standardvorlage Amazon,Incomplete,,
"Spigen Glas.tR EZ Fit Schutzfolie kompatibel mit Samsung Galaxy Watch8, 40mm, 2 Stück, Nicht hüllenfreundlich, Kratzfest, 9H Härte Folie",,0709FLSYQ6I,AGL09874EUP,15.9,,09/07/2025 15:23:04 MEST,,y,1,,,11.0,,,,B0F97TWP9R,,,,,,B0F97TWP9R,,,,AMAZON_EU,Standardvorlage Amazon,Active,,
Spigen Rugged Armor Hülle Kompatibel mit Xiaomi Redmi Note 8 Pro -Schwarz - 6.53 Zoll,,0126A0UIR1Z,amzn.gr.ACS00268PAN-SuCWKL7jqUAPP_I_t-LN,11.69,,26/01/2023 02:17:44 MET,,y,1,,,1.0,,,,B07WSDRGCQ,,,,,,B07WSDRGCQ,,,,AMAZON_EU,Standardvorlage Amazon,Inactive,,
Spigen iPhone 17 Hülle [Spigen Premium Qualität] Rugged Armor MagFit Case Carbonfaser Muster Handyhülle TPU Schutzhülle Kompatibel mit MagSafe -Matte Black,,1003FU4FRB5,amzn.gr.ACS09975PAN-9BEfkLo1uRXIx1-zZ-VG,22.09,,03/10/2025 14:20:38 MEST,,y,1,,Artikel trifft neu verpackt ein.,2.0,,,,B0FD2C5LLX,,,,,,B0FD2C5LLX,,,,AMAZON_EU,Standardvorlage Amazon,Active,,
"Spigen Samsung Galaxy A50 Hülle, [Liquid Crystal] Variation Parent",,0402VFD83H2,611CS26200V,,0.0,02/04/2019 10:48:03 MEST,,y,1,,,11.0,,,,B07Q4TPF8M,,,,,,B07Q4TPF8M,,,0.0,DEFAULT,Standardvorlage Amazon,Incomplete,,
Spigen Modern Fit Entwickelt für Apple Watch Armband für 40mm/38mm Series 6/SE/5/4/3/2/1 - Roségold,The Modern Fit provides a stylish look to the Apple Watch with durability. The stainless steel bands offer a secure fit and clasp closure for a modern and polished look. A tool kit is included The band’s length is easy to adjust with extra links included. Preserve the sleek design of the Apple Watch with the Modern Fit.,0318VR3GHIY,061MP25944DEPX,22.99,,18/03/2019 09:55:22 MET,,y,4,,,11.0,,,,B07MTV2H5N,,,,,,8809640253560,,,,AMAZON_EU,Standardvorlage Amazon,Inactive,,
Spigen für iPhone 13 Ultra Hybrid Hülle [Anti-Yellowing] Case Handyhülle Schutzhülle Cover Transparent Durchsichtig Dünn Slim -Midnight Green,"Entwickelt für das Rund-um Schutz des Handys, sodass alle Anschlüsse und Buttons bestens zu erreichen sind; Die Air Cushion Technologie ist in den meisten Hüllen integriert speziell für den Eckschutz; Der erhöhte Rand rund um das Display und Kamera schützt diese vor Kratzer und Brüchen",0315ZAB11LR,ACS04562PAN,16.99,,15/03/2022 04:27:44 MET,,y,4,,,11.0,,,,B09VCRS7ZQ,,,,,,8809811861129,,,,AMAZON_EU,Standardvorlage Amazon,Inactive,,False
Spigen Thin Fit Kompatibel mit MacBook Pro 16 Zoll Hülle A2141 (2019) - Schwarz,"Spigen ist gegründet im Jahr 2008 und seitdem sind unsere Produkte weltweit erhältlich. Was macht unser Produkt einzigartig? Slim Protection. Pünktliche Verfügbarkeit. Große Auswahl an Geräten. Erstklassige Qualität. Unser Ziel ist es, der Branchenführer für mobiles Zubehör zu sein. Unser Ziel ist es, die besten Standards für unsere Produkte zu setzen und gleichzeitig kontinuierlich an der Produktentwicklung zu arbeiten.",0529XWEGSFE,072CS26270PAN,49.99,,29/05/2020 23:28:06 MEST,,y,4,,,11.0,,,,B089DNQPTH,,,,,,8809640256561,,,,AMAZON_EU,Standardvorlage Amazon,Inactive,,
Spigen Slim Armor CS Hülle Kompatibel mit Samsung Galaxy S23 Ultra 5G -Black,"Entwickelt für das Rund-um Schutz des Handys, sodass alle Anschlüsse und Buttons bestens zu erreichen sind; Die Air Cushion Technologie ist in den meisten Hüllen integriert speziell für den Eckschutz; Der erhöhte Rand rund um das Display und Kamera schützt diese vor Kratzer und Brüchen",0201AGO963K,ACS05628PAN,20.99,,01/02/2023 09:27:48 MET,,y,4,,,11.0,,,,B0BJRZFVMV,,,,,,8809896740357,,,,AMAZON_EU,Standardvorlage Amazon,Inactive,,
Spigen Rugged Armor Hülle Kompatibel mit Google Pixel 4a -Schwarz,"Entwickelt für das Rund-um Schutz des Handys, sodass alle Anschlüsse und Buttons bestens zu erreichen sind; Die Air Cushion Technologie ist in den meisten Hüllen integriert speziell für den Eckschutz; Der erhöhte Rand rund um das Display und Kamera schützt diese vor Kratzer und Brüchen",0804XNSE5BJ,ACS01015PAN,14.99,,04/08/2020 03:14:21 MEST,,y,4,,,11.0,,,,B083N5DD7K,,,,,,8809685629559,,,,AMAZON_EU,Standardvorlage Amazon,Inactive,,False
Spigen Samsung Galaxy A56 5G Hülle [Fallschutz in Militärqualität] Rugged Armor Handyhülle für Samsung A56 -Matte Black,"Entwickelt für das Rund-um Schutz des Handys, sodass alle Anschlüsse und Buttons bestens zu erreichen sind; Die Air Cushion Technologie ist in den meisten Hüllen integriert speziell für den Eckschutz; Der erhöhte Rand rund um das Display und Kamera schützt diese vor Kratzer und Brüchen",0304FSKFLRU,ACS09225PAN,14.99,,04/03/2025 01:28:18 MET,,y,4,,,11.0,,,,B0DTX981XB,,,,,,8800283301151,,,,AMAZON_EU,Standardvorlage Amazon,Active,,
"Spigen iPhone 17e / iPhone 16e Hülle [rutschfest] Liquid Air MagFit Case Slim TPU mit Truss-Design, Kompatibel mit MagSafe Zubehör -Matte Black","Entwickelt für das Rund-um Schutz des Handys, sodass alle Anschlüsse und Buttons bestens zu erreichen sind; Die Air Cushion Technologie ist in den meisten Hüllen integriert speziell für den Eckschutz; Der erhöhte Rand rund um das Display und Kamera schützt diese vor Kratzer und Brüchen",0117FHH1FCK,ACS09151PAN,14.99,,17/01/2025 03:42:34 MET,,y,4,,,11.0,,,,B0DKGBS22K,,,,,,8809971239813,,,,AMAZON_EU,Standardvorlage Amazon,Active,,
"Spigen Ultra Hybrid MagFit Hülle für Google Pixel 10 und Pixel 10 Pro, Kompatibel Mit Pixelsnap und MagSafe [2025 Neue Funktion] [Made for Google] -Neo One",,0305HRTVV46,amzn.gr.ACS09704PAN-VFUdhiLwdn1DRUubx-VG,20.39,,05/03/2026 13:31:43 MET,,y,1,,Geringfügiger Schönheitsfehler an der Ober- oder Vorderseite oder an den Seiten des Artikels. Der Artikel wird in der Originalverpackung zugestellt. Verpackung ist beschädigt.,2.0,,,,B0F49FTLRQ,,,,,,B0F49FTLRQ,,,,AMAZON_EU,Standardvorlage Amazon,Active,,
Spigen Liquid Air Hülle Kompatibel mit Samsung Galaxy S21 5g Handyhülle -Schwarz,"Spigen Liquid Air; Entwickelt für das Rund-um Schutz des Handys, sodass alle Anschlüsse und Buttons bestens zu erreichen sind; Die Air Cushion Technologie ist in den meisten Hüllen integriert speziell für den Eckschutz; Der erhöhte Rand rund um das Display und Kamera schützt diese vor Kratzer und Brüchen",0114YHFT6N7,ACS02422PAN,12.99,,14/01/2021 15:55:55 MET,,y,4,,,11.0,,,,B08LK27MLH,,,,,,8809756642609,,,,AMAZON_EU,Standardvorlage Amazon,Active,,False
Spigen Rugged Armor für Apple Airpods Pro Hülle (2019) - Parent,"Die klassische robuste Rüstung, die Sie kennen und lieben, ist jetzt bereit, Ihre AirPods Pro mit einem völlig neuen Aussehen zu pflegen. Das robuste Design hält es kratzfrei, während das weiche Silikon für zusätzlichen Halt sorgt, damit es in Top-Zustand bleibt.",1028VNXP253,ASD00540V,24.99,,28/10/2019 22:49:30 MET,,y,1,,,11.0,,,,B07ZPGWQG4,,,,,,B07ZPGWQG4,,,,AMAZON_EU,Standardvorlage Amazon,Inactive,,
Spigen für iPhone 15 Pro Ultra Hybrid Frost MagFit Hülle [Anti-Yellowing] Case Handyhülle Transparent Dünn Slim Kompatibel mit MagSafe -Clear,"Entwickelt für das Rund-um Schutz des Handys, sodass alle Anschlüsse und Buttons bestens zu erreichen sind; Die Air Cushion Technologie ist in den meisten Hüllen integriert speziell für den Eckschutz; Der erhöhte Rand rund um das Display und Kamera schützt diese vor Kratzer und Brüchen",0913A5UK1VU,ACS06719PAN,25.99,,13/09/2023 03:36:40 MEST,,y,4,,,11.0,,,,B0C5S9VJ6F,,,,,,8809896750509,,,,AMAZON_EU,Standardvorlage Amazon,Inactive,,False
Spigen Tough Armor Kompatibel mit Apple Watch Hülle für 42mm Serie 3 / Serie 2/1 / Original (2015) Silber,"The Tough Armor for the Apple Watch is made for the extreme. Its dual layers are built to withstand even the toughest bumps so your watch stays damage-free in all terrains. Even with the intense amount of protection it offers, the Tough Armor is designed to stay slim without adding any unnecessary bulk. Give your Apple Watch the protection it deserves with the Tough Armor.",1121SBJ9J9K,059CS22634DEPX,13.99,,21/11/2017 11:08:36 MET,,y,4,,,11.0,,,,B076CCSL7D,,,,,,8809565303791,,,,AMAZON_EU,Standardvorlage Amazon,Inactive,,
"Spigen Wasserdichte Handyhülle [Aqua Shield] [2 Stick] IPX8 wasserfeste Handytasche unterwasser Hülle kompatibel mit iPhone 16/15/14/13 Serien, Galaxy S25/S24/S23 und Allen Smartphones - Crystal Clear","Entwickelt für das Rund-um Schutz des Handys, sodass alle Anschlüsse und Buttons bestens zu erreichen sind; Die Air Cushion Technologie ist in den meisten Hüllen integriert speziell für den Eckschutz; Der erhöhte Rand rund um das Display und Kamera schützt diese vor Kratzer und Brüchen",0624ZK8KQS4,AMP04528PAN,18.99,,24/06/2022 10:52:49 MEST,,y,4,,,11.0,,,,B09Y8QSHSS,,,,,,8809811860818,,,,AMAZON_EU,Standardvorlage Amazon,Active,,
"Spigen O-Mag Handy Ring Halterung Magnetisch für MagSafe, Handy Ständer Magnetic Phone Ring Holder Kompatibel mit iPhone 17 17e 16 Pro Max Air, Pixel 10 Pro Fold XL, Samsung Galaxy S26 Ultra - Schwarz",,0831BXGB4RH,amzn.gr.AMP03120PAN-M4X-umZfdf59UKplI-GD,16.99,,31/08/2024 08:17:18 MEST,,y,1,,,3.0,,,,B0B47QXCBV,,,,,,B0B47QXCBV,,,,AMAZON_EU,Standardvorlage Amazon,Inactive,,
Spigen Liquid Air Kompatibel mit iPhone 13 mini Hülle Handyhülle dünn silikon -Schwarz,,1207ZQESX5M,"amzn.gr.""ACS03315PAN""-LZmq8BUIlgioTsk-LN",11.69,,07/12/2022 02:41:28 MET,,y,1,,Der Artikel wird in der Originalverpackung zugestellt.,1.0,,,,B096HHNQX1,,,,,,B096HHNQX1,,,,AMAZON_EU,Standardvorlage Amazon,Inactive,,
Spigen Crystal Pack Hülle Kompatibel mit Samsung Galaxy S21 FE,,0616YVLGUV3,ACS03640V,,0.0,16/06/2021 11:10:41 MEST,,y,1,,,11.0,,,,B097BTFWG6,,,,,,B097BTFWG6,,,0.0,DEFAULT,Standardvorlage Amazon,Incomplete,,
Spigen Tough Armor Kompatibel mit Apple Watch Hülle für 44mm Serie 6/SE/5/4 - Silber,"The Tough Armor for the Apple Watch is made for the extreme. Its dual layers are built to withstand even the toughest bumps so your watch stays damage-free in all terrains. Even with the intense amount of protection it offers, the Tough Armor is designed to stay slim without adding any unnecessary bulk. Give your Apple Watch the protection it deserves with the Tough Armor.",1029UZ9QVFE,062CS24478DEP,13.99,,29/10/2018 07:21:52 MET,,y,4,,,11.0,,,,B07HSN7GZ1,,,,,,8809613760446,,,,AMAZON_EU,Standardvorlage Amazon,Inactive,,
Spigen Rugged Armor Hülle Kompatibel mit Xiaomi 13 Pro -Schwarz,"Entwickelt für das Rund-um Schutz des Handys, sodass alle Anschlüsse und Buttons bestens zu erreichen sind; Die Air Cushion Technologie ist in den meisten Hüllen integriert speziell für den Eckschutz; Der erhöhte Rand rund um das Display und Kamera schützt diese vor Kratzer und Brüchen",0718ZXWKIZL,ACS05325PAN,14.99,,18/07/2022 08:19:04 MEST,,y,4,,,11.0,,,,B0B52F63R2,,,,,,8809811867503,,,,AMAZON_EU,Standardvorlage Amazon,Inactive,,
"Spigen wasserdichte Handyhülle [Aqua Shield] [2 Stick] IPX8 wasserfeste Handytasche Hülle kompatibel mit iPhone 16/15/14/13 Serien, Galaxy S25/S24/S23 und Allen Smartphones - Crystal Clear",Hochwertiges und vielseitiges Design,0510YPRTVW9,AMP03098PAN,14.99,,10/05/2021 09:59:37 MEST,,y,4,,,11.0,,,,B094JBDRKX,,,,,,8809756648588,,,,AMAZON_EU,Standardvorlage Amazon,Active,,False
Spigen Liquid Air Kompatibel mit iPhone 13 mini Hülle Handyhülle dünn silikon -Schwarz,"Entwickelt für das Rund-um Schutz des Handys, sodass alle Anschlüsse und Buttons bestens zu erreichen sind; Die Air Cushion Technologie ist in den meisten Hüllen integriert speziell für den Eckschutz; Der erhöhte Rand rund um das Display und Kamera schützt diese vor Kratzer und Brüchen",0911YNVTBU7,ACS03315PAN,15.5,,11/09/2021 03:02:48 MEST,,y,4,,,11.0,,,,B096HHNQX1,,,,,,8809811850635,,,,AMAZON_EU,Standardvorlage Amazon,Active,,False
Spigen Thin Fit Hülle Kompatibel mit iPhone 14 Pro Max -Schwarz,"Entwickelt für das Rund-um Schutz des Handys, sodass alle Anschlüsse und Buttons bestens zu erreichen sind; Die Air Cushion Technologie ist in den meisten Hüllen integriert speziell für den Eckschutz; Der erhöhte Rand rund um das Display und Kamera schützt diese vor Kratzer und Brüchen",0907ZL11YR8,ACS04766PAN,15.99,,07/09/2022 07:31:25 MEST,,y,4,,,11.0,,,,B0B1P6K7JR,,,,,,8809811862997,,,,AMAZON_EU,Standardvorlage Amazon,Inactive,,
"Spigen iPhone X Hülle, [Reventon] Variation Parent",,0411UFHMEFE,057CS22178V,,0.0,11/04/2018 11:39:14 MEST,,y,1,,,11.0,,,,B07C3TBP7G,,,,,,B07C3TBP7G,,,0.0,DEFAULT,Standardvorlage Amazon,Incomplete,,
Spigen Neo Hybrid Hülle Kompatibel mit iPhone 12 Pro und Kompatibel mit iPhone 12 -Gunmetal,"Entwickelt für das Rund-um Schutz des Handys, sodass alle Anschlüsse und Buttons bestens zu erreichen sind; Die Air Cushion Technologie ist in den meisten Hüllen integriert speziell für den Eckschutz; Der erhöhte Rand rund um das Display und Kamera schützt diese vor Kratzer und Brüchen",1013XT5RZP1,ACS01711PAN,20.99,,13/10/2020 08:15:44 MEST,,y,4,,,11.0,,,,B08BGCGZRW,,,,,,8809710756595,,,,AMAZON_EU,Standardvorlage Amazon,Active,,
"Spigen Glas.tR EZ Fit Optik Pro Kameraschutz kompatibel mit iPhone 17 Pro, iPhone 17 Pro Max, iPhone 15 Pro, iPhone 15 Pro Max, 2 Stück, Tiefblau, Individuelle Kameraprotektion, 9H Härte Folie",,1017AN5P2VS,AGL07164EUP,18.99,,17/10/2023 04:51:29 MEST,,y,4,,,11.0,,,,B0CJ5SVBKZ,,,,,,8809971220552,,,,AMAZON_EU,Standardvorlage Amazon,Active,,
